title,author,like,date,content
":boom: Dòng CK sóng đẹp - SSI, VND, VCI, VIX, SHS, CTS, AGR … AGR đang khá rẻ so với CTS- BSI, SHS theo chân VND!",HPKT85,7,2023-05-11 08:52:21,"Các anh NN lại kích hoạt con sóng CK như đợt trước nhỉ? Sau phiên 5 phiên bán ròng, khối ngoại đảo chiều mua ròng với tổng giá trị 136 tỷ đồng trên toàn thị trường."
":boom: Dòng CK sóng đẹp - SSI, VND, VCI, VIX, SHS, CTS, AGR … AGR đang khá rẻ so với CTS- BSI, SHS theo chân VND!",Analyst,1,2023-05-11 09:41:52,"BSI lên kế hoạch lợi nhuận 2023 tăng trưởng gấp 4 lần, họ cũng thường đạt kế hoạch đề ra, nên giá vùng này là tích lũy để chuẩn bị một nhip tăng mới."
":boom: Dòng CK sóng đẹp - SSI, VND, VCI, VIX, SHS, CTS, AGR … AGR đang khá rẻ so với CTS- BSI, SHS theo chân VND!",Haiduong70,1,2023-05-11 09:47:13,VND nay đứng top mua ròng của mấy a Tây lông bác
":boom: Dòng CK sóng đẹp - SSI, VND, VCI, VIX, SHS, CTS, AGR … AGR đang khá rẻ so với CTS- BSI, SHS theo chân VND!",HPKT85,1,2023-05-11 10:06:14,"Lần trước khi thị trường sập, khối ngoại hốt VND, SSI , HPG …và kéo phi ầm ầm Giờ các anh tổ chức đang trầm lắng, khối ngoại lại hốt tiếp VND, SSI … Sóng mới cho các anh ck"
":boom: Dòng CK sóng đẹp - SSI, VND, VCI, VIX, SHS, CTS, AGR … AGR đang khá rẻ so với CTS- BSI, SHS theo chân VND!",HPKT85,1,2023-05-11 10:06:40,"BSI lên kế hoạch lợi nhuận 2023 tăng trưởng gấp 4 lần, họ cũng thường đạt kế hoạch đề ra, nên giá vùng này là tích lũy để chuẩn bị một nhip tăng mới. Ngon bác"
":boom: Dòng CK sóng đẹp - SSI, VND, VCI, VIX, SHS, CTS, AGR … AGR đang khá rẻ so với CTS- BSI, SHS theo chân VND!",HPKT85,0,2023-05-11 10:47:21,"Các anh VN khoái đóng  vai buồn, ca cẩm khóc lóc để short hay sợ …kinh tế thì đời nào chẳng có rủi ro, DN cũng thế…cứ thế bọn NN mua hết rồi thành của nó, nó hưởng. Các tập đoàn lớn, quỹ đầu tư và cả các nhà đầu tư cá nhân Thái Lan đang nắm giữ hàng tỷ USD cổ phiếu Việt Nam theo những cách khác nhau."
":boom: Dòng CK sóng đẹp - SSI, VND, VCI, VIX, SHS, CTS, AGR … AGR đang khá rẻ so với CTS- BSI, SHS theo chân VND!",HPKT85,2,2023-05-11 11:22:14,"Trong dòng ck lớn có CTS cô đặc, ngon Không biết có theo chân anh BSI khg? Em này đang tích luỹ đến lúc phi cũng điên lắm"
":boom: Dòng CK sóng đẹp - SSI, VND, VCI, VIX, SHS, CTS, AGR … AGR đang khá rẻ so với CTS- BSI, SHS theo chân VND!",HPKT85,0,2023-05-11 11:28:16,"Quỹ này đang vào VND, SSI ? Quỹ China Trust Vietnam Opportunity Fund sẽ mở quỹ mới tham gia thị trường từ ngày 8/5, tổng trị giá 160 triệu USD. Đây là lần gây quỹ thứ năm cho quỹ này, nâng tổng số tiền lên tới 5 tỷ Đài tệ. China Trust Vietnam Opportunity Fund sẽ mở quỹ mới tham gia thị trường từ 8/5"
":boom: Dòng CK sóng đẹp - SSI, VND, VCI, VIX, SHS, CTS, AGR … AGR đang khá rẻ so với CTS- BSI, SHS theo chân VND!",HPKT85,0,2023-05-11 12:29:06,Hôm nay thấy NN múc nhiều VND nhất rồi đến SSI mà bác ơi?
":boom: Dòng CK sóng đẹp - SSI, VND, VCI, VIX, SHS, CTS, AGR … AGR đang khá rẻ so với CTS- BSI, SHS theo chân VND!",HPKT85,1,2023-05-11 12:41:46,"Ok, thanks bác. Trong các em ck to đang tích luỹ thì mình thấy CTS khả năng theo đuôi anh BSI nhất vì cả 2 CTS & BSI nhẹ mông nên bay dễ…hihi"
":boom: Dòng CK sóng đẹp - SSI, VND, VCI, VIX, SHS, CTS, AGR … AGR đang khá rẻ so với CTS- BSI, SHS theo chân VND!",HPKT85,0,2023-05-11 12:51:35,"Thường khi up thì up cả dòng các em chứng đầu to bác ơi CTS, BSI & FTS chung một nhóm đầu to nhẹ mông. Mới vừa rồi BSI tốc váy lên 3x luôn, em BSI up quá đẹp …hihi"
":boom: Dòng CK sóng đẹp - SSI, VND, VCI, VIX, SHS, CTS, AGR … AGR đang khá rẻ so với CTS- BSI, SHS theo chân VND!",Luot_Song_DIG,1,2023-05-11 13:05:19,Dsc có phải mã chứng khoán không nhỉ? Anh thấy con cu chỉ ngược này sắp phi thiên. Bsi cts hay fts hết vị 2 tháng tới rồi
":boom: Dòng CK sóng đẹp - SSI, VND, VCI, VIX, SHS, CTS, AGR … AGR đang khá rẻ so với CTS- BSI, SHS theo chân VND!",HPKT85,0,2023-05-11 13:11:25,"DSC cũng ck đầu to ( giá2x) Khi up thì up cả dòng bác ơi! Gần tháng 6 chốt sổ KRX rồi Các em hết vị thì thêm gia vị để có vị mới ấy mà bác. DSC , FTS, BSI  2x, CTS 1x"
":boom: Dòng CK sóng đẹp - SSI, VND, VCI, VIX, SHS, CTS, AGR … AGR đang khá rẻ so với CTS- BSI, SHS theo chân VND!",Luot_Song_DIG,1,2023-05-11 13:14:47,Fts anh ko xem. Nhưng dsc anh thấy có 4x đó. Để đây anh em kiểm chứng. Anh thì tập trung dig hơn. Xem chứng chơi chứ chắc ko vào. Tập trung trade bds. L14 200 Dig 5x Ce0 5x Trade đến đó đủ mệt rồi
":boom: Dòng CK sóng đẹp - SSI, VND, VCI, VIX, SHS, CTS, AGR … AGR đang khá rẻ so với CTS- BSI, SHS theo chân VND!",HPKT85,2,2023-05-11 13:18:29,"Ủng hộ hết. Sóng lớn cho các anh bđs có  tiền để “ tươi mát” trở lại. Con người hay DN hay đất nước cũng thế thôi, có tiền vào thì mới làm ăn kinh doanh khấm khá lên , mới đổi vận được chứ! Hihi Nếu cứ mãi nhìn đen tối thì càng ngày càng tối, càng lùi , không bao giờ phát triển, tiến lên được."
":boom: Dòng CK sóng đẹp - SSI, VND, VCI, VIX, SHS, CTS, AGR … AGR đang khá rẻ so với CTS- BSI, SHS theo chân VND!",MAKE_LOVE,1,2023-05-11 13:54:29,Em gái đánh chứng giỏi quá. Hihi
":boom: Dòng CK sóng đẹp - SSI, VND, VCI, VIX, SHS, CTS, AGR … AGR đang khá rẻ so với CTS- BSI, SHS theo chân VND!",HPKT85,1,2023-05-11 13:58:33,Cám ơn bác nhưng em chỉ la nông dân chăn chứng vịt bé tí tẹo thôi…cũng bị các anh đánh úp lật thuyền hoài nhưng may mắc chưa đi theo anh Titanic! Hic hic
":boom: Dòng CK sóng đẹp - SSI, VND, VCI, VIX, SHS, CTS, AGR … AGR đang khá rẻ so với CTS- BSI, SHS theo chân VND!",HPKT85,0,2023-05-12 01:50:00,Các em ck đầu to tích luỹ lâu nay vào sóng nhỉ! Hihi
":boom: Dòng CK sóng đẹp - SSI, VND, VCI, VIX, SHS, CTS, AGR … AGR đang khá rẻ so với CTS- BSI, SHS theo chân VND!",FLCE,2,2023-05-12 01:55:19,Còn giữ CTI kg?
":boom: Dòng CK sóng đẹp - SSI, VND, VCI, VIX, SHS, CTS, AGR … AGR đang khá rẻ so với CTS- BSI, SHS theo chân VND!",HPKT85,0,2023-05-12 02:52:24,"CTI e có tí xúi thôi, mua để theo dõi! Hihi E này em nghĩ sẽ cómojt lúc nào đó các anh cho ra trận lớn lên 2x đó"
