title,author,like,date,content
Sóng 5 lớn? vớ vẩn!,laotu,12,2022-05-18 13:38:38,"Dạo đây tin tức bắt đầu tích cực, anh em trên các room ào ào vẽ sóng 5 lớn. Thật sự, thấy rất tâm tư. Vì chỉ thấy là lùa gà thu phí, chứ chả thấy hợp lý ở đâu.  Screenshot_20220513-203544_FireAnt 2220×1080 218 KB  Thực ra, Ae chỉ cần lên wiki đọc lý thuyết sóng Elliott thôi, cũng thấy cái chart ấy sai bét tè lè nhe, chỉ giỏi lòe bàn dân thiên hạ, chứ cứ nhìn một vài điểm là thấy rõ ngay. Thứ nhất, sóng 3 luôn dài hơn sóng 1 và sóng 5, vì nó là sóng lực nhất, mạnh mẽ nhất, cốt lõi nhất. Đồng thời, sóng 2 và 4 sẽ ngắn hơn sóng 1 và 3, vì đó là sóng điều chỉnh. Ấy thế mà mấy bố vẽ chart sóng 1 từ 2016-2018, sóng 2 từ 2018-2020, sóng 3 từ 2020-2022 bằng nhau chằn chặn. Sóng điều chỉnh thì bằng sóng khởi đầu lên, sóng 3 dài nhất thì lại dài ngang sóng 1, thậm chí bằng cả sóng 2 điều chỉnh, quá nhục. Thứ hai, sóng 4 điều chỉnh không thể về vùng đỉnh của sóng 1 được, đơn giản vì đó là nguyên tắc đã được đóng dấu cộp rồi. Ơ hơ, nhưng mà hãy nhìn xem, đáy sóng 4 tụt quá cả đỉnh sóng 1 rồi, vậy là sai rồi, phân bua phân tích gì nữa. Thứ ba, sóng 2 không thoái lui vượt quá 61.8% sóng 1. Nhìn chart là đã thấy hỏng rồi. Thứ tư, vol sóng 2 thấp hơn vol sóng 1, vì nó là sóng điều chỉnh, chứ như chart là thấy vol tương đương nhau. Đây mới chỉ là những lý thuyết cơ bản được tóm tắt trên wiki mà thôi. Còn nếu phân tích kỹ thì còn thấy vô số cái sai bét nữa.  image 770×390 85.2 KB  Nhận định: TTCK VN mới qua cơn sóng 1, đang trong sóng 2. Sắp tới chuẩn bị cho sóng 3."
Sóng 5 lớn? vớ vẩn!,Oh-the-a,1,2022-05-18 14:21:03,Vậy là chuẩn bị sóng 3 (sóng lớn nhất) hả bác chủ? Sóng này lên được bao nhiêu vậy bác?
Sóng 5 lớn? vớ vẩn!,ong8,1,2022-05-18 14:26:08,"ko áp dụng cái lí thuyết đã lỗi thời này được đâu, nhất là áp dụng ở cái thị trường bài bạc như nước ta"
Sóng 5 lớn? vớ vẩn!,laotu,5,2022-05-18 14:35:58,"Theo công thức thì sóng 3 bằng 1.618 sóng 1, lên xấp xỉ khoảng 2500 điểm. Chắc chắn thời gian dài hơn sóng 1, tức là trên 2 năm. Cơ mà đáy sóng 2 vẫn chưa được xác nhận, nếu xuống thì thấp nhất vào khoảng 1008 điểm. Đợi xác nhận đáy bao nhiêu đã rồi tính."
Sóng 5 lớn? vớ vẩn!,Oh-the-a,0,2022-05-18 14:37:50,Đáy sóng 2 mà thấp hơn 1008 là tèo phải kh bác?
Sóng 5 lớn? vớ vẩn!,Tuan_Le7,4,2022-05-18 14:38:58,"Tôi dự tính thị trường uptrend trở lại phải cuối 2023 đầu 2024. Còn khoảng thời gian cuối 2022 sẽ tạo đáy, 2023 đánh biên sideway mua hỗ trợ bán kháng cự thôi. Thị trường 50k tỷ/ phiên còn chỉ lên tới 1500 điểm, giờ còn chưa tới 20k tỷ/ phiên mà nhiều người vẫn mơ sóng thần trong năm 2022, khi mà Fed vẫn đang tăng lãi suất liên tục để kiềm chế lạm phát phá đỉnh, ở trong nước thì các bank của VN đã bắn tín hiệu siết tín dụng rõ ràng rồi."
Sóng 5 lớn? vớ vẩn!,Hung_Vo_Tri,0,2022-05-18 14:40:36,lại sai bét
Sóng 5 lớn? vớ vẩn!,laotu,0,2022-05-18 14:41:13,Tôi không tin có chuyện VNI thấp hơn 1008 xảy ra. Mà nếu có chuyện đó thì múc mạnh thôi.
Sóng 5 lớn? vớ vẩn!,Oh-the-a,0,2022-05-18 14:42:35,Nhưng theo lý thuyết sóng thì sóng giảm 2 quá bao nhiêu thì kh xảy ra sóng 3 kh bác? Mình cũng nghĩ kh xuống dưới 1100 được
Sóng 5 lớn? vớ vẩn!,laotu,2,2022-05-18 15:00:54,"À, có những chỉ báo trước. Ví dụ vol sóng 2 to ngang hoặc vượt sóng 1, tức là sóng 2 không phải sóng điều chỉnh nữa rồi. Hoặc thời gian sóng 2 đi ngang hoặc vượt sóng 1, tức là toang rồi."
Sóng 5 lớn? vớ vẩn!,laotu,3,2022-05-18 15:32:59,"Hehe vol giảm là dấu hiệu tốt cho thấy sóng 2 điều chỉnh, nếu vol nó vẫn to thì mới sợ. Sóng 2 diễn tiến nhanh hơn sóng 1, nên mong là tạo đáy sớm. Còn thị trường nào thì cổ tốt vẫn bật tanh tách. Có tiền vẫn nên bơm đều đều vào tích sản dù downtrend hay uptrend mà."
Sóng 5 lớn? vớ vẩn!,Con_duong_ta_di,0,2022-05-18 15:37:58,Vẫn hy vọng đây sóng 3.
Sóng 5 lớn? vớ vẩn!,BaTrieuDo,3,2022-05-19 01:47:51,Mình lâu lắm rồi k dùng ptkt. Nhưng nay mở ra xem nếu theo đồ thị tháng thì đang ở sóng chỉnh số 2. Sóng 1 là từ 650 lên 152x Sóng 2 giảm từ 152x về 11xx Sóng 3 sẽ từ 11xx lên đâu đó phải 25xxx ====> Sóng 3 sẽ kéo dài ít nhất giờ đến hết khoảng 2023 thẩm chí sang cả 2024 nên những cú chỉnh chỉ là lấy đà bay xa hơn nữa thôi.Kkkkk
Sóng 5 lớn? vớ vẩn!,laotu,2,2022-05-19 01:50:57,Hehe mới vẽ thử mà không tưởng tượng được sóng 5 sẽ bay đến đâu.  Đếm sóng Elliott 1000×1000 160 KB 
Sóng 5 lớn? vớ vẩn!,taubien2015,0,2022-05-19 01:52:21,"vẽ đẹp thế, mình cũng nghĩ giống như a e ở đây, tt sắp vào uptrend bốc hẳn mốc 1k2 và ko bao giờ quay lại."
Sóng 5 lớn? vớ vẩn!,laotu,2,2022-05-19 02:07:00,"Đang dự là mới qua nhịp down A về mốc 1200 thôi. Vẫn còn nhịp up B lên 1400 rồi lại down C về 1000. Khi đó mới là cuối sóng 2. Nếu sóng 1 diễn ra trong khoảng 18 tháng, thì sóng 2 cũng phải trong khoảng 9-12 tháng. Vừa rồi down A 1200 rồi, dự là up B 1400 trong 3 tháng, rồi down C 1000 trong 3 tháng tiếp. Nếu diễn tiến đúng thì khi ấy tất tay thôi."
Sóng 5 lớn? vớ vẩn!,BaTrieuDo,0,2022-05-19 03:15:22,Tầm 2500 thôi. Nhưng cái mình quan tâm là cp đang cầm chứ k phải vni lên đến bao nhiêu. Có thể vni lên 1400 thôi nhưng nhiều cp đã x2-x3 rồi.Kkkkk
Sóng 5 lớn? vớ vẩn!,Oh-the-a,0,2022-05-19 03:24:10,"VN 1400 mà giá x2 x3 là không thể bác ơi, VN càng lên cao thì giá cổ càng tăng theo, chứ cổ không thể đi ngược VN được dài đâu bác, mong TT sẽ tốt dần lên"
Sóng 5 lớn? vớ vẩn!,BaTrieuDo,0,2022-05-19 03:31:27,"Rồi bạn sẽ thấy, đầy mã như thế! TT chỉ cần k rơi sâu là nó tăng ngay."
Sóng 5 lớn? vớ vẩn!,ck369,0,2022-05-19 04:15:47,chiều TÍM rồi
