title,author,like,date,content
CEO DIG: Rủi Ro và Cơ Hội,Nguoivetulongdat,19,2022-10-28 09:07:25,"Chào các bạn mình là Nguoivetulongdat đây, mình không sử dụng ptcb hay ptkt mà dùng mô hình định lượng của mình, vào chủ đề chính: Hiện hai mã này tuy đã đến vùng giá giới hạn giảm sâu dựa trên tỉ lệ cổ đông nắm dài hạn/kì vọng tài sản. Với CEO đang giá 12.7 và DIG đang giá 19.0 có vẻ là một điểm vào tốt, tuy vậy thì theo định giá dựa trên lưu động vốn của mình, hai mã này vẫn còn giảm tiếp từ đó khiến tham gia ngay mức giá này chưa phải tối ưu nhất, nếu ai chấp nhận chờ thêm hoặc biết chia vốn ra 5-7 phần mỗi mã để vào dần thì sẽ tận dụng được tốt hơn cơ hội. Cụ thể: -CEO theo dự tính còn giảm tiếp vượt dưới 10.8 từ giá này. -DIG theo dự tính còn giảm tiếp vượt dưới 17.7 từ giá này. Tức sẽ giảm thêm hơn 10% mỗi mã. Sau đó thì mới có chuyển biến dài hơi, còn sự tăng hiện thời theo mình không bền(vì từ tuần sau sẽ giảm trở lại vượt dưới hai mốc trên).   Screenshot_20221028-160551 1080×1790 179 KB    Screenshot_20221028-160605 1080×1598 171 KB "
CEO DIG: Rủi Ro và Cơ Hội,Dangphuc,3,2022-10-28 09:10:58,Cảm ơn Bác đã chia sẻ
CEO DIG: Rủi Ro và Cơ Hội,DoanDu,2,2022-10-28 09:28:52,"Cảm ơn bác, mới vào hàng hôm qua hic hic…"
CEO DIG: Rủi Ro và Cơ Hội,Nguoivetulongdat,12,2022-10-28 10:30:53,"mình cũng nghĩ ai đã mua thì nên có lập trường, không nên ra vào nếu không đáng"
CEO DIG: Rủi Ro và Cơ Hội,Nguoivetulongdat,10,2022-10-28 10:31:38,"Không sao đâu bạn à, còn thì vào thêm sau cũng được"
CEO DIG: Rủi Ro và Cơ Hội,Xalu1421,1,2022-10-28 10:44:55,Tôi đã lên tàu ceo 1/3 nav dự nếu về 10 tiêos 1/3 và về 8 thì tất tay đóng tk dc ko mon
CEO DIG: Rủi Ro và Cơ Hội,DoanDu,2,2022-10-28 10:50:14,Cảm ơn cụ chủ.
CEO DIG: Rủi Ro và Cơ Hội,Con_duong_ta_di,2,2022-10-28 10:52:09,"Phân tích thì dễ. Vì lời nói gió bay, ko phải tiền mình bỏ ra nó nhẹ lắm. Trình cao như chủ post thì đời làm 2 mã x5 từ số vốn 2 tỷ là lên 50 tỷ rồi đâu cần khó nhọc đi khua môi múa mép làm gì đúng k"
CEO DIG: Rủi Ro và Cơ Hội,Con_duong_ta_di,0,2022-10-28 10:54:18,"Ví dụ Thầy bói nếu luận được mệnh, soi được số đề thì đánh 1 số là đủ lên đại gia chứ ngồi thu tiền phí 500k 1 lượt làm gì."
CEO DIG: Rủi Ro và Cơ Hội,Nguoivetulongdat,10,2022-10-28 10:57:56,"Có lý, nhưng về giỏi thì có rất nhiều khái niệm để gọi là giỏi, ví như bối cảnh này mà có người nào đó chỉ trong 11 ngày(17/10-28/10/2022) tạo ra được hơn 50% tỉ suất sinh lời từ vốn(với mức rủi ro không bao giờ vượt 25% và cũng không dùng đòn bẩy) thì theo bạn có đủ gọi là giỏi không?"
CEO DIG: Rủi Ro và Cơ Hội,Nguyen_Manh3,0,2022-10-28 11:05:55,Giỏi thì giờ đang ngồi mà ăn chơi chứ cào phím phân tích làm mẹ gì
CEO DIG: Rủi Ro và Cơ Hội,Nguyenvi5,2,2022-10-28 11:14:01,Bác @Nguoivetulongdat xem giúp xu hướng CTG
CEO DIG: Rủi Ro và Cơ Hội,Nguoivetulongdat,8,2022-10-28 11:14:45,Giỏi thì ăn chơi suốt ngày? nếu ăn chơi suốt sao mà giỏi?
CEO DIG: Rủi Ro và Cơ Hội,Nguoivetulongdat,8,2022-10-28 11:17:44,"được, mình đang xem qua"
CEO DIG: Rủi Ro và Cơ Hội,Tuan_Minh2,1,2022-10-28 11:19:09,Xem giúp mình xu hướng lờ Quảng Ninh với.
CEO DIG: Rủi Ro và Cơ Hội,Nguoivetulongdat,7,2022-10-28 11:34:12,là mã gì bạn?
CEO DIG: Rủi Ro và Cơ Hội,tieulong,3,2022-10-28 11:39:37,"Tiếp tục đi săn cá nào. Cảnh báo rồi đấy, anh em ai nghe thì nghe, quyền ở mỗi người. Tôi tiếp tục bám sát bác @nguoivetulongdat"
CEO DIG: Rủi Ro và Cơ Hội,tranthang,2,2022-10-28 12:12:23,"đồng quan điểm , xuống và đi ngang dài thậm chí còn khó lên vì dòng tiền hiện tại ko có"
CEO DIG: Rủi Ro và Cơ Hội,Shin1990,1,2022-10-28 12:36:54,Về giá đó thì ai mua 2 năm mở ra chắc cũng x3 x4
CEO DIG: Rủi Ro và Cơ Hội,Ckviet66,1,2022-10-28 12:38:25,Đây có phải dig đâu bác?
