title,author,like,date,content
Bà Loan cho rằng giá cổ phiếu QCG phải lên 100k-200k là hoàn toàn có căn cứ,dautuchonloc198x,4,2023-06-08 12:39:13,"Dự án Bắc Phước Kiển 91.6ha năm 2017 đã được Sunny định giá gần 15k tỷ tiền đất, QCG đã đền bù giải phóng mặt bằng được 95% dự án. Đến nay giá đất khu này đã tăng gấp 3-4 lần so với năm 2017 rồi, nhân lên 3-4 lần là khủng lắm. Phước Kiển đất vàng ngay sát Phú Mỹ Hưng Quận 7, đi qua Quận 1 hoặc sang Thủ Thiêm cũng gần. Đây nè: “Bà Loan cho biết thêm trước khi đưa ra VIAC, QCG đã đề nghị trả lại toàn bộ phần vốn đầu tư của Sunny nhưng đơn vị này muốn lấy phần đất tại dự án Phước Kiển có diện tích tương ứng số tiền đã đầu tư (19% tổng diện tích). Tuy nhiên, phía QCG không đồng ý do việc chia đất sẽ ảnh hưởng đến các tiện ích có sẵn tại dự án.” =>Năm 2017, 19% tương đương 2882 tỷ Sunny đã chuyển cho QCG thì 100% dự án phải gần 15k tỷ chứ sao nữa (đấy là năm 2017 thôi chứ hiện tại giá đất khu này phải hơn thế vài lần rồi, đất đã có SỔ ĐỎ hẳn hoi).  1523611 486×1080 115 KB  (ĐTTCO) - Tại ĐHCĐ thường niên 2021 vừa được tổ chức ngày 31-12 tại TPHCM, bà Nguyễn Thị Như Loan, Tổng giám đốc CTCP Quốc Cường Gia Lai (QCG), nếu được triển khai, dự án Phước Kiển sẽ mang lại giá trị rất lớn cho QCG. Khi đó giá CP QCG có thể lên 100.000-200.000 đồng, chứ không đứng ở mức thấp như hiện tại là hơn 15.000 đồng.  z4415054654766_40ddf3559360df2678297fefc510f822 563×1218 167 KB  “ Hiện nếu Phước Kiển bán lúa non sẽ rất nhiều người mua , nhưng Công ty không nỡ vì đã đeo đuổi mười mấy năm rồi, không cần phải bán lúa non. Chưa kể, QCG cũng muốn giải quyết ổn thoả với Sunny. Đến bây giờ tôi mới thấy tôi đúng. Và QCG dám khẳng định không còn áp lực dòng tiền nữa . Sau này nếu có làm thì người vào cùng làm chứ không bán, vì đây là dự án sẽ đem lại lợi nhuận rất lớn cho Công ty”, bà Loan cho biết. Trung tâm Trọng tài Quốc tế Việt Nam buộc Sunny Island hoàn trả cho Quốc Cường Gia Lai toàn bộ hồ sơ đền bù đất, giải phóng mặt bằng mà Sunny Island nhận theo biên bản giao nhận từ năm 2017."
Bà Loan cho rằng giá cổ phiếu QCG phải lên 100k-200k là hoàn toàn có căn cứ,vuacobac110022,3,2023-06-08 12:44:39,Bà noãn nói à.kinh nhẩy .
Bà Loan cho rằng giá cổ phiếu QCG phải lên 100k-200k là hoàn toàn có căn cứ,dautuchonloc198x,1,2023-06-08 12:45:44,"Ngoài dự án Bắc Phước Kiển QCG còn tầm chục dự án lớn khác như hơn 100ha đất dự án Long Phước, Quận 9. Dự án Khu dân cư 6B Phạm Hùng, TP.HCM. Dự án Lavida, dự án Central Premium, … Đặc biệt: QCG còn dự án lấn biển Đà Nẵng, đã tìm thấy ánh sáng cuối đường hầm. Hy vọng thời gian tới sẽ trả lại những gì QCG xứng đáng có: chỗ này hiện tại định giá 1 tỷ đô, tương lai thì giá tăng không dám định. Bắc Phước Kiển: 91.6 ha, chỗ này miếng thịt to và thơm rồi QCG chắc chắn sẽ ăn được. Định giá hiện tại chỗ này khoảng 3 tỷ đô la, tương lai thì chắc chắn cao hơn."
Bà Loan cho rằng giá cổ phiếu QCG phải lên 100k-200k là hoàn toàn có căn cứ,vuacobac110022,1,2023-06-08 12:45:48, Screenshot_2023-06-08-19-45-17-235_com.android.chrome 540×1200 116 KB  Bô này to đấy
Bà Loan cho rằng giá cổ phiếu QCG phải lên 100k-200k là hoàn toàn có căn cứ,Lanphan,3,2023-06-08 12:46:05,Tin gī QC nợ như chúa chổm
Bà Loan cho rằng giá cổ phiếu QCG phải lên 100k-200k là hoàn toàn có căn cứ,vuacobac110022,2,2023-06-08 12:46:34,Lái giỏi đó.làm ăn be bét
Bà Loan cho rằng giá cổ phiếu QCG phải lên 100k-200k là hoàn toàn có căn cứ,dautuchonloc198x,3,2023-06-08 12:47:28,"QCG nợ vay tài chính phải trả lãi cực ít, nợ ít, không dính trái phiếu. Khoản phải trả cho Sunny cũng chỉ là 1400 tỷ theo đúng hợp đồng chứ không phải trả đủ 2882 tỷ đâu. “Theo hợp đồng giữa hai bên, nếu lỗi thuộc về QCG, Công ty sẽ phải trả lại toàn bộ số tiền Sunny đã đầu tư cộng thêm 50%, tương đương khoảng 4,200 tỷ đồng. Ngược lại, nếu lỗi thuộc về Sunny, đơn vị này chỉ được lấy lại 50% số tiền đã đầu tư, tương đương hơn 1,400 tỷ đồng. ”"
Bà Loan cho rằng giá cổ phiếu QCG phải lên 100k-200k là hoàn toàn có căn cứ,dautuchonloc198x,4,2023-06-08 12:57:49,"Xin lỗi chứ cách đây khoảng 10 năm cái đám DIG DXG PDR không có cửa so với QCG về mảng bất động sản. Chẳng qua QCG bị dính vụ Phước Kiển nhưng đấy THỰC RA LẠI MAY MẮN vì đất để càng lâu càng sinh lãi (bây giờ đã thắng kiện) . Tổng mức đầu tư chỉ tính riêng dự án Phước Kiển thời giá năm 2017 đã là 60k tỷ rồi. Vốn hoá QCG nếu có lên tỷ đô như bà Loan chia sẻ thì cũng hết sức bình thường. Cứ tự lấy máy tính ra mà tính 92ha đất vàng Phước Kiển đã đền bù giải phóng mặt bằng thì giá thị trường bây giờ là bao nhiêu cái chục ngàn tỷ đồng? ==> tôi không muốn nói con số cụ thể vì QUÁ KHỦNG nên sẽ bị mấy đứa thiếu hiểu biết bảo tôi lùa gà, mất công."
Bà Loan cho rằng giá cổ phiếu QCG phải lên 100k-200k là hoàn toàn có căn cứ,dautuchonloc198x,3,2023-06-08 13:10:02,"Phán quyết Trọng tài là chung thẩm, không bị kháng nghị kháng cáo, tức là không thể nào bị lật ngược lại bản án được. QCG lấy lại Phước Kiển nên nội tại khác với trước đây rất rất rất nhiều. Đừng so sánh với những con sóng tăng của QCG vớ vẩn trước đây"
Bà Loan cho rằng giá cổ phiếu QCG phải lên 100k-200k là hoàn toàn có căn cứ,dautuchonloc198x,1,2023-06-08 13:34:04,"tôi PR QCG cả làng cả nước chửi bới, chê bai vì họ không hiểu QCG thôi"
Bà Loan cho rằng giá cổ phiếu QCG phải lên 100k-200k là hoàn toàn có căn cứ,dautuchonloc198x,0,2023-06-08 13:46:25,Con VEF lúc trước cũng chưa khởi công dự án như QCG bây giờ nhưng đất đã sạch đã đền bù rồi nên giá cổ phiếu VEF cũng tăng lên hơn 100k. Vốn hoá VEF hiện tại trên sàn là gần 20k tỷ
Bà Loan cho rằng giá cổ phiếu QCG phải lên 100k-200k là hoàn toàn có căn cứ,dautuchonloc198x,2,2023-06-08 14:04:32,Đừng nhầm lẫn: Dự án Phước Kiển liên quan đến ông phó bí thư TPHCM Tất Thành Cang đã đi tù là dự án nhỏ 32ha. QCG đã trả lại dự án này và việc xét xử ông Tất Thành Cang đã xong. Không liên quan QCG nữa. Còn dự án Bắc Phước Kiển liên quan đến Sunny là dự án lớn hơn 91.6ha ==> dự án này chắc chắn của QCG miễn bàn cãi.
Bà Loan cho rằng giá cổ phiếu QCG phải lên 100k-200k là hoàn toàn có căn cứ,nguyenson56,0,2023-06-08 14:10:30,múc chơi làm cốc cf ai dè đc bữa bia kaka
Bà Loan cho rằng giá cổ phiếu QCG phải lên 100k-200k là hoàn toàn có căn cứ,dautuchonloc198x,1,2023-06-08 14:18:46,Con QCG này ông nào mua được vùng giá 5-7 đã bán hết sạch vùng giá 8-9 rồi nên hiện tại trên tàu chỉ còn những người hiểu sâu doanh nghiệp như tôi và các cổ đông dài hạn thôi
Bà Loan cho rằng giá cổ phiếu QCG phải lên 100k-200k là hoàn toàn có căn cứ,dautuchonloc198x,1,2023-06-08 14:26:00,"Con QCG cả diễn đàn ai cũng chửi, không ai có hàng mặc dù nó ngon đúng nghĩa. Đất QCG là đất sạch, đất vàng đã đền bù giải phóng mặt bằng chứ không đếm cua trong lỗ như A7 đất chưa đền bù, chưa giải phóng mặt bằng"
Bà Loan cho rằng giá cổ phiếu QCG phải lên 100k-200k là hoàn toàn có căn cứ,dautuchonloc198x,0,2023-06-08 14:45:03,QCG ông nào soi chart dễ mất hàng lắm. Bà Loan bảo giá trị thật cổ phiếu phải 100k-200k thì bèo nhất cũng phải có giá 8x vì bà Loan nói hoàn toàn có căn cứ chứ bả KHÔNG LÙA GÀ
Bà Loan cho rằng giá cổ phiếu QCG phải lên 100k-200k là hoàn toàn có căn cứ,dautuchonloc198x,0,2023-06-08 14:47:51,"Cần phải hiểu: tại sao QCG trần 10 cây liên tiếp mà cổ đông không nhả hàng trong khi mấy con tăng mạnh gần đây như GEX DIG VND thì gãy gần sàn. Vì bán GEX xong mua lại có khi 5 phút sau mua được rẻ hơn, còn hàng đang dưới sâu giá trị thật như QCG cứ hở ra là có đứa NGU NHƯ TÔI hốt ngay. Bạn đừng tưởng bạn khôn không chọn QCG thì sẽ không có những người ngu như tôi mua QCG nhé. Tôi cứ nhận ngu đi, chẳng sao cả, tôi không cần sĩ diện"
Bà Loan cho rằng giá cổ phiếu QCG phải lên 100k-200k là hoàn toàn có căn cứ,Lanphan,1,2023-06-08 15:39:29,Thích QCG thī của bác hết … sao lại dìm hàng PDR của tôi ???
Bà Loan cho rằng giá cổ phiếu QCG phải lên 100k-200k là hoàn toàn có căn cứ,Ptnngayay,1,2023-06-08 16:36:43,Thông tin của bác rất chuẩn.QCG lấy lại đất Phước kiểng thì mình tin sẽ có giá 3 chữ số.
Bà Loan cho rằng giá cổ phiếu QCG phải lên 100k-200k là hoàn toàn có căn cứ,Ngocpv,1,2023-06-08 16:42:11,"Vụ này không có ai lừa đảo ai nên cả Công an và toà án sẽ không tham gia. Hai bên thoả thuận giải quyết bằng trọng tài thương mại, hạn thi hành là 5 năm. Do vậy vẫn là tự thoả thuận với nhau thôi. Thằng Sunny trả 3000 tỷ trước, Qcg trả nốt sổ đỏ phần còn lại thì nó trả nốt tiền như hợp đồng 91ha. Hợp đồng là Qcg bán đất lấy tiền cho nên đã giao sổ đỏ cho họ. Sổ đã cầm cố ở Scb mà Scb sắp tới thế nào thì chịu. Tóm lại Qcg nhận lại sổ cũng còn khuya. Tóm lại k phải án hình sự chiếm đoạt gì của nhau nên hai bên vẫn là tự thoả thuận lấy. Hết"
