title,author,like,date,content
VNi: Đáy ngắn hạn tháng 3,Nguoivetulongdat,17,2023-03-23 16:16:55,"Ngày 14 tháng này lúc Thị Trường chưa có tính hiệu đáy thì có một bạn nhắn tin cho mình xin nhận định kèm bày tỏ cảm xúc là DJ làm bạn ấy choáng quá(vì giảm quá nhiều). Khi đó các số liệu của mô hình CKTK của mình nói DJ sắp tạo đáy và VNi cũng sẽ như vậy(khó tin với thời điểm đó khi quá nhiều tin xấu). Nhưng đến nay thì thực tế đã chứng minh nhận định này là đúng. Báo cáo USDA về sản lượng lương thực tháng 3 cho thấy cung không bị giảm quá nhiều như dự đoán(dù bị sụt mạnh sản lượng lúa mì ở Ấn, Argentina và Ukraine nhưng đã được bù lại từ sản lượng gia tăng ở Trung Quốc, Anh, Nga và Úc). Điều này giúp thị trường giá lương thực không bị đẩy lên từ đó khiến lượng “tiền trú ẩn cần thiết thực tế” thấp hơn dự đoán nhờ lạm phát yếu hơn, dẫn tới lượng tiền có thể cung ra thị trường tài sản vốn như cổ phiếu cũng dồi dào hơn, đà dồi dào này dự kiến còn kéo dài tầm 5 tuần nữa theo mô hình CKTK, điều này có nghĩa DJ và VNi sẽ còn đà tăng trong thời gian ngắn hạn tới.   Screenshot_20230323_223828_Chrome 1080×1985 205 KB    Screenshot_20230323_223215_Chrome 1080×1829 191 KB    Screenshot_20230323_223350_TradingView 1075×1911 180 KB "
VNi: Đáy ngắn hạn tháng 3,thanhlongnho,1,2023-03-24 01:50:32,sắp có 1 nhịp chỉnh sâu của vni nữa bác.
VNi: Đáy ngắn hạn tháng 3,Nguoivetulongdat,20,2023-03-24 02:24:39,"Hiện tại chưa đâu và còn tăng, khi nào sắp có mình sẽ cảnh báo giúp mọi người"
VNi: Đáy ngắn hạn tháng 3,Thu.Hang,3,2023-03-24 02:28:00,Cảm ơn các nhận định của bạn nhé
VNi: Đáy ngắn hạn tháng 3,MrGiang1980,7,2023-03-24 02:53:23,Bác chủ thớt uy tín. Một trong những người mình hay trao đổi để học thêm kiến thức. Thank Bác.
VNi: Đáy ngắn hạn tháng 3,Nguoivetulongdat,9,2023-03-24 03:47:18,cảm ơn bạn
VNi: Đáy ngắn hạn tháng 3,Nguoivetulongdat,10,2023-03-24 03:47:28,cảm ơn bạn.
VNi: Đáy ngắn hạn tháng 3,tieulong,1,2023-03-24 05:38:08,"Nghe bác vso ANV hơi sớm, giờ canh để đẩy ra cho không lõm. Bác soi con BCC giúp em nhé."
VNi: Đáy ngắn hạn tháng 3,Nguoivetulongdat,8,2023-03-24 06:08:42,sao lại đẩy ra bạn
VNi: Đáy ngắn hạn tháng 3,Nguoivetulongdat,9,2023-03-24 06:09:37,"mã Bcc sắp tăng giá thêm, lực tăng kéo hết tuần sau"
VNi: Đáy ngắn hạn tháng 3,Satthu2000,1,2023-03-24 06:11:14,"Bạn nhìn giúp mình VCG, CTS"
VNi: Đáy ngắn hạn tháng 3,Nguoivetulongdat,10,2023-03-24 06:15:24,VCG mình có chia sẻ thời điểm đáy đợt này ở pic VCG rồi. CTS sẽ điều chỉnh rồi tăng tiếp trong thời gian cuối tuần này đến hết tuần sau
VNi: Đáy ngắn hạn tháng 3,tan30660,1,2023-03-24 06:16:07,ngày 15 nó sụp thêm 3 cây nữa mà bác
VNi: Đáy ngắn hạn tháng 3,tieulong,3,2023-03-24 06:19:06,Ok bác.
VNi: Đáy ngắn hạn tháng 3,Nguoivetulongdat,11,2023-03-24 06:20:49,"đáy thấp ngày 15 là 1035 thì đáy thấp nhất sau đó cũng tới 1017 là tạo đáy rồi khoảng cách có mười mấy điểm, vậy mình nói hôm 15 là có dấu hiệu tạo đáy là đúng rồi còn gì bạn"
VNi: Đáy ngắn hạn tháng 3,Nguoivetulongdat,9,2023-03-24 06:21:43, Screenshot_20230324_131803_Chrome 1080×2400 224 KB    Screenshot_20230324_131632_Chrome 1080×2400 117 KB 
VNi: Đáy ngắn hạn tháng 3,tan30660,1,2023-03-24 06:23:22,"bác nói có nhầm không thế, ngày 15 kết phiên 1062 nó chạm trendline trên"
VNi: Đáy ngắn hạn tháng 3,muoityvnd,1,2023-03-24 06:25:36,thì là có dấu hiệu chứ có bảo 15 là đáy đâu bác :)) chủ thớt dự vùng đáy mà
VNi: Đáy ngắn hạn tháng 3,tan30660,1,2023-03-24 06:29:21,"vãi cụ, giờ đang là vùng đáy thì nay tôi nói tạo đáy cũng được à ngày 15 kết phiên 1062, ngày 20 1022, giảm 40 điểm mà đáy hôm 15:joy:"
VNi: Đáy ngắn hạn tháng 3,Nguoivetulongdat,10,2023-03-24 06:30:18,"bạn nói giá kết phiên còn mình nói là giá đáy của 15, lúc bạn kia hỏi là đang đầu ngày giao dịch nên giá VNi chưa chạm lên giá đóng mà bạn. 15 đúng là không phải ngày tạo đáy nhưng bạn hỏi có ý nói e sợ thị trường sẽ giảm sâu nên mình nói thị trường sắp tạo đáy, câu văn của mình cũng dùng từ “có dấu hiệu” chứ mình không nói đúng hôm đó là đáy luôn. Và nhìn lại hôm nay sau loạt tin xấu nhưng Vni không giảm sâu mà đã tăng lên thì nói tạo đáy đúng hay sai?   Screenshot_20230324_132741_TradingView 1080×2400 194 KB "
VNi: Đáy ngắn hạn tháng 3,Satthu2000,1,2023-03-24 06:31:58,Mình cảm ơn
VNi: Đáy ngắn hạn tháng 3,tan30660,0,2023-03-24 06:37:22,"@Tom123  @Hector2007 2  cụ vô nhìn hộ tôi cái , hôm đó có dấu hiệu tạo đáy à"
VNi: Đáy ngắn hạn tháng 3,Nguoivetulongdat,9,2023-03-24 06:39:15,"hôm đó hơn 90% thị trường k ai thấy dấu hiệu đáy, báo đài truyền thông đều nghĩ sẽ giảm sâu, ngay cả các đối tác hợp tác với mình cũng vậy"
VNi: Đáy ngắn hạn tháng 3,muoityvnd,0,2023-03-24 07:31:33,"kéo dc bn % hả bác, e thấy pic khác bác dự nó k lên cao được"
VNi: Đáy ngắn hạn tháng 3,Nguoivetulongdat,7,2023-03-24 09:08:07,"dự kiến hơn 1/5 vốn hóa, không quá nhiều"
VNi: Đáy ngắn hạn tháng 3,DinhKw,1,2023-03-28 02:08:44,"bác cho em hỏi mã DCL được không ạ, em mua vùng nó break lên mà sau nó tụt xuống k bán giờ k dám cắt ạ."
VNi: Đáy ngắn hạn tháng 3,Nguoivetulongdat,7,2023-03-28 02:18:18,"DCL không quá 2 phiên ngảy nữa sẽ bật lên một chút đó, nếu bạn muốn thoát thì có thể tận dụng lực tăng này còn nếu bạn có tầm nhìn xa hơn thì có thể giữ thêm tuỳ bạn"
VNi: Đáy ngắn hạn tháng 3,DinhKw,1,2023-03-28 02:27:17,"cảm ơn bác nhiều. tại em sợ nó thủng kênh đi lên khung tuần nên sẽ vào down trend, thêm quả break giả để trap trước đó nữa nên lại càng sợ"
VNi: Đáy ngắn hạn tháng 3,Nguoivetulongdat,9,2023-03-28 02:34:03,đó đang tăng lên 23.2 rồi
VNi: Đáy ngắn hạn tháng 3,Dang_Viet_Dung,0,2023-03-28 02:36:39,Nhờ bạn nhận định giúp đà tăng của LMH. Cảm ơn bạn!
VNi: Đáy ngắn hạn tháng 3,Nguoivetulongdat,8,2023-03-28 02:49:46,mã này còn tăng nhưng sắp có điều chỉnh chút đó anh
VNi: Đáy ngắn hạn tháng 3,Dang_Viet_Dung,1,2023-03-28 02:58:37,Cảm ơn bạn
VNi: Đáy ngắn hạn tháng 3,Nguoivetulongdat,7,2023-03-28 02:59:24,không có chi ạ
VNi: Đáy ngắn hạn tháng 3,muoityvnd,0,2023-03-28 07:01:06,đạt target thì chạy hay chỉnh mua thêm bác nhỉ
VNi: Đáy ngắn hạn tháng 3,Nguoivetulongdat,9,2023-03-28 07:11:40,đợt này đạt mục tiêu rồi thì nên chốt không nên tăng tỉ trọng đoạn đuôi nhiều dễ kẹt
VNi: Đáy ngắn hạn tháng 3,Gen-Z_Investor,0,2023-03-28 07:51:00,Bác @Nguoivetulongdat cho mình xin nhận định mã EIB với. Cảm ơn bác.
VNi: Đáy ngắn hạn tháng 3,muoityvnd,0,2023-03-29 03:58:45,"e mua từ 11.x, chưa dc bao nhiêu thì nên chạy chưa bác"
VNi: Đáy ngắn hạn tháng 3,Nguoivetulongdat,7,2023-03-29 04:03:38,mã này sẽ điều chỉnh thêm chút sau đó tăng trong tương lai ngắn hạn
VNi: Đáy ngắn hạn tháng 3,Nguoivetulongdat,9,2023-03-29 04:07:53,"tuỳ vào chiến lược của bạn dài hay ngắn và tỉ trọng bạn đầu tư, nếu chiến lược dài hơi và tỉ trọng vừa phải thì có thể giữ tiếp, không thì có thể cơ cấu chốt bớt theo mức độ vốn"
VNi: Đáy ngắn hạn tháng 3,Nguoivetulongdat,7,2023-03-29 04:28:36,đang giảm như mình dự báo   Screenshot_20230329_112519_Chrome 1080×2400 163 KB 
VNi: Đáy ngắn hạn tháng 3,Nguoivetulongdat,7,2023-03-29 04:28:36,đang giảm như mình dự báo   Screenshot_20230329_112519_Chrome 1080×2400 163 KB 
VNi: Đáy ngắn hạn tháng 3,Nguoivetulongdat,22,2023-03-30 01:31:52,"Ngày mới đã tới, chúc các bạn theo dõi topic an lành. Hôm nay sẽ là một phiên thị trường chung có chuyển động tích cực"
VNi: Đáy ngắn hạn tháng 3,muoityvnd,0,2023-03-30 08:18:57,hơi xanh vỏ đỏ lòng bác nhỉ
VNi: Đáy ngắn hạn tháng 3,Nguoivetulongdat,9,2023-03-31 04:42:03,một đợt rủ bỏ rồi tăng tiếp bạn ơi
VNi: Đáy ngắn hạn tháng 3,Nguoivetulongdat,10,2023-04-01 02:35:43,"Chào các bạn, chúc các bạn theo dõi topic này cuối tuần an lành. Mình đang rảnh nên mở thêm mục Hỏi Đáp Bất Kì Thứ Gì, bạn có thể để câu hỏi bất kì của bạn về chủ đề bất kì bên dưới nếu bạn muốn."
VNi: Đáy ngắn hạn tháng 3,Dangphuc,0,2023-04-01 03:16:40,"Bác view giúp e mã DRH và SCR, nhịp này nó tăng tiếp ko vậy?"
VNi: Đáy ngắn hạn tháng 3,Luctieuphung_868,0,2023-04-01 03:25:38,"Cụ chủ đánh giá giúp tiềm năng pc1 nhé khả năng thành siêu cổ 2023, 2024 ko nhe"
VNi: Đáy ngắn hạn tháng 3,Nguoivetulongdat,8,2023-04-01 03:44:28,hai mã này có xác suất cao là tăng tiếp
VNi: Đáy ngắn hạn tháng 3,Nguoivetulongdat,8,2023-04-01 03:47:31,"Khả năng thành siêu cổ đạt mức xác suất trung bình, dự kiến sắp có điều chỉnh mạnh ở mã này"
VNi: Đáy ngắn hạn tháng 3,Dangphuc,3,2023-04-01 03:54:30,Đợt tăng này có được bền ko Bác?
VNi: Đáy ngắn hạn tháng 3,Nguoivetulongdat,8,2023-04-01 04:15:38,đợt này sẽ tăng hơn 20% rồibcó điều chỉnh mạnh và tạo đỉnh ngắn hạn
VNi: Đáy ngắn hạn tháng 3,Dangphuc,2,2023-04-01 05:05:17,Cảm ơn Bác
VNi: Đáy ngắn hạn tháng 3,Nguoivetulongdat,8,2023-04-01 06:21:05,"không có chi, chúc bạn cuối tuần vui vẻ."
VNi: Đáy ngắn hạn tháng 3,luddum,2,2023-04-01 06:27:20,"Chào bác cuối tuần, Mình xin tham khảo nhận định của bác về 3 con HQC Dig và CEO Có thể kịp 1 cú x2 từ giá này trong năm 2023 hoặc ít nhất 50% trong quý 2 không? Thanks bác"
VNi: Đáy ngắn hạn tháng 3,Nguoivetulongdat,9,2023-04-01 06:51:44,"Chào bạn, chúc bạn cuối tuần vui vẻ. Ba mã này theo mình nhận định có khả năng x50% trong quý 2 còn khả năng x2 trong năm thì mình không chắc chắn vì sẽ có một đợt điều chỉnh mạnh trong thời gian quý 3 và quý 4"
VNi: Đáy ngắn hạn tháng 3,Luctieuphung_868,1,2023-04-01 07:12:52,20% là tính từ đáy nhịp này là 1017 phải ko bạn… chúc add cuối tuần vui vẻ
VNi: Đáy ngắn hạn tháng 3,Nguoivetulongdat,8,2023-04-01 07:16:07,"là tính từ giá hiện tại của hai mã drh và scr đó bạn, chúc bạn cuối tuần vui vẻ"
VNi: Đáy ngắn hạn tháng 3,Luctieuphung_868,1,2023-04-01 07:19:35,Bạn nhận định giúp sóng bđs kcn đợt này như idc szc hay kbc nhé. Thanks you
VNi: Đáy ngắn hạn tháng 3,Linhxinh-79,1,2023-04-01 07:53:16,Bác chủ cho e ít nhận định về con VGC với ạ.nhịp này nó có khả năng lên bao nhiêu % so với giá hiện tại ạ
VNi: Đáy ngắn hạn tháng 3,Nguoivetulongdat,8,2023-04-01 17:20:19,Theo mình nhận định dòng bds khu công nghiệp và các mã bạn liệt kê đều có xác suất tăng tiếp trong sóng này nhưng không quá 22% nữa sẽ gặp điều chỉnh
VNi: Đáy ngắn hạn tháng 3,Nguoivetulongdat,8,2023-04-01 17:20:19,Theo mình nhận định dòng bds khu công nghiệp và các mã bạn liệt kê đều có xác suất tăng tiếp trong sóng này nhưng không quá 22% nữa sẽ gặp điều chỉnh
VNi: Đáy ngắn hạn tháng 3,Nguoivetulongdat,9,2023-04-01 17:22:45,Theo mình VGC có xác suất cao là tăng thêm không quá 25% vốn hóa từ hiện giá thì có điều chỉnh
VNi: Đáy ngắn hạn tháng 3,Luctieuphung_868,2,2023-04-01 23:50:21,Thanks ban
VNi: Đáy ngắn hạn tháng 3,Linhxinh-79,1,2023-04-02 00:18:42,Theo cụ chủ thì con VGC lên k quá 25% rồi điều chỉnh ngắn hạn hay trung dài hạn vậy ạ.trong quý này nó có khả năng lên được 5x không ạ.
VNi: Đáy ngắn hạn tháng 3,Nguoivetulongdat,8,2023-04-02 05:51:11,xác suất cao là thời gian điều chỉnh sẽ tầm hơn 4 tuần
VNi: Đáy ngắn hạn tháng 3,Thich_chung_khoan,0,2023-04-02 15:58:42,chào bạn.PC1 khi nào chỉnh mạnh thế bạn ơi. Chỉnh đến giá nào a.Nghe nói bctc quý 1 có thêm doanh thu niken
VNi: Đáy ngắn hạn tháng 3,Nguoivetulongdat,9,2023-04-03 01:41:01,Hiện có xác suất cao là sẽ điều chỉnh trong thời gian 2 tuần đầu tháng 4 và mất hơn 10% đó bạn
VNi: Đáy ngắn hạn tháng 3,Thich_chung_khoan,3,2023-04-03 03:15:23,Cảm ơn bạn. Bạn rất giỏi về nhận định.
VNi: Đáy ngắn hạn tháng 3,Nguoivetulongdat,8,2023-04-03 03:35:18,"cảm ơn bạn, chúc bạn một ngày tốt lành"
VNi: Đáy ngắn hạn tháng 3,nghivyth,2,2023-04-04 02:48:35,"Xin chào, e là thành viên mới. Ad cho e xin tu vấn Dxg với Cst với ạ. E cảm ơn ạ."
VNi: Đáy ngắn hạn tháng 3,Nguoivetulongdat,10,2023-04-04 03:54:04,"Chào bạn, hai mã này xác suất cao là còn tăng thêm hơn 10% ở CST và hơn 12% ở DXG nữa thì sẽ có điều chỉnh hơn 7% mỗi mã"
VNi: Đáy ngắn hạn tháng 3,muoityvnd,1,2023-04-04 04:04:19,bác cho e hỏi mã VIP và GIL  ạ
VNi: Đáy ngắn hạn tháng 3,Nguoivetulongdat,8,2023-04-04 04:10:41,"Chào bạn, mã VIP có xác suất cao sẽ tăng thêm hơn 10% rồi điều chỉnh ngắn hạn trong thời gian 2 tuần đầu của tháng 4"
VNi: Đáy ngắn hạn tháng 3,Nguoivetulongdat,8,2023-04-04 04:11:56,Mã GIL xác suất cao còn tăng thêm hơn 7% thì có điều chỉnh ngắn hạn
VNi: Đáy ngắn hạn tháng 3,muoityvnd,1,2023-04-04 04:13:06,"dạ, e cảm ơn nhiều ạ"
VNi: Đáy ngắn hạn tháng 3,Nguoivetulongdat,8,2023-04-04 04:16:06,"không có chi, chúc bạn ngày tốt lành"
VNi: Đáy ngắn hạn tháng 3,Trangpham123456,1,2023-04-04 04:17:19,Bác cho hỏi NKG với ạ
VNi: Đáy ngắn hạn tháng 3,Nguoivetulongdat,8,2023-04-04 04:18:59,"Chào bạn, mã này dự kiến tăng hơn 11% thì sẽ có điều chỉnh ngắn hạn trong thời gian 2 tuần đầu tháng 4 này"
VNi: Đáy ngắn hạn tháng 3,Trangpham123456,3,2023-04-04 04:21:11,Dạ e cảm ơn
VNi: Đáy ngắn hạn tháng 3,Nguoivetulongdat,9,2023-04-04 04:21:42,cảm ơn bạn
VNi: Đáy ngắn hạn tháng 3,nghivyth,1,2023-04-04 04:25:05,E cảm ơn ạ
VNi: Đáy ngắn hạn tháng 3,break4511,2,2023-04-04 04:27:19,bác cho xin nhận định mã BCC nhé cảm ơn bác
VNi: Đáy ngắn hạn tháng 3,Nguoivetulongdat,7,2023-04-04 06:37:26,"không có chi, cảm ơn bạn"
VNi: Đáy ngắn hạn tháng 3,Nguoivetulongdat,8,2023-04-04 06:39:41,dạ mã BCC có xác suất cao sẽ tăng thêm hơn 7% rồi có điều chỉnh ngắn hạn đó anh
VNi: Đáy ngắn hạn tháng 3,break4511,1,2023-04-04 07:00:09,Cảm ơn em nhiều nha
VNi: Đáy ngắn hạn tháng 3,Nguoivetulongdat,7,2023-04-04 07:10:53,dạ k có chi anh
VNi: Đáy ngắn hạn tháng 3,solomong,1,2023-04-05 10:44:33,Bác xem giúp DIG nhé. tks bác
VNi: Đáy ngắn hạn tháng 3,Nguoivetulongdat,8,2023-04-05 12:11:40,"chào bạn, Dig xác suất cao là sắp tạo đỉnh ngắn hạn đó bạn"
VNi: Đáy ngắn hạn tháng 3,solomong,1,2023-04-06 06:53:58,Tầm 20 tạo đỉnh ngắn hạn chưa bác?
VNi: Đáy ngắn hạn tháng 3,Nguoivetulongdat,9,2023-04-06 07:17:09,"Chào bạn, xác suất cao là mã DIG sẽ tạo đỉnh ngắn hạn dưới giá 18.8 chứ k lên đc 20"
VNi: Đáy ngắn hạn tháng 3,Quanghung48,0,2023-04-06 08:41:46,Phiên nay DIG đã gọi là chỉnh chưa bác
VNi: Đáy ngắn hạn tháng 3,Nguoivetulongdat,9,2023-04-06 11:05:10,"Chào bạn, phiên này có thể xem là bắt đầu quá trình chỉnh"
VNi: Đáy ngắn hạn tháng 3,solomong,2,2023-04-07 08:26:54,DIG Chỉnh nhẹ xong lên 25 nhịp này được ko bác?
VNi: Đáy ngắn hạn tháng 3,Nguoivetulongdat,10,2023-04-08 11:01:42,chỉnh xong tạo đáy dài hạn thì sẽ được bạn ơi
VNi: Đáy ngắn hạn tháng 3,BrightSunshine,1,2023-04-08 14:57:53,Vni chỉnh xong chưa anh ơi? Cám ơn anh nhiều. Chúc anh cuối tuần vui vẻ.
VNi: Đáy ngắn hạn tháng 3,Nguoivetulongdat,8,2023-04-09 05:09:04,"Chào bạn, xác suất cao là chưa xong, chúc bạn cuối tuần vui vẻ"
VNi: Đáy ngắn hạn tháng 3,lelong2019,2,2023-04-09 05:12:46,NVL liệu có cửa hồi lên 2x ko bác
VNi: Đáy ngắn hạn tháng 3,Nguoivetulongdat,7,2023-04-09 07:49:02,"Chào bạn. Xác suất cao là được, sau khi tạo đáy dài hạn xong sẽ có thể vượt 2x."
VNi: Đáy ngắn hạn tháng 3,Xeko_upbo,2,2023-04-09 14:02:06,A cho e hỏi SIP lên đến bao nhiêu thì sẽ có điều chỉnh ạ.và SIP tạo đáy chưa a?
VNi: Đáy ngắn hạn tháng 3,Nguoivetulongdat,7,2023-04-10 01:10:26,"Chào bạn, xác suất cao là mã SIP đã bắt đầu điều chỉnh và chưa chỉnh xong"
VNi: Đáy ngắn hạn tháng 3,muoityvnd,1,2023-04-10 03:00:37,bác cho e xinh nhận định về mã shs ạ?
VNi: Đáy ngắn hạn tháng 3,Nguoivetulongdat,9,2023-04-10 03:17:15,"Chào bạn, mã shs xác suất cao là còn tăng thêm hơn 6% thì có điều chỉnh ngắn hạn"
VNi: Đáy ngắn hạn tháng 3,muoityvnd,1,2023-04-10 04:01:31,cảm ơn bác ạ
VNi: Đáy ngắn hạn tháng 3,Nguoivetulongdat,7,2023-04-10 04:14:50,"không có chi, cảm ơn bạn"
VNi: Đáy ngắn hạn tháng 3,Xeko_upbo,2,2023-04-10 06:07:23,A dự đoán SIP chỉnh về bao nhiêu % nữa ạ?e cám ơn a
VNi: Đáy ngắn hạn tháng 3,Nguoivetulongdat,8,2023-04-10 08:57:08,chào bạn. Xác suất cao là mã này còn chỉnh thêm hơn 7% nữa
VNi: Đáy ngắn hạn tháng 3,solomong,1,2023-04-11 09:26:05,DIG nay điều chỉnh vậy xong chưa bác?
VNi: Đáy ngắn hạn tháng 3,tieulong,4,2023-04-12 01:40:33,VNI sắp chỉnh xuống chưa bác.
VNi: Đáy ngắn hạn tháng 3,Nguoivetulongdat,7,2023-04-12 01:57:15,"chào bạn, xác suất cao là đang đến gần giai đoạn cuối của điều chỉnh ngắn hạn rồi, còn thông tin cụ thể hơn thì mình chỉ lưu hành nội bộ với đối tác thoi ạ"
VNi: Đáy ngắn hạn tháng 3,Nguoivetulongdat,7,2023-04-12 01:58:38,"chào bạn, xác suất cao là còn tăng nhẹ mới giảm"
VNi: Đáy ngắn hạn tháng 3,tieulong,1,2023-04-12 05:49:18,"vậy ạ anh, em canh giảm để vào hàng. cảm ơn anh nhé."
VNi: Đáy ngắn hạn tháng 3,Nguoivetulongdat,8,2023-04-12 05:53:57,"không có chi, cảm ơn bạn"
VNi: Đáy ngắn hạn tháng 3,TunDc,0,2023-04-12 06:26:42,Shs vẫn còn nhịp tăng nữa phải ko ạ?
VNi: Đáy ngắn hạn tháng 3,tieulong,2,2023-04-12 09:21:06,Bác cho em xin nhận định về con GAS với ạ. Cảm ơn bác.
VNi: Đáy ngắn hạn tháng 3,Nguoivetulongdat,8,2023-04-13 03:42:07,"chào bạn, mã này xác suất cao sẽ giảm thêm 5% thì có tăng nhẹ"
VNi: Đáy ngắn hạn tháng 3,tieulong,1,2023-04-13 07:11:07,Cảm ơn bác.
VNi: Đáy ngắn hạn tháng 3,Nguoivetulongdat,7,2023-04-13 07:47:10,"không có chi, cảm ơn bạn"
VNi: Đáy ngắn hạn tháng 3,muoityvnd,1,2023-04-14 07:53:40,VNi chỉnh nữa ko các bác .-.
VNi: Đáy ngắn hạn tháng 3,Dangphuc,2,2023-04-14 11:44:56,Bác Chủ Pic cho e xin nhận định về dòng cổ phiếu Chứng khoán với ạ?
VNi: Đáy ngắn hạn tháng 3,Nguoivetulongdat,8,2023-04-14 13:19:37,"Chào bạn, xác suất cao dòng này còn chỉnh thêm trong khoảng tuần nữa"
VNi: Đáy ngắn hạn tháng 3,Nguoivetulongdat,8,2023-04-14 13:19:37,"Chào bạn, xác suất cao dòng này còn chỉnh thêm trong khoảng tuần nữa"
VNi: Đáy ngắn hạn tháng 3,Nguoivetulongdat,6,2023-04-14 13:20:30,"Chào bạn, xác suất cao VNi còn chỉnh nhẹ rồi sẽ quay lại đỉnh cũ"
VNi: Đáy ngắn hạn tháng 3,Dangphuc,1,2023-04-14 13:23:01,Cảm ơn Bác chia sẻ!
VNi: Đáy ngắn hạn tháng 3,Xeko_upbo,1,2023-04-14 14:05:58,A cho e hỏi VNi đợt này chỉnh xong là tạo đáy ngắn hạn hay dài hạn ạ
VNi: Đáy ngắn hạn tháng 3,Huynh1,0,2023-04-14 15:38:50,Thôi dm ông im mẹ mồm đi  nhìn cái rsi rồi định lượng cái lol ji
VNi: Đáy ngắn hạn tháng 3,Huynh1,0,2023-04-14 15:40:17,Dm đối tác của mày là thu phí  pk
VNi: Đáy ngắn hạn tháng 3,Nguoivetulongdat,7,2023-04-14 16:01:22,"xác suất cao là đáy ngắn hạn, sau đó còn chỉnh tiếp"
VNi: Đáy ngắn hạn tháng 3,Nguoivetulongdat,6,2023-04-14 16:01:39,"k có chi, cảm ơn bạn"
VNi: Đáy ngắn hạn tháng 3,Xeko_upbo,2,2023-04-14 17:43:23,A có thể dự đoán tạo đáy dài hạn tầm tháng mấy hay quý mấy năm nay được không ạ.E cám ơn
VNi: Đáy ngắn hạn tháng 3,Nguoivetulongdat,7,2023-04-14 18:31:10,"Thông tin cụ thể hơn về đáy dài hạn thì mình không bật mí ở đây được vì lý do miễn trừ trách nhiệm, cảm ơn bạn"
VNi: Đáy ngắn hạn tháng 3,Rubybo,2,2023-04-14 19:42:24,"bác xem hộ e con AAV có tăng ko ạ,thank bác"
VNi: Đáy ngắn hạn tháng 3,Nguoivetulongdat,7,2023-04-15 00:45:42,"Chào bạn, mã này có xác suất cao sẽ giảm thêm tầm 5% rồi tạo đáy ngắn hạn."
VNi: Đáy ngắn hạn tháng 3,Nguoivetulongdat,8,2023-04-15 18:23:12,"có cách rất dễ để xác định tôi có dùng RSI hay các chỉ báo khác không là bạn hãy thử dùng và đối chiếu với những nhận định của tôi xem có dự tính được với độ chính xác như tôi không. Nếu bạn thật sự muốn chứng minh tôi dùng chỉ báo thì hãy làm như cách trên, vì như vậy mới hiệu quả chứ bạn chửi đổng thì không hiệu quả đâu."
VNi: Đáy ngắn hạn tháng 3,tieulong,2,2023-04-16 10:17:43,Mai có giảm tiếp không bác. GAS đã bắt đầu giảm như bác nhận định.
VNi: Đáy ngắn hạn tháng 3,Thu.Hang,1,2023-04-16 15:11:57,"Bạn có thể nhận xét cho mình vin tuần sau với nhé, cảm ơn bạn"
VNi: Đáy ngắn hạn tháng 3,Nguoivetulongdat,6,2023-04-17 01:03:30,"Chào bạn, xác suất cao là còn một ít sau đó mã này sẽ tạo đáy ngắn hạn trong tuần này"
VNi: Đáy ngắn hạn tháng 3,Nguoivetulongdat,7,2023-04-17 01:04:00,"chào bạn, ý bạn là Vni phải không, nếu là VNi thì xác suất cao là giảm thêm tầm không quá 3% sẽ có tăng lên nhẹ rồi mới giảm tiếp"
VNi: Đáy ngắn hạn tháng 3,Lienquanmobile,0,2023-04-17 01:40:51,"Ngày 14 nói chỉnh nhẹ rồi về đỉnh cũ, sau khi giảm phiên thứ 6 tạo đáy ngắn hạn rồi chỉnh tiếp, đến thứ 2 thì chỉnh ko quá 3% rồi hồi nhẹ rồi chỉnh tiếp. Ai thông thái đọc hộ cái xem chốt lại là tăng hay giảm ??? câu trên tát câu dưới đôm đốp"
VNi: Đáy ngắn hạn tháng 3,Nguoivetulongdat,8,2023-04-17 01:56:31,"một cái là “còn giảm rồi sẽ về đỉnh cũ” với một cái “giảm 3% rồi tăng nhẹ”, như vậy ai đọc cũng thấy cả hai vế đều chung ý là còn giảm nhưng có tăng nhẹ sau đó chứ mâu thuẫn chổ nào? sóng giảm vừa rồi vốn chỉ là sóng ngắn thì sóng tăng đối lập lên đỉnh cũ cũng sẽ ngắn, mà ngắn thì không phải tăng nhẹ thì là gì?"
VNi: Đáy ngắn hạn tháng 3,Lienquanmobile,0,2023-04-17 02:06:32,đây này đọc đi xem có tẩu hỏa nhập ma ko ? chém kiểu này kiểu gì chả đúng.
VNi: Đáy ngắn hạn tháng 3,Nguoivetulongdat,8,2023-04-17 01:56:31,"một cái là “còn giảm rồi sẽ về đỉnh cũ” với một cái “giảm 3% rồi tăng nhẹ”, như vậy ai đọc cũng thấy cả hai vế đều chung ý là còn giảm nhưng có tăng nhẹ sau đó chứ mâu thuẫn chổ nào? sóng giảm vừa rồi vốn chỉ là sóng ngắn thì sóng tăng đối lập lên đỉnh cũ cũng sẽ ngắn, mà ngắn thì không phải tăng nhẹ thì là gì?"
VNi: Đáy ngắn hạn tháng 3,Lienquanmobile,0,2023-04-17 02:06:32,đây này đọc đi xem có tẩu hỏa nhập ma ko ? chém kiểu này kiểu gì chả đúng.
VNi: Đáy ngắn hạn tháng 3,Nguoivetulongdat,5,2023-04-17 02:25:49,"bài giải đại học mà học sinh lớp 7 nhìn vào thì tẩu hỏa nhập ma là bình thường, chưa sùi bọt mép là hên rồi, với nếu em thấy khó chịu thì mời em đi nơi khác em thấy dễ chịu hơn chứ em vào em đọc say mê còn nhớ rõ ngày nào a nói câu nào làm gì hì hì, ai cũng khó chịu và làm vậy thì tự nhiên anh sẽ k xuất hiện nữa, còn hiện tại ngoài em ra vẫn đầy người cần anh nên anh chưa đi được"
VNi: Đáy ngắn hạn tháng 3,Lienquanmobile,1,2023-04-17 02:29:35, đọc chứ vui mà.
VNi: Đáy ngắn hạn tháng 3,Putaleng,0,2023-04-17 02:52:53,"mê hồn, nói trong ngắn hạn rồi thì chỉ giảm hoặc tăng thôi, giảm rồi tăng thì chịu."
VNi: Đáy ngắn hạn tháng 3,Thu.Hang,1,2023-04-17 02:57:11,Đúng rồi ạ mình cảm ơn bạn nhiều nhé
VNi: Đáy ngắn hạn tháng 3,Nguoivetulongdat,6,2023-04-17 03:01:13,"nếu tôi nói chung chung chỉ nói sẽ tăng và giảm mà k nói tăng giảm bao nhiêu thì mê hồn là đúng, đằng này tôi nói rõ dự kiến giảm thì giảm bao nhiêu phần trăm và nếu tăng thì tăng mạnh hay chỉ tăng nhẹ thì sao là mê hồn được bạn ơi"
VNi: Đáy ngắn hạn tháng 3,Nguoivetulongdat,7,2023-04-17 03:01:24,"không có chi, cảm ơn bạn"
VNi: Đáy ngắn hạn tháng 3,tieulong,1,2023-04-17 08:53:54,GAS vẫn đang giảm theo nhận định của bác. cảm ơn bác.
VNi: Đáy ngắn hạn tháng 3,Nguoivetulongdat,4,2023-04-17 09:10:46,"k có chi, cảm ơn bạn"
VNi: Đáy ngắn hạn tháng 3,Bernice,1,2023-04-17 09:16:11,"bác ơi, bác cho tui xin nhận định từ giờ đến cuối năm dòng dầu nói chung dc k ạ"
VNi: Đáy ngắn hạn tháng 3,Dangphuc,2,2023-04-17 14:21:39,Bác chủ Pic xem hôm nay đã xác nhận chỉnh xong ngắn gạn chưa ạ?
VNi: Đáy ngắn hạn tháng 3,Nguoivetulongdat,5,2023-04-17 14:53:10,"chào bạn, dòng dầu nói chung đến cuối năm có xác suất tương đối là sẽ tăng giá cao hơn mức giá hiện tại, nói xác suất tương đối bởi vì dòng này được ảnh hưởng phần lớn từ sự tác động nguồn cung của các nước xuất khẩu dầu mà các quyết định sản lượng của họ phụ thuộc vào chính trị nhiều hơn kinh tế nên mình không tính toán được."
VNi: Đáy ngắn hạn tháng 3,Nguoivetulongdat,8,2023-04-17 14:58:31,"Chào bạn, xác suất cao là thị trường chung đang tạo đáy ngắn hạn để chuẩn bị quay lại đỉnh cũ vừa rồi ở 1083(VNI)"
VNi: Đáy ngắn hạn tháng 3,Bernice,1,2023-04-17 15:21:40,trước khi tăng liệu rằng còn đợt giảm mạnh nào nữa k ạ bác?
VNi: Đáy ngắn hạn tháng 3,Nguoivetulongdat,6,2023-04-17 16:40:48,"có bạn ơi, xác suất cao là trong thời gian 3 tháng tới sẽ có một đợt giảm mạnh như đợt cuối tháng 1 vừa rồi ở thị trường chung"
VNi: Đáy ngắn hạn tháng 3,Bernice,2,2023-04-17 23:54:38,Dạ. E cảm ơn bác ạ.
VNi: Đáy ngắn hạn tháng 3,Nguoivetulongdat,5,2023-04-18 00:09:28,"k có chi, cảm ơn bạn"
VNi: Đáy ngắn hạn tháng 3,NTT1995v,1,2023-04-18 01:49:20,"Bác cho e hỏi nếu như vni tạo đáy thành công va quay len nhue bác trả lời bạn trên thỉ mình nên ưu tiên nhóm nào ạ , e thấy nhóm dtc hoá chất thuỷ sản bán lẻ đợt rồi k tăng là mấy , có nên vào nhóm chưa tăng không , mong bác chỉ giáo"
VNi: Đáy ngắn hạn tháng 3,Nguoivetulongdat,7,2023-04-18 02:09:28,"Chào bạn, Để đầu tư được theo xu hướng của thị trường chung thì bạn phải xác định được các mã sẽ di chuyển theo thị trường chung, điều này không phải thể hiện qua ngành mà qua hệ số beta, các mã nào có hệ số beta cao hơn 1.2 thì sẽ di chuyển theo thị trường, các mã nào có beta dưới 0.8 sẽ di chuyển có lúc giống lúc khác, còn các mã có hệ số này dưới 0.3 thì di chuyển khác hoàn toàn. Về cách chọn thì nên chọn thời điểm thị trường đã bắt đầu tăng mà mã nào có beta trên 1.2 nhưng vẫn chưa tăng và đang có dấu hiệu quay đầu thì vào là tốt nhất, vì nó sẽ dịch chuyển theo thị trường chung. Có nhiều mã chưa tăng theo thị trường nhưng không phải do nó tăng chậm mà do nó thực chất đi ngược thị trường, điều này thể hiện qua hệ số beta quá thấp, các mã này thì sẽ không di chuyển theo chứ không phải theo chậm nên không nên vào."
VNi: Đáy ngắn hạn tháng 3,NTT1995v,2,2023-04-18 02:14:04,Dạ e cám ơn bác chủ pic nhiều
VNi: Đáy ngắn hạn tháng 3,Nguoivetulongdat,5,2023-04-18 02:14:23,"k có chi, cảm ơn bạn"
VNi: Đáy ngắn hạn tháng 3,Dangphuc,1,2023-04-18 02:23:15,Bác Chủ cho e xin nhận định mã VRE xu hướng sắp tới với ạ!
VNi: Đáy ngắn hạn tháng 3,Nguoivetulongdat,6,2023-04-18 02:32:34,"chào bạn, mã này xác suất cao sắp tăng lên trên 30.0"
VNi: Đáy ngắn hạn tháng 3,tiendungvdsc,1,2023-04-18 02:35:02,nhiều thông tin tốt viện trợ mà vùng đỉnh cũ 1100 nghe vẻ khó chinh phục bác nhỉ
VNi: Đáy ngắn hạn tháng 3,Nguoivetulongdat,4,2023-04-18 02:42:11,"chào bạn, thị trường chung có xác suất cao sẽ quay lại và tạo đỉnh ngắn hạn gần 1100 lần nữa"
VNi: Đáy ngắn hạn tháng 3,solomong,2,2023-04-18 03:52:09,Công nhận bác chuẩn thật. DIG điều chỉnh thế này tầm giá nào vào được bác?
VNi: Đáy ngắn hạn tháng 3,Nguoivetulongdat,5,2023-04-18 04:29:53,"Cảm ơn bạn, vì vấn đề miễn trừ trách nhiệm nên mức giá mua DIG mình chỉ lưu hành với đối tác thôi ạ"
VNi: Đáy ngắn hạn tháng 3,MrGiang1980,2,2023-04-18 06:51:21,Vnindex tạo đáy thành công chưa Bác chủ thớt ?
VNi: Đáy ngắn hạn tháng 3,Nguoivetulongdat,6,2023-04-18 07:58:28,"chào bạn, xác suất cao là VNi đang trong quá trình tạo đáy ngắn hạn và gần hoàn thành rồi"
VNi: Đáy ngắn hạn tháng 3,Linhxinh-79,1,2023-04-18 08:50:26,Bác chủ cho em xin nhận định về KSB sắp tới với ạ.
VNi: Đáy ngắn hạn tháng 3,Nguoivetulongdat,6,2023-04-18 09:38:20,"Chào bạn, xác suất cao mã này sắp tăng 10% nữa từ giá này lên 28"
VNi: Đáy ngắn hạn tháng 3,Linhxinh-79,1,2023-04-18 10:23:37,cảm ơn cụ chủ nhé.
VNi: Đáy ngắn hạn tháng 3,Nguoivetulongdat,5,2023-04-18 13:43:49,"k có chi, cảm ơn bạn"
VNi: Đáy ngắn hạn tháng 3,Thao4,1,2023-04-18 14:14:03,Ad oi xin cho em tư vấn mã SAS và AGR với ạ. E cảm ơn ad ạ.
VNi: Đáy ngắn hạn tháng 3,Nguoivetulongdat,5,2023-04-18 14:42:23,"Chào bạn, mã SAS có xác suất cao sắp kết thúc sự đi ngang bằng môt cú bung mạnh trong khung thời gian ngày. Mã AGR có xác suất cao sắp tăng lên 10.5"
VNi: Đáy ngắn hạn tháng 3,Thao4,1,2023-04-18 14:59:55,Em cảm on ad nhiều ạ.
VNi: Đáy ngắn hạn tháng 3,Nguoivetulongdat,4,2023-04-18 15:05:36,"k có chi, cảm ơn bạn"
VNi: Đáy ngắn hạn tháng 3,ngunhath,1,2023-04-18 15:31:49,"Chào bạn, bạn xem giúp mình 2 con IDJ và VIP với nha ."
VNi: Đáy ngắn hạn tháng 3,RubyNguyen8483,1,2023-04-18 15:33:05,"Nhờ ad tư vấn giúp mã VND, IJC với ạ. Xin cảm ơn!"
VNi: Đáy ngắn hạn tháng 3,Nguoivetulongdat,5,2023-04-18 16:11:34,"Chào bạn, IDJ có xác suất cao sắp tăng lên 13.0 mã VIP có xác suất cao sắp tăng lên 12.9"
VNi: Đáy ngắn hạn tháng 3,Nguoivetulongdat,5,2023-04-18 16:16:57,"Chào bạn, mã VND có xác suất cao sắp quay lại giá 16.1 Mã IJC có xác suất cao sắp quay lại 14.7"
VNi: Đáy ngắn hạn tháng 3,ngunhath,1,2023-04-18 23:54:29,Cảm ơn bạn chủ nhiều nha.
VNi: Đáy ngắn hạn tháng 3,Nguoivetulongdat,4,2023-04-19 01:21:42,"k có chi, mình cảm ơn bạn"
VNi: Đáy ngắn hạn tháng 3,Xeko_upbo,1,2023-04-19 02:22:05,SIP a dự đoán có thể quay lại đỉnh cũ trước khi điều chỉnh được không ạ
VNi: Đáy ngắn hạn tháng 3,Nguoivetulongdat,4,2023-04-19 02:28:47,"Chào bạn, xác suất cao là mã này đang quay lại giá 95"
VNi: Đáy ngắn hạn tháng 3,TunDc,1,2023-04-19 02:57:07,Bác xem giúp em tng dc ko ạ.
VNi: Đáy ngắn hạn tháng 3,Dangphuc,1,2023-04-19 03:33:58,Bác cho e xin đánh giá về Hsg Nkg với ạ?
VNi: Đáy ngắn hạn tháng 3,Nguoivetulongdat,6,2023-04-19 04:17:44,"Chào bạn, xác suất cao là mã này sắp tăng lên giá 18.3"
VNi: Đáy ngắn hạn tháng 3,Nguoivetulongdat,6,2023-04-19 04:19:58,"Chào bạn, hai mã này đều có xác suất cao là đang tạo đáy ngắn hạn và sắp tăng hơn 10%"
VNi: Đáy ngắn hạn tháng 3,Dangphuc,2,2023-04-19 04:21:24,Thanks Bác chỉ Pic
VNi: Đáy ngắn hạn tháng 3,Nguoivetulongdat,5,2023-04-19 04:21:43,"k có chi, tks bạn"
VNi: Đáy ngắn hạn tháng 3,Xeko_upbo,1,2023-04-19 05:12:48,Dạ vâng.e cám ơn a ạ
VNi: Đáy ngắn hạn tháng 3,Nguoivetulongdat,4,2023-04-19 05:21:22,"cảm ơn bạn, k có chi"
VNi: Đáy ngắn hạn tháng 3,TunDc,3,2023-04-19 06:03:00,Cám ơn anh. ^_6.
VNi: Đáy ngắn hạn tháng 3,Nguoivetulongdat,4,2023-04-19 06:09:18,"k có chi, cảm ơn bạn"
VNi: Đáy ngắn hạn tháng 3,tieulong,1,2023-04-19 07:00:29,anh cho em tham khảo con CST ạ. Cảm ơn anh.
VNi: Đáy ngắn hạn tháng 3,Dangphuc,0,2023-04-19 09:27:12,"Hnay VNI chỉnh vậy có xấu, khả năng giảm sâu ko Bác ?"
VNi: Đáy ngắn hạn tháng 3,Nguoivetulongdat,5,2023-04-19 11:03:58,"Chào bạn, xác suất cao mã này còn tăng nhẹ sau đó giảm về 21"
VNi: Đáy ngắn hạn tháng 3,Nguoivetulongdat,6,2023-04-19 11:04:41,"Chào bạn, xác suất cao là sóng  giảm này không giảm sâu và sắp quay đầu rồi"
VNi: Đáy ngắn hạn tháng 3,Lienquanmobile,0,2023-04-19 12:19:50,mai 2h45 có kết quả nhé
VNi: Đáy ngắn hạn tháng 3,Dangphuc,0,2023-04-19 12:25:59,Ngắn hạn cùng lắm mất cây sàn
VNi: Đáy ngắn hạn tháng 3,tieulong,1,2023-04-19 12:37:24,"Cảm ơn bác, em vừa vào dòng vận tải xăng dầu đường biển. Hai mã VTO, VIP có khả quan không anh."
VNi: Đáy ngắn hạn tháng 3,Nguyen_Tan1,1,2023-04-19 14:24:13,các dòng khác chạy hết rồi. mai biết đâu bọn này CE hàng loạt
VNi: Đáy ngắn hạn tháng 3,Nguyen_Tan1,1,2023-04-19 14:28:16,nhóm vận tải dầu hưởng lợi. nhịp tới tăng manhh
VNi: Đáy ngắn hạn tháng 3,Nguoivetulongdat,5,2023-04-19 15:33:11,"Có khả quan bạn ơi, nhưng để chốt lời được thì phụ thuộc chiến lược của bạn có phù hợp về mặt thời gian và vốn để giữ nó hay không"
VNi: Đáy ngắn hạn tháng 3,tieulong,0,2023-04-19 17:20:04,"Cảm ơn bác đã nhận định, và động viên."
VNi: Đáy ngắn hạn tháng 3,tieulong,1,2023-04-20 02:53:39,"Đầu tháng hoan hỉ, nhờ vía bác mà mấy con vận tải dầu suýt thù CE."
VNi: Đáy ngắn hạn tháng 3,muoityvnd,1,2023-04-20 08:13:49,Cho mình hỏi mã NTL với ạ
VNi: Đáy ngắn hạn tháng 3,Nguoivetulongdat,5,2023-04-20 09:04:58,"Chào bạn, xác suất cao là mã này còn tăng và sẽ  tới giá 21.2"
VNi: Đáy ngắn hạn tháng 3,Dieppts,1,2023-04-20 11:55:22,Chúc chủ píc tháng mới sức khoẻ và may mắn! Bạn cho nhận định lpb?
VNi: Đáy ngắn hạn tháng 3,Nguoivetulongdat,5,2023-04-20 12:38:26,"Chào bạn, xác suất cao là mã này đang tạo đáy ngắn hạn và sắp tăng trên giá 14"
VNi: Đáy ngắn hạn tháng 3,newbie_congadilac,2,2023-04-20 12:44:45,Xem giúp mình Dxg Fts Cám ơn bạn.
VNi: Đáy ngắn hạn tháng 3,Nguyen_Tan1,0,2023-04-20 15:33:08,nay sàn het roi
VNi: Đáy ngắn hạn tháng 3,Nguoivetulongdat,6,2023-04-20 15:52:11,"Chào bạn, mã DXG có xác suất cao sẽ giảm thêm một ít rồi tạo đáy ngắn hạn tăng qua giá 12.9 mã FTS xác suất cao sắp có điều chỉnh một tjời gian ngắn rồi tăng tiếp qua giá hiện tại"
VNi: Đáy ngắn hạn tháng 3,newbie_congadilac,0,2023-04-20 23:05:02,Thanks b!
VNi: Đáy ngắn hạn tháng 3,tieulong,0,2023-04-21 00:45:07,mùng 1 đỏ thế lại ngon.
VNi: Đáy ngắn hạn tháng 3,muoityvnd,3,2023-04-21 03:23:39,CHo e hỏi mã STB ạ
VNi: Đáy ngắn hạn tháng 3,DinhKw,1,2023-04-21 03:25:19,"bác chủ uy tín quá. Bác cho em hỏi DCL với ạ, e bị kẹp mà chưa dám cắt"
VNi: Đáy ngắn hạn tháng 3,Nguoivetulongdat,6,2023-04-21 03:31:11,"Chào bạn, mã này xác suất cao là đang tích lũy nên bạn chưa nên cắt vội mà cần giữ theo dõi thêm các tín hiệu"
VNi: Đáy ngắn hạn tháng 3,Nguoivetulongdat,5,2023-04-21 03:31:59,"Chào bạn, mã này xác suất cao là sắp tăng qua giá 26"
VNi: Đáy ngắn hạn tháng 3,Co4la,1,2023-04-21 04:43:12,"Chào bác chủ pic chúc bác tháng mới tốt lành, bác cho em xin nhận định về DIG với ạ?"
VNi: Đáy ngắn hạn tháng 3,Nguoivetulongdat,5,2023-04-21 05:08:34,"Chào bạn, xác suất cao là mã này đang trong giai đoạn điều chỉnh ngắn hạn, khi chỉnh xong sẽ  tăng qua giá 18"
VNi: Đáy ngắn hạn tháng 3,Co4la,1,2023-04-21 06:02:09,Em cám ơn chủ PIC ạ
VNi: Đáy ngắn hạn tháng 3,Nguoivetulongdat,4,2023-04-21 06:10:04,"k có chi, cảm ơn bạn"
VNi: Đáy ngắn hạn tháng 3,MrGiang1980,2,2023-04-21 06:24:19,"Bác cho mình nhận định Szc, Bsi, Shb, Anv, Hpg với"
VNi: Đáy ngắn hạn tháng 3,Nguoivetulongdat,6,2023-04-21 06:48:23,"Chào bạn, mã SZC có xác suất cao sắp tăng lên giá 33.2 mã BSI có xác suất cao sắp chạm giá 32 mã SHB có xác suất cao sắp tạo đáy ngắn hạn mã ANV có xác suất cao đang điều chỉnh ngắn hạn sau đó tăng tiếp mã HPG có xác suất cao sắp tăng trên 21.5"
VNi: Đáy ngắn hạn tháng 3,MrGiang1980,2,2023-04-21 07:02:31,Cám ơn Bác.
VNi: Đáy ngắn hạn tháng 3,Nguoivetulongdat,6,2023-04-21 07:14:09,"k có chi, cảm ơn bạn"
VNi: Đáy ngắn hạn tháng 3,Thu.Hang,1,2023-04-21 07:15:26,Bạn cho mình hỏi dòng chứng đã tạo đáy chưa vậy
VNi: Đáy ngắn hạn tháng 3,techtic,2,2023-04-21 08:00:56,"chứng nào. Chứng nào cũng tạo đáy hồi tháng 11 rồi đấy, còn đáy ngắn hạn thì mình chịu. Mấy con BSI, FTS có chỉnh đâu mà có đáy ngắn hạn."
VNi: Đáy ngắn hạn tháng 3,HNTOAN,1,2023-04-21 10:09:24,"Bác chủ cho em hỏi, cổ phiếu Gex, gần tạo đáy chưa ah. Cảm ơn Bác"
VNi: Đáy ngắn hạn tháng 3,Nguoivetulongdat,6,2023-04-21 11:02:01,"Chào bạn, xác suất cao là dòng này tạo đáy ngắn hạn gần xong rồi"
VNi: Đáy ngắn hạn tháng 3,Nguoivetulongdat,4,2023-04-21 11:03:15,"Chào bạn, xác suất cao là mã này đang trong quá trình tạo đáy"
VNi: Đáy ngắn hạn tháng 3,Thu.Hang,1,2023-04-21 11:50:09,Cảm ơn bạn nhiều nhé
VNi: Đáy ngắn hạn tháng 3,Nguoivetulongdat,5,2023-04-21 12:11:13,"k có chi, cảm ơn bạn"
VNi: Đáy ngắn hạn tháng 3,HNTOAN,1,2023-04-21 12:13:19,Xin cảm ơn Bác
VNi: Đáy ngắn hạn tháng 3,Nguoivetulongdat,5,2023-04-21 12:13:42,"k có chi, cảm ơn bạn."
VNi: Đáy ngắn hạn tháng 3,LamVu1986,2,2023-04-21 12:17:22,Vni chỉnh xong chưa bác?
VNi: Đáy ngắn hạn tháng 3,Nguoivetulongdat,4,2023-04-21 12:38:06,"Chào bạn, xác suất cao là chưa xong, còn chỉnh thêm một ít nữa thì sẽ tạo đáy"
VNi: Đáy ngắn hạn tháng 3,Alex_vt93,2,2023-04-21 13:27:02,NVL sẽ còn giảm thêm hay thứ 2 sẽ bật tăng bác chủ thớt ơi
VNi: Đáy ngắn hạn tháng 3,Nguoivetulongdat,5,2023-04-23 06:19:28,"Chào bạn, xác suất cao là còn giảm đến gần cuối tuần sau thì có lực đẩy lên"
VNi: Đáy ngắn hạn tháng 3,muoityvnd,1,2023-04-24 06:21:32,HQC có lên dc xa nữa ko ạ
VNi: Đáy ngắn hạn tháng 3,Nguoivetulongdat,7,2023-04-24 06:47:38,"Chào bạn, về dài hạn thì xác suất cao mã này có thể tăng hơn giá hiện tại nhiều"
VNi: Đáy ngắn hạn tháng 3,NTT1995v,1,2023-04-24 11:46:50,A ơi xem dùm e con dgc nó chỉnh xong chưa ạ và có thể tăng lại không . E cám ơn a
VNi: Đáy ngắn hạn tháng 3,Nguoivetulongdat,5,2023-04-24 12:00:11,"chào bạn, mã này có xác suất cao còn giảm thêm tầm 6% thì sẽ tạo đáy ngắn hạn"
VNi: Đáy ngắn hạn tháng 3,muoityvnd,1,2023-04-24 15:16:59,SHS có tăng ko a? đi ngang nhiều nản ghê
VNi: Đáy ngắn hạn tháng 3,Nguoivetulongdat,6,2023-04-24 16:07:43,chào bạn. Xác suất cao mã này sẽ tạo đáy và đạt mức trên 11 ngàn
VNi: Đáy ngắn hạn tháng 3,Vampire_rtn,1,2023-04-25 01:25:47,Nhìn NAV hoành tráng quá bán lẻ quý tới mới là đáy hay là quý này bro nhỉ?
VNi: Đáy ngắn hạn tháng 3,muoityvnd,0,2023-04-25 02:04:30,e cảm ơn ạ
VNi: Đáy ngắn hạn tháng 3,Nguoivetulongdat,5,2023-04-25 03:03:18,"Chào bạn, xác suất cao là trong quý này tạo đáy"
VNi: Đáy ngắn hạn tháng 3,Nguoivetulongdat,4,2023-04-25 03:03:27,"k có chi, cảm ơn bạn"
VNi: Đáy ngắn hạn tháng 3,Lienquanmobile,0,2023-04-25 09:07:53,đáy chưa ???
VNi: Đáy ngắn hạn tháng 3,Thao4,1,2023-04-26 00:32:18,Ad oi xem dùm mình con DIG với IDJ với. Cảm ơn ad nhiều lắm.
VNi: Đáy ngắn hạn tháng 3,Nguoivetulongdat,4,2023-04-26 05:12:18,"Chào bạn, xác suất cao hai mã này giảm hơn 6% nữa sẽ có đáy ngắn hạn"
VNi: Đáy ngắn hạn tháng 3,Thao4,1,2023-04-26 06:09:55,Mình cảm ơn ad nhiều nha.
VNi: Đáy ngắn hạn tháng 3,Dangphuc,0,2023-04-26 08:21:22,VNI lần này xác xuất hồi lên được nhiều ko Bác?
VNi: Đáy ngắn hạn tháng 3,Nguoivetulongdat,4,2023-04-26 08:24:02,"k có chi, cảm ơn bạn"
VNi: Đáy ngắn hạn tháng 3,Nguoivetulongdat,5,2023-04-26 08:26:08,"Chào bạn, xác suất cao là có nhiều hơn sóng tăng vừa rồi"
VNi: Đáy ngắn hạn tháng 3,Xeko_upbo,1,2023-04-26 12:04:48,A nhận định giúp e mã CAP còn giảm nữa không và có vượt đỉnh cũ được không ạ
VNi: Đáy ngắn hạn tháng 3,Nguoivetulongdat,4,2023-04-26 12:10:34,"Chào bạn, xác suất cao là mã này còn giảm xuống dưới 84 mới tạo đáy"
VNi: Đáy ngắn hạn tháng 3,Gen-Z_Investor,1,2023-04-26 13:03:50,"Bác cho em xin nhận định các mã EIB, CEO, PDR, NVl sắp tới ạ"
VNi: Đáy ngắn hạn tháng 3,Nguoivetulongdat,5,2023-04-26 15:17:32,"Chào bạn, mã eib có xác suất cao sẽ tạo đáy và tăng lên 19.5 mã Ceo có xác suất cao sắp tăng lên giá 25 mã PDR có xác suất cao sắp tạo đáy và tăng lên gần giá 14 mã NVL có xác suất cao đang tạo đáy và sắp tăng qua giá 14.5"
VNi: Đáy ngắn hạn tháng 3,Naiki,2,2023-04-26 16:25:30,Anh ơi cho em hỏi về mã Gex với ạ em cảm ơn
VNi: Đáy ngắn hạn tháng 3,Quanghung48,1,2023-04-26 16:37:22,"Bác cho hỏi HAG được không, sắp tạo đáy chưa. Xin cảm ơn"
VNi: Đáy ngắn hạn tháng 3,Xeko_upbo,1,2023-04-27 00:49:32,E cám ơn a ạ
VNi: Đáy ngắn hạn tháng 3,Gen-Z_Investor,1,2023-04-27 01:21:25,Em cám ơn bác nhé.
VNi: Đáy ngắn hạn tháng 3,Nguoivetulongdat,5,2023-04-27 01:37:33,"Chào bạn, mã GEX có xác suất cao sắp tạo đáy và tăng lên trên 13.1"
VNi: Đáy ngắn hạn tháng 3,Nguoivetulongdat,5,2023-04-27 01:39:02,"Chào bạn, mã này có xác suất cao sắp tạo đáy"
VNi: Đáy ngắn hạn tháng 3,Nguoivetulongdat,4,2023-04-27 01:39:16,"k có chi, cảm ơn bạn"
VNi: Đáy ngắn hạn tháng 3,Nguoivetulongdat,4,2023-04-27 01:39:26,"k có chi, cảm ơn bạn."
VNi: Đáy ngắn hạn tháng 3,muoityvnd,1,2023-04-28 02:51:00,em xin nhận định mã GIL ạ
VNi: Đáy ngắn hạn tháng 3,Nguoivetulongdat,6,2023-04-28 02:53:17,"Chào bạn, mã này tuy đang giảm xác suất cao là sắp tạo đáy ngắn hạn và tăng lên trên giá 24"
VNi: Đáy ngắn hạn tháng 3,muoityvnd,1,2023-04-28 03:04:13,e cảm ơn
VNi: Đáy ngắn hạn tháng 3,Nguoivetulongdat,4,2023-04-28 03:11:38,"k có chi, cảm ơn bạn"
VNi: Đáy ngắn hạn tháng 3,Nguoivetulongdat,20,2023-04-28 03:15:04,"Chào các bạn, để gửi lời cảm ơn các bạn đã theo dõi mình đến topic thứ 20 này thì mình sẽ tặng các bạn điểm mua của mã L14 đón lợi nhuận trong sóng tăng sắp tới, bạn nào hữu duyên thì nhắn tin cho mình mình sẽ tặng nhé. Trước nay mình luôn chỉ cảnh báo rủi ro nên những dịp như vầy là rất hiếm đấy"
VNi: Đáy ngắn hạn tháng 3,Dangphuc,1,2023-04-28 03:30:33,E đăng ký 1 slot Bác nhé
VNi: Đáy ngắn hạn tháng 3,Nguoivetulongdat,5,2023-04-28 03:32:19,hì ok bạn ơi
VNi: Đáy ngắn hạn tháng 3,Dangphuc,0,2023-04-28 03:41:57,Thanks Bác
VNi: Đáy ngắn hạn tháng 3,Xeko_upbo,1,2023-04-28 03:43:47,A cho e đăng kí với ạ
VNi: Đáy ngắn hạn tháng 3,Xeko_upbo,1,2023-04-28 03:43:47,A cho e đăng kí với ạ
VNi: Đáy ngắn hạn tháng 3,Nguoivetulongdat,5,2023-04-28 03:49:04,"hì ok bạn, bạn nhắn cho mình nha"
VNi: Đáy ngắn hạn tháng 3,Nguoivetulongdat,6,2023-04-28 04:35:30,"Hì mình để thông tin ở đây cho các bạn tiện xem, những bạn nào vào trễ giá tăng cao hơn giá khuyến nghị nhiều rồi thì k nên mua đuổi nhé   Screenshot_20230428_105853_Chrome 1080×656 110 KB "
VNi: Đáy ngắn hạn tháng 3,luddum,2,2023-04-28 04:42:30,"Chào bác, sao lại là L14 nhỉ, sóng bđs tới con này tăng điên nhất à bác? Thanks bác, chúc bác nghỉ lễ vui!"
VNi: Đáy ngắn hạn tháng 3,Nguoivetulongdat,7,2023-04-28 04:50:34,"Hì chào bạn, mình chọn L14 không phải vì khả năng tăng mạnh nhất mà vì mã này vừa có tiềm năng tăng mạnh vừa nằm trong số các mã mình và các đối tác không mua nên mình có thể khuyến nghị, có một số mã khác tuy có xác suất cao tăng mạnh hơn L14 nhưng mình đã chọn mua nên không khuyến nghị trùng được. Cảm ơn bạn, chúc bạn dịp lễ vui vẻ."
VNi: Đáy ngắn hạn tháng 3,Duong_Can,1,2023-04-28 05:26:48,"Chào bác, bác cho em xin ít nhận định về em CII và NBB được không ạ. Thanks bác"
VNi: Đáy ngắn hạn tháng 3,Nguoivetulongdat,5,2023-04-28 05:39:41,"Chào bạn, hai mã này có xác suất cao đang tạo đáy ngắn hạn và sắp tăng hơn 7%"
VNi: Đáy ngắn hạn tháng 3,Luot_Song_DIG,2,2023-04-28 05:49:22,"có một số mã khác tuy có xác suất cao tăng mạnh hơn L14 nhưng mình đã chọn mua nên không khuyến nghị trùng được anh muốn góp ý là không nên so sanh điểm chốt lời ngắn hạn và dài hạn của 2 mã khác nhau với nhau. về dài hạn, anh chỉ thấy L14 218.000đ/1 cổ. em xem mã nào mạnh hơn thế"
VNi: Đáy ngắn hạn tháng 3,Luot_Song_DIG,2,2023-04-28 05:49:52,à mà chốt 55 lên 75 mới mua lại thì dở
VNi: Đáy ngắn hạn tháng 3,Duong_Can,1,2023-04-28 05:53:25,Cảm ơn anh ạ
VNi: Đáy ngắn hạn tháng 3,Nguoivetulongdat,4,2023-04-28 05:54:06,"k có chi, cảm ơn bạn"
VNi: Đáy ngắn hạn tháng 3,Quanghung48,1,2023-04-28 05:59:28,Mình đăng ký 1 suất nhé
VNi: Đáy ngắn hạn tháng 3,Chinhupdate,2,2023-04-28 06:00:48,"Chúc bạn ngày lễ vui vẻ, và tiếp tục có các chỉ báo tiếp tốt cho mọi người, cảm ơn chủ thớt nhiều!!"
VNi: Đáy ngắn hạn tháng 3,Nguoivetulongdat,4,2023-04-28 06:11:50,hì mình có để thông tin bên trên đó bạn
VNi: Đáy ngắn hạn tháng 3,Luot_Song_DIG,1,2023-04-28 06:12:09,tặng em 3 tim
VNi: Đáy ngắn hạn tháng 3,Nguoivetulongdat,6,2023-04-28 06:12:16,"cảm ơn bạn, chúc bạn kì nghỉ lễ vui vẻ và hạnh phúc"
VNi: Đáy ngắn hạn tháng 3,Nguoivetulongdat,5,2023-04-28 06:12:44,"dạ cảm ơn anh, chúc anh kì lễ vui vẻ hạnh phúc ạ"
VNi: Đáy ngắn hạn tháng 3,Gen-Z_Investor,1,2023-04-28 06:37:24,"Chào bác cho mình đăng kí với nhé, cám ơn bác."
VNi: Đáy ngắn hạn tháng 3,Nguoivetulongdat,7,2023-04-28 06:42:56,"chào bạn, mình để thông tin điểm vào bên trên đó bạn"
VNi: Đáy ngắn hạn tháng 3,Rubybo,0,2023-04-30 21:24:34,chào bác cho e hỏi mã AAV đã tạo đáy ngắn hạn chưa ạ
VNi: Đáy ngắn hạn tháng 3,Dung_Ma,0,2023-05-01 00:06:07,Chào bạn. Cho mình hỏi dòng chứng đã tạo đáy ngắn hạn chưa ạ?
VNi: Đáy ngắn hạn tháng 3,Nguoivetulongdat,5,2023-05-02 02:41:29,"Chào bạn, xác suất cao là rồi và mã này sắp tăng qua 4.5"
VNi: Đáy ngắn hạn tháng 3,Nguoivetulongdat,5,2023-05-02 02:42:01,"Chào bạn, xác suất cao là nhóm này đang tạo gần xong"
VNi: Đáy ngắn hạn tháng 3,Dung_Ma,0,2023-05-02 16:10:40,Cảm ơn bạn nhé.
VNi: Đáy ngắn hạn tháng 3,Nguoivetulongdat,4,2023-05-03 01:18:44,"k có chi, cảm ơn bạn"
VNi: Đáy ngắn hạn tháng 3,Dung_Ma,0,2023-05-04 22:50:08,Bạn ơi idj khỏe quá. Nó chạy một mạch ko chỉnh luôn phải ko bạn
VNi: Đáy ngắn hạn tháng 3,Luc_Binh,0,2023-05-05 01:52:27,Bác chủ cho em xin chút nhận định về VNI nói chung và VCG nói riêng trong thời gian tới với ạ!
VNi: Đáy ngắn hạn tháng 3,Nguoivetulongdat,6,2023-05-05 02:01:48,"Chào bạn, xác suất cao là mã này tăng đến 15 sẽ có lực điều chỉnh"
VNi: Đáy ngắn hạn tháng 3,Nguoivetulongdat,7,2023-05-05 02:05:47,"Chào bạn, xác suất cao là VNi đang tạo đáy ngắn hạn, mã VCG có xác suất cao sẽ giảm nhẹ tầm 3% sau đó sẽ tăng lên trên 19.7"
VNi: Đáy ngắn hạn tháng 3,Luc_Binh,0,2023-05-05 03:05:55,Cảm ơn bác nhiều!
VNi: Đáy ngắn hạn tháng 3,Nguoivetulongdat,6,2023-05-05 03:14:53,"k có chi, cảm ơn bạn"
VNi: Đáy ngắn hạn tháng 3,Xeko_upbo,2,2023-05-05 03:29:16,A cho e xin nhận định về mã EVG với ạ
VNi: Đáy ngắn hạn tháng 3,Nguoivetulongdat,5,2023-05-05 03:47:54,"Chào bạn, mã này có xác suất cao sắp tăng trên 3.45"
VNi: Đáy ngắn hạn tháng 3,Dung_Ma,0,2023-05-05 04:37:32,Cảm ơn bạn nhiều nhé. Bạn nói chuẩn quá
VNi: Đáy ngắn hạn tháng 3,tieulong,0,2023-05-05 05:27:49,"Rồi L14 về 47,9 luôn kìa bác. Con GAS bác xem hộ em ntn với ạ."
VNi: Đáy ngắn hạn tháng 3,Nguoivetulongdat,6,2023-05-05 13:20:12,"k có chi, cảm ơn bạn"
VNi: Đáy ngắn hạn tháng 3,Nguoivetulongdat,4,2023-05-05 13:20:56,"Chào bạn, mã Gas có xác suất cao đang tạo đáy ngắn hạn"
VNi: Đáy ngắn hạn tháng 3,tieulong,0,2023-05-06 02:38:19,Bác xem hộ em con DDG nhé. cảm ơn bác.
VNi: Đáy ngắn hạn tháng 3,Nguoivetulongdat,4,2023-05-06 04:35:10,"Chào bạn, xác suất cao là mã này vẫn còn giảm vào đầu tuần sau và hơn 1 tuần nữa mới chững"
VNi: Đáy ngắn hạn tháng 3,NTT1995v,2,2023-05-06 04:36:27,"A xem dùm e con dxg taget bao nhiêu a , cám ơn a nhiều"
VNi: Đáy ngắn hạn tháng 3,NTT1995v,2,2023-05-06 04:36:27,"A xem dùm e con dxg taget bao nhiêu a , cám ơn a nhiều"
VNi: Đáy ngắn hạn tháng 3,Luna_6688,4,2023-05-06 06:19:17,Bác xem hộ em điểm vào con IDJ và BCG ạ
VNi: Đáy ngắn hạn tháng 3,tieulong,2,2023-05-06 09:18:20,Cảm ơn bác. Con DDG này nó bị sao mà giảm kinh hồn thế không biết.
VNi: Đáy ngắn hạn tháng 3,Nguoivetulongdat,6,2023-05-06 11:31:51,"Chào bạn, ở mức trên 13.7, nhưng đây là thông tin có thể tạo lợi nhuận cụ thể nên mình sẽ không cung cấp ngoài đối tác được"
VNi: Đáy ngắn hạn tháng 3,NTT1995v,2,2023-05-06 12:46:12,Vâng e cám ơn a
VNi: Đáy ngắn hạn tháng 3,Nguoivetulongdat,5,2023-05-06 15:07:42,"Chào bạn, hai mã này đều có xác suất cao sắp điều chỉnh ngắn hạn nên hiện không vào được, điểm vào sẽ xuất hiện khi sóng điều chỉnh sắp tới kết thúc tầm hơn 1 tuần nữa"
VNi: Đáy ngắn hạn tháng 3,Luna_6688,1,2023-05-06 15:47:08,Cảm ơn bác
VNi: Đáy ngắn hạn tháng 3,Nguoivetulongdat,4,2023-05-07 03:19:05,"k có chi, cảm ơn bạn"
VNi: Đáy ngắn hạn tháng 3,Nguoivetulongdat,5,2023-05-07 03:19:16,k có chi. cảm ơn bạn
VNi: Đáy ngắn hạn tháng 3,Xeko_upbo,1,2023-05-08 03:52:29,A cho e xin nhận định về ASM và MBG  với ạ.e cám ơn
VNi: Đáy ngắn hạn tháng 3,Nguoivetulongdat,4,2023-05-08 04:03:09,"Chào bạn, mã Asm có xác suất cao sẽ tăng tiếp lên trên 8.8 mã MBG có xác suất cao sẽ tăng tiếp lên trên giá 5.7"
VNi: Đáy ngắn hạn tháng 3,Xeko_upbo,1,2023-05-08 04:08:36,Dạ vâng.e cám ơn ạ
VNi: Đáy ngắn hạn tháng 3,Nguoivetulongdat,4,2023-05-08 04:18:09,"k có chi, chúc e ngày tốt lành nhé"
VNi: Đáy ngắn hạn tháng 3,TunDc,0,2023-05-08 04:21:40,Phiền anh xem giúp em Las dc ko ạ.
VNi: Đáy ngắn hạn tháng 3,Nguoivetulongdat,5,2023-05-08 04:25:25,"Chào bạn, mã này xác suất cao sẽ tăng thêm qua giá 10.5 thì có điều chỉnh ngắn hạn"
VNi: Đáy ngắn hạn tháng 3,Dangphuc,1,2023-05-08 04:25:54,Bác Chủ cho e xin nhận định VNI trong ngắn hạn với ah?
VNi: Đáy ngắn hạn tháng 3,TunDc,0,2023-05-08 04:26:06,"Cám ơn anh, em cũng nghĩ sắp điều chỉnh vì nó tăng dc 1 đoạn rùi."
VNi: Đáy ngắn hạn tháng 3,muoityvnd,0,2023-05-08 04:29:03,Cho e xin nhận định về SZC ạ
VNi: Đáy ngắn hạn tháng 3,Nguoivetulongdat,5,2023-05-08 04:32:52,"Chào bạn, VNi đang tạo đáy và sắp tới tăng lên, nhưng vị trí đáy cụ thể mình chỉ cung cấp cho đối tác thôi"
VNi: Đáy ngắn hạn tháng 3,Nguoivetulongdat,7,2023-05-08 04:33:10,"ok bạn, chúc bạn ngày tốt lành"
VNi: Đáy ngắn hạn tháng 3,Nguoivetulongdat,5,2023-05-08 04:34:18,"Chào bạn, mã này xác suất cao sẽ còn tăng lên trên 34"
VNi: Đáy ngắn hạn tháng 3,Dangphuc,1,2023-05-08 04:49:45,Cảm ơn Bác
VNi: Đáy ngắn hạn tháng 3,Nguoivetulongdat,5,2023-05-08 05:18:47,"k có chi, chúc bạn ngày tốt lành"
VNi: Đáy ngắn hạn tháng 3,HNTOAN,2,2023-05-08 08:02:12,"Viết lên cảm ơn Bác, bữa trước hỏi Bác cổ phiếu Gex: Bác có rely, em mua được giá 12.65 nay em bán hết giá 14. Củng được kha khá. Chân tình cảm ơn Bác"
VNi: Đáy ngắn hạn tháng 3,Nguoivetulongdat,4,2023-05-08 08:21:50,"k có chi, cảm ơn bạn"
VNi: Đáy ngắn hạn tháng 3,Dung_Ma,3,2023-05-08 10:05:23,Bạn ơi cho mình hỏi CTS dự lên khoảng bnhiu % từ giá này thì mình chốt được ạ? Mình cảm ơn bạn nhiều
VNi: Đáy ngắn hạn tháng 3,Nguoivetulongdat,6,2023-05-08 12:20:20,"Chào bạn, mã này xác suất cao có thể chờ tăng qua 21.8 thì mới tính chốt dần"
VNi: Đáy ngắn hạn tháng 3,Dung_Ma,1,2023-05-08 12:48:43,Woao. Cảm ơn bạn nhiều lắm ạ
VNi: Đáy ngắn hạn tháng 3,Nguoivetulongdat,6,2023-05-08 13:55:35,"k có chi, cảm ơn bạn"
VNi: Đáy ngắn hạn tháng 3,LamVu1986,2,2023-05-08 14:04:16,Shs e mua giá 10 mai gia tăng thêm đc ko
VNi: Đáy ngắn hạn tháng 3,Nguoivetulongdat,6,2023-05-08 15:17:20,"Chào e, các hướng dẫn cụ thể về mua bán thì a chỉ lưu hành nội bộ thôi, về thông tin thì xác suất cao mã này còn tăng nhưng giá hiện tại hơi cao rồi"
VNi: Đáy ngắn hạn tháng 3,binhan99,1,2023-05-09 02:38:00,Chào bác. Bác cho em xin nhận định về APS
VNi: Đáy ngắn hạn tháng 3,Nguoivetulongdat,5,2023-05-09 02:51:36,"Chào bạn, mã này xác suất cao đang điều chỉnh ngắn hạn và giá sẽ còn giảm xuống dưới giá 13.9 mới có đáy"
VNi: Đáy ngắn hạn tháng 3,binhan99,0,2023-05-09 02:58:18,Cảm ơn bác
VNi: Đáy ngắn hạn tháng 3,Nguoivetulongdat,4,2023-05-09 04:40:51,"k có chi, cảm ơn bạn"
VNi: Đáy ngắn hạn tháng 3,muoityvnd,1,2023-05-10 02:48:07,L14 vol bé lắm r mà chưa có tiền vào nhỉ .-.
VNi: Đáy ngắn hạn tháng 3,Nguoivetulongdat,9,2023-05-10 03:05:49,L14 đợt sóng này nó thuộc nhóm theo sau chứ k phải dẫn dắt nên xác suất cao sẽ có tăng nhưng tăng sau các mã khác.
VNi: Đáy ngắn hạn tháng 3,muoityvnd,2,2023-05-10 03:14:59,Dạ cảm ơn a. Kiên nhẫn chờ em nó z
VNi: Đáy ngắn hạn tháng 3,muoityvnd,1,2023-05-10 04:15:05,"cho em hỏi con VC7 ạ. L14 rục rịch rồi, rớt nước mắt"
VNi: Đáy ngắn hạn tháng 3,Nguoivetulongdat,7,2023-05-10 04:19:18,Mã VC7 còn tăng nhưng xác suất cao sắp chỉnh ngắn hạn. Hì những ai mua L14 theo mình hướng dẫn hôm trước nay có lời hết rồi
VNi: Đáy ngắn hạn tháng 3,tieulong,1,2023-05-10 04:52:08,Đã phóng như bác nhận định. Bác cho em xin nhận định về con GAS
VNi: Đáy ngắn hạn tháng 3,Nguoivetulongdat,5,2023-05-10 06:05:21,"chào bạn, Mã Gas có xác suất cao sẽ  giảm không quá 7% rồi tăng lên trên giá 94.7"
VNi: Đáy ngắn hạn tháng 3,TunDc,2,2023-05-10 06:14:59,Nhờ bác xem giúp em drc dc ko ạ.
VNi: Đáy ngắn hạn tháng 3,Nguoivetulongdat,5,2023-05-10 07:02:45,"Chào bạn, mã này có xác suất cao đã tạo xong đáy ngắn hạn và sắp tăng tiếp lên trên 21.4"
VNi: Đáy ngắn hạn tháng 3,break4511,5,2023-05-10 07:30:58,Các bác mua L14 vào cảm ơn chủ top đi kìa
VNi: Đáy ngắn hạn tháng 3,muoityvnd,1,2023-05-10 07:33:13,cho em hỏi NTLxu hướng tnao ạ? thấy cả tuần nay yếu hẳn
VNi: Đáy ngắn hạn tháng 3,Nguoivetulongdat,4,2023-05-10 07:51:49,mã này có xác suất cao sắp điều chỉnh ngắn hạn xuống dưới giá 22.5 rồi mới tăng tiếp
VNi: Đáy ngắn hạn tháng 3,TunDc,1,2023-05-10 08:02:51,Em cám ơn anh.
VNi: Đáy ngắn hạn tháng 3,muoityvnd,0,2023-05-10 08:03:34,"Dạ. Mà nay cổ penny trần nhiều, liệu tt có chỉnh sâu ko ạ?"
VNi: Đáy ngắn hạn tháng 3,Nguoivetulongdat,5,2023-05-10 11:31:37,"k có chi, cảm ơn bạn"
VNi: Đáy ngắn hạn tháng 3,Nguoivetulongdat,9,2023-05-10 11:34:31,"Xác suất cao là có nhưng trước mắt thì còn tăng thêm một thời gian nữa, khi có dấu hiệu chỉnh mình sẽ cảnh báo giúp các bạn"
VNi: Đáy ngắn hạn tháng 3,tieulong,0,2023-05-10 14:23:39,Cảm ơn bác về tất cả nhận định
VNi: Đáy ngắn hạn tháng 3,Luc_Binh,2,2023-05-10 15:34:57,"Bác cho em hỏi, VCG nay đã đóng trên 19.7, liệu có tăng thêm được nữa ko bác?"
VNi: Đáy ngắn hạn tháng 3,Rubybo,0,2023-05-10 19:51:50,"Bác cho e hỏi xu hướng mã AAV ạ, e cảm ơn bác"
VNi: Đáy ngắn hạn tháng 3,PhiVu,0,2023-05-11 02:10:06,Bạn có thể cho mình xin lời khuyên về VIX và FIT
VNi: Đáy ngắn hạn tháng 3,muoityvnd,1,2023-05-11 02:50:11,cho em hỏi mã GIL đã tạo đáy xong chưa ạ
VNi: Đáy ngắn hạn tháng 3,Nguoivetulongdat,6,2023-05-11 03:53:11,"Chào bạn, xác suất cao là còn tăng thêm"
VNi: Đáy ngắn hạn tháng 3,Nguoivetulongdat,6,2023-05-11 03:53:23,"k có chi, cảm ơn bạn"
VNi: Đáy ngắn hạn tháng 3,Nguoivetulongdat,7,2023-05-11 03:54:49,"Chào bạn, mã này xác suất cao sẽ tăng thêm hơn 4% nữa thì có điều chỉnh ngắn hạn"
VNi: Đáy ngắn hạn tháng 3,Nguoivetulongdat,4,2023-05-11 03:59:43,"Chào bạn, hai mã này có xác suất cao tăng thêm hơn 3% thì có điều chỉnh ngắn hạn sau đó sẽ tiếp tục xu hướng tăng. Mình chỉ cung cấp thông tin còn các hành động mua bán cụ thể thì mình chỉ lưu hành nội bộ thôi, cảm ơn bạn."
VNi: Đáy ngắn hạn tháng 3,Nguoivetulongdat,7,2023-05-11 04:03:08,"Chào bạn, xác suất cao là rồi, tăng lên trên giá 25 sẽ có điều chỉnh"
VNi: Đáy ngắn hạn tháng 3,PhiVu,2,2023-05-11 09:23:29,Thanks bạn
VNi: Đáy ngắn hạn tháng 3,Nguoivetulongdat,6,2023-05-11 10:10:29,"k có chi, cảm ơn bạn nha"
VNi: Đáy ngắn hạn tháng 3,NhamDoanhDoanh,2,2023-05-11 11:12:31,Bác chủ dự đoán tuyệt vời đấy! Vẫn theo dõi pic của bác thường xuyên. Tks bác hỗ trợ mọi người nhé!
VNi: Đáy ngắn hạn tháng 3,Nguoivetulongdat,6,2023-05-11 12:01:22,"k có chi bạn ơi, cảm ơn bạn nhiều nha"
VNi: Đáy ngắn hạn tháng 3,Dhta,1,2023-05-11 12:14:56,Bác chủ cho e hỏi dxg tăng đến bn thì có khả năng điều chỉnh ạ?
VNi: Đáy ngắn hạn tháng 3,KienDinh111,0,2023-05-11 12:58:51,Bác chủ cho em hỏi con KSB mua tầm này được chưa?
VNi: Đáy ngắn hạn tháng 3,DinhKw,3,2023-05-11 13:31:47,bác chủ cho hỏi mã CEO và HDC với ạ. Cảm ơn bác rất nhiều vì đã đóng góp cho cộng đồng!
VNi: Đáy ngắn hạn tháng 3,Luc_Binh,1,2023-05-12 01:36:57,Cảm ơn bác! Chúc bác và ace topic ngày giao dịch thành công!
VNi: Đáy ngắn hạn tháng 3,Nguoivetulongdat,6,2023-05-12 02:35:58,"chào bạn, mã này có xác suất cao tăng lên 15.5 thì sẽ có điều chỉnh ngắn hạn"
VNi: Đáy ngắn hạn tháng 3,Nguoivetulongdat,4,2023-05-12 02:43:24,"chào bạn, các hướng dẫn cụ thể mua bán thì mình chỉ lưu hành với đối tác thôi. Về mặt thông tin thì mã này có xác suất cao còn điều chỉnh thêm tầm 2% nữa rồi mới tăng tiếp"
VNi: Đáy ngắn hạn tháng 3,NhamDoanhDoanh,1,2023-05-12 02:44:52,"@Nguoivetulongdat nhờ bác xem giúp em mã st8 với ạ, tks bác."
VNi: Đáy ngắn hạn tháng 3,Nguoivetulongdat,6,2023-05-12 03:17:52,"chào bạn, mã ceo có xác suất cao còn tăng hơn 5% nữa thì có điều chỉnh nhẹ. mã hdc có xác suất cao sắp điều chỉnh về giá 34.5. Cảm ơn bạn"
VNi: Đáy ngắn hạn tháng 3,Nguoivetulongdat,5,2023-05-12 03:18:24,"cảm ơn bạn, chúc bạn một ngày tốt lành"
VNi: Đáy ngắn hạn tháng 3,KienDinh111,0,2023-05-12 03:19:25,Cảm ơn bạn nhiều!
VNi: Đáy ngắn hạn tháng 3,Nguoivetulongdat,5,2023-05-12 03:20:31,"Chào bạn, mã này có xác suất cao còn tăng lên trên giá 20"
VNi: Đáy ngắn hạn tháng 3,Nguoivetulongdat,4,2023-05-12 03:20:49,"k có chi, cảm ơn bạn"
VNi: Đáy ngắn hạn tháng 3,NhamDoanhDoanh,1,2023-05-12 03:21:08,Cảm ơn bác chủ nhiều nha! Chúc bác một ngày giao dịch hiệu quả!
VNi: Đáy ngắn hạn tháng 3,NhamDoanhDoanh,1,2023-05-12 03:22:07,Pic hay thế này mà ít anh em để ý tới. Tôi thấy bác chủ nhận định rất sát!
VNi: Đáy ngắn hạn tháng 3,PhiVu,0,2023-05-12 03:32:22,Dig chỉnh về dưới 15 như bạn nói có lẽ khó xảy ra bạn nhỉ ? với giá DIG hiện tại thì liệu xuống bao nhiêu % để có thể mua vào lại hả bạn. Mình tráo hàng thành ra mất hàng.
VNi: Đáy ngắn hạn tháng 3,PhiVu,0,2023-05-12 03:32:22,Dig chỉnh về dưới 15 như bạn nói có lẽ khó xảy ra bạn nhỉ ? với giá DIG hiện tại thì liệu xuống bao nhiêu % để có thể mua vào lại hả bạn. Mình tráo hàng thành ra mất hàng.
VNi: Đáy ngắn hạn tháng 3,Luot_Song_DIG,0,2023-05-12 03:32:53,Mình tráo hàng thành ra mất hàng. 
VNi: Đáy ngắn hạn tháng 3,Luot_Song_DIG,0,2023-05-12 03:35:30,"có chỉnh về 15 là để xúc margin 1-9 không có thì cứ xúc đi, tham thì thâm  @Nguoivetulongdat em trai có phím con DSC không? anh thấy nó có giá 4x anh xúi con cháu mua từ đầu tuần giờ nó cứ mè nheo anh mệt quá"
VNi: Đáy ngắn hạn tháng 3,Nguoivetulongdat,7,2023-05-12 03:56:04,"k có chi, cảm ơn bạn nhiều. chúc bạn ngày làm việc hiệu quả"
VNi: Đáy ngắn hạn tháng 3,Nguoivetulongdat,7,2023-05-12 04:05:26,dạ e chưa có nói về mã đó a ơi
VNi: Đáy ngắn hạn tháng 3,NhamDoanhDoanh,1,2023-05-12 04:06:05,"Bác ngó giúp em mã dt d với ạ, tks bác nhiều"
VNi: Đáy ngắn hạn tháng 3,Luot_Song_DIG,2,2023-05-12 04:07:06,22.5 em ê… phím mình em thôi đấy
VNi: Đáy ngắn hạn tháng 3,Dhta,0,2023-05-12 04:07:20,Cảm ơn bác chủ
VNi: Đáy ngắn hạn tháng 3,NhamDoanhDoanh,1,2023-05-12 04:09:09,Sao lại 22.5? Con nào anh?
VNi: Đáy ngắn hạn tháng 3,Luot_Song_DIG,2,2023-05-12 04:11:18,DTD 22.5 nha em. chốt! sáng anh làm nửa cốc cafe hoa cả mắt
VNi: Đáy ngắn hạn tháng 3,Luot_Song_DIG,0,2023-05-12 04:40:36,"DIG liệu có về dưới 15 không không chắc chắn là có hay không, nhưng từ tháng 11 năm nay 2023 trở đi, anh em sẽ không còn thấy dig thanh niên nữa. đừng nói chi tuổi dậy thì"
VNi: Đáy ngắn hạn tháng 3,Nguoivetulongdat,4,2023-05-12 04:52:49,"mình nhớ ra rồi, bình luận đó mình viết hôm 10 tháng 4, nhận định đó là viết về tương lai sau sóng tăng này và mình vẫn giữ ý như vậy"
VNi: Đáy ngắn hạn tháng 3,Nguoivetulongdat,5,2023-05-12 06:03:35,"Chào bạn, mã này có xác suất cao sắp quay lại mức 28 sau đó bắt đầu quá trình điều chỉnh ngắn hạn xuống dưới giá 26"
VNi: Đáy ngắn hạn tháng 3,Nguoivetulongdat,7,2023-05-12 06:32:54,"hì mình k thấy phiền hà gì đâu, rất cảm ơn bạn. Chúc bạn nhiều sức khỏe và đầu tư đạt hiệu quả cao"
VNi: Đáy ngắn hạn tháng 3,tieulong,3,2023-05-15 09:13:29,"Chào bác, bác cho em xin nhận định về mã VTO, rất cảm ơn bác."
VNi: Đáy ngắn hạn tháng 3,Luna_6688,1,2023-05-15 12:38:15,Bác cho xin nhận định về HDC ạ?
VNi: Đáy ngắn hạn tháng 3,Nguoivetulongdat,6,2023-05-15 12:41:24,"chào bạn, mã này có xác suất cao sắp tăng trên 9.5"
VNi: Đáy ngắn hạn tháng 3,Nguoivetulongdat,6,2023-05-15 12:42:41,"Chào bạn, Mã này có xác suất cao sắp tạo đỉnh ngắn hạn và điều chỉnh xuống dưới giá 35"
VNi: Đáy ngắn hạn tháng 3,tieulong,1,2023-05-15 13:59:54,"cảm ơn bác, em đang ôm con LTG. Bác cho em xin nhận định ạ."
VNi: Đáy ngắn hạn tháng 3,Nguoivetulongdat,5,2023-05-15 14:14:16,"chào bạn, mã này có xác suất cao sắp tăng tiếp lên trên giá 28.5"
VNi: Đáy ngắn hạn tháng 3,tieulong,3,2023-05-15 09:13:29,"Chào bác, bác cho em xin nhận định về mã VTO, rất cảm ơn bác."
VNi: Đáy ngắn hạn tháng 3,Luna_6688,1,2023-05-15 12:38:15,Bác cho xin nhận định về HDC ạ?
VNi: Đáy ngắn hạn tháng 3,Nguoivetulongdat,6,2023-05-15 12:41:24,"chào bạn, mã này có xác suất cao sắp tăng trên 9.5"
VNi: Đáy ngắn hạn tháng 3,Nguoivetulongdat,6,2023-05-15 12:42:41,"Chào bạn, Mã này có xác suất cao sắp tạo đỉnh ngắn hạn và điều chỉnh xuống dưới giá 35"
VNi: Đáy ngắn hạn tháng 3,tieulong,1,2023-05-15 13:59:54,"cảm ơn bác, em đang ôm con LTG. Bác cho em xin nhận định ạ."
VNi: Đáy ngắn hạn tháng 3,Nguoivetulongdat,5,2023-05-15 14:14:16,"chào bạn, mã này có xác suất cao sắp tăng tiếp lên trên giá 28.5"
VNi: Đáy ngắn hạn tháng 3,Luna_6688,4,2023-05-15 14:14:25,Cụ thể là khoảng mấy phiên nữa sẽ chỉnh vậy bác?
VNi: Đáy ngắn hạn tháng 3,Nguoivetulongdat,6,2023-05-15 14:18:09,xác suất cao là trong tầm k quá 4 phiên nữa bạn ơi
VNi: Đáy ngắn hạn tháng 3,Luna_6688,1,2023-05-15 14:19:15,"Cảm ơn bác, hnay em vừa vào thì TT đỏ nên sợ ko kịp T+ ạ"
VNi: Đáy ngắn hạn tháng 3,kalo,0,2023-05-15 14:19:31,Cụ chủ tính xem dùm vni có tets lại 1085 không ạ.hay là nó đã bắt đầu vào pha chỉnh rồi cụ.
VNi: Đáy ngắn hạn tháng 3,Nguoivetulongdat,5,2023-05-15 14:23:54,"à vào lúc này hơi rủi ro bạn ạ, nhưng nếu biết cách xử lý thì vẫn có thể giữ lợi nhuận được"
VNi: Đáy ngắn hạn tháng 3,Nguoivetulongdat,8,2023-05-15 14:25:48,"Chào bạn, xác suất cao là thị trường chung sẽ có lực hồi lên lại"
VNi: Đáy ngắn hạn tháng 3,tieulong,1,2023-05-15 16:42:01,cản ơn bác
VNi: Đáy ngắn hạn tháng 3,Nguoivetulongdat,4,2023-05-16 01:04:03,"k có chi, cảm ơn bạn nhiều"
VNi: Đáy ngắn hạn tháng 3,DinhKw,1,2023-05-16 02:02:38,"bác chủ cho em hỏi DCL với ạ, giai đoạn này em có nên hold tiếp hay bán đi mua mã khác ạ. Em cảm ơn"
VNi: Đáy ngắn hạn tháng 3,Dangphuc,1,2023-05-16 02:42:19,Bác Chủ cho nhận định L14 trog ngắn hạn với ạ?
VNi: Đáy ngắn hạn tháng 3,HNTOAN,1,2023-05-16 03:23:39,"Bác chủ cho em hỏi, mã cổ phiếu VRE đã tao đáy xong chưa ah. Cảm ơn Bác nhiều ah"
VNi: Đáy ngắn hạn tháng 3,Xeko_upbo,1,2023-05-16 04:00:35,Anh nhận định mã ASM sắp tới có điều chỉnh chưa ạ?
VNi: Đáy ngắn hạn tháng 3,Nguoivetulongdat,5,2023-05-16 04:05:12,"Chào bạn, các hướng dẫn mua bán thì mình chỉ lưu hành với đối tác thôi. Về thông tin thì xác suất cao mã này sẽ còn điều chỉnh thêm ngắn hạn từ giá này"
VNi: Đáy ngắn hạn tháng 3,Nguoivetulongdat,6,2023-05-16 04:07:49,"Chào bạn, về mã này mình đã cung cấp điểm vào và điểm thoát bên trên bạn xem lại nhé. tốt nhất là chia vốn ra từ 4 phần để thoát theo giá mình hướng dẫn"
VNi: Đáy ngắn hạn tháng 3,Nguoivetulongdat,4,2023-05-16 04:09:22,"Chào bạn, mã này xác suất cao đã tạo đáy ngắn hạn gần xong và sắp tăng trên 28.6"
VNi: Đáy ngắn hạn tháng 3,Nguoivetulongdat,4,2023-05-16 04:10:30,"Chào ban, mã này có xác suất cao đã bắt đầu quá trình điều chỉnh và sắp giảm dưới giá 9."
VNi: Đáy ngắn hạn tháng 3,Xeko_upbo,0,2023-05-16 06:15:06,Vâng.e cám ơn a
VNi: Đáy ngắn hạn tháng 3,TunDc,1,2023-05-16 06:18:04,Anh xem giúp em hbc dc ko ạ.
VNi: Đáy ngắn hạn tháng 3,Nguoivetulongdat,4,2023-05-16 06:20:54,k có chi bạn
VNi: Đáy ngắn hạn tháng 3,Nguoivetulongdat,4,2023-05-16 06:22:24,"Chào bạn, xác suất cao mã này vẫn còn lực tăng hơn 5% sau đó sẽ tạo đỉnh ngắn hạn"
VNi: Đáy ngắn hạn tháng 3,HNTOAN,1,2023-05-16 08:48:44,Xin đa tạ Bác
VNi: Đáy ngắn hạn tháng 3,Nguoivetulongdat,4,2023-05-16 11:13:05,"k có chi, cảm ơn bạn"
VNi: Đáy ngắn hạn tháng 3,Luna_6688,1,2023-05-16 12:18:08,Mã DIG còn chỉnh không bác?
VNi: Đáy ngắn hạn tháng 3,Nguoivetulongdat,8,2023-05-17 02:33:24,"chào bạn, xác suất cao là còn tăng thêm từ giá này tầm không quá 1.5 tuần nữa thì sẽ có điều chỉnh ngắn hạn."
VNi: Đáy ngắn hạn tháng 3,Caichua,0,2023-05-17 06:22:40,Bác xem giúp mà Ceo còn lên ko ạ ?
VNi: Đáy ngắn hạn tháng 3,Caichua,2,2023-05-17 06:34:25,Bác xem giúp mã Ceo còn lên được ko ạ ?
VNi: Đáy ngắn hạn tháng 3,Nguoivetulongdat,5,2023-05-17 08:17:42,"Chào bạn, về dài hạn còn tăng nhưng trước mắt mã ceo có xác suất cao sẽ tạo đỉnh ngắn hạn và điều chỉnh thêm"
VNi: Đáy ngắn hạn tháng 3,Caichua,1,2023-05-17 08:27:35,Vâng cảm ơn bác ạ .
VNi: Đáy ngắn hạn tháng 3,Nguoivetulongdat,5,2023-05-17 08:58:06,"k có chi, cảm ơn bạn"
VNi: Đáy ngắn hạn tháng 3,Dung_Ma,1,2023-05-17 09:10:03,Bạn ơi cho mình hỏi về vận động của CTS và dòng chứng nói chung với ạ.
VNi: Đáy ngắn hạn tháng 3,Nguoivetulongdat,5,2023-05-17 09:30:22,"Chào bạn, cts có xác suất cao sẽ tăng lên gần 17.6 sau đó giảm tiếp xuống dưới 16.6. Dòng chứng nói chung sẽ vào giai đoạn tạo đỉnh"
VNi: Đáy ngắn hạn tháng 3,Dung_Ma,1,2023-05-17 12:51:04,Cảm ơn bạn ạ. Cho mình hỏi thêm nữa là CTS chỉnh chừng bao nhiêu % thì mình vào hàng dần được bạn nhỉ
VNi: Đáy ngắn hạn tháng 3,NTT1995v,2,2023-05-17 13:39:57,"A cho e hỏi con shs của e có thể lên 11 lại không, e đang bị kẹt 11.2"
VNi: Đáy ngắn hạn tháng 3,Nguoivetulongdat,6,2023-05-17 13:40:23,"Cảm ơn bạn đã gửi câu hỏi, nhưng các hướng dẫn mua bán cụ thể thì mình chỉ lưu hành với đối tác thôi, tks bạn"
VNi: Đáy ngắn hạn tháng 3,Nguoivetulongdat,4,2023-05-17 13:43:02,"chào bạn, có xác suất cao sẽ tăng lại trên 11.0 một đoạn ngắn, sau đó sẽ rớt tiếp"
VNi: Đáy ngắn hạn tháng 3,NTT1995v,1,2023-05-17 13:43:45,Dạ vâng e cám ơn bác chủ pic
VNi: Đáy ngắn hạn tháng 3,Nguoivetulongdat,5,2023-05-17 13:44:25,"k có chi, chúc bạn buổi tối an lành"
VNi: Đáy ngắn hạn tháng 3,dathq,1,2023-05-17 15:12:53,"Cho mình hỏi con IDI chiều giữ, tks"
VNi: Đáy ngắn hạn tháng 3,Nguoivetulongdat,6,2023-05-17 15:46:13,"Chào bạn, mã idi có xác suất cao sắp tăng tầm trên 11.8 rồi tạo đỉnh ngắn hạn"
VNi: Đáy ngắn hạn tháng 3,David-tom,1,2023-05-17 16:43:52,Bác xem giúp mã nvl ngắn hạn với.e cảm ơn
VNi: Đáy ngắn hạn tháng 3,Rubybo,1,2023-05-17 18:06:31,"Bác xem giúp e mã AAV có lên dc giá 6 ko ạ,e cảm ơn"
VNi: Đáy ngắn hạn tháng 3,Nguoivetulongdat,5,2023-05-18 01:27:34,"Chào bạn, trong ngắn hạn thì mã này có xác suất cao hồi nhẹ lên trên 13.6 rồi giảm tiếp"
VNi: Đáy ngắn hạn tháng 3,Nguoivetulongdat,6,2023-05-18 01:28:49,"Chào bạn, về dài hạn xác suất cao có tăng trên giá 6"
VNi: Đáy ngắn hạn tháng 3,dathq,2,2023-05-18 02:16:42,"Cảm ơn bạn, đỉnh có thể xoay quanh vùng giá nào ko bạn, tks"
VNi: Đáy ngắn hạn tháng 3,tieulong,1,2023-05-18 02:29:33,Bác cho em nhận định về mã GEX ạ. Cảm ơn bác.
VNi: Đáy ngắn hạn tháng 3,Nguoivetulongdat,4,2023-05-18 04:26:53,xác suất cao là gần 11.8 đó bạn
VNi: Đáy ngắn hạn tháng 3,Nguoivetulongdat,6,2023-05-18 04:28:13,"Chào bạn, mã này có xác suất cao sẽ tăng ngắn hạn lên trên giá 14.3 rồi giảm tiếp"
VNi: Đáy ngắn hạn tháng 3,tieulong,1,2023-05-18 05:01:56,cảm ơn bác.
VNi: Đáy ngắn hạn tháng 3,muoityvnd,1,2023-05-19 02:23:19,"tự dưng L14 tin xấu ra, giá giảm quá -.-"
VNi: Đáy ngắn hạn tháng 3,Nguoivetulongdat,5,2023-05-19 03:53:44,"k có chi,cảm ơn bạn"
VNi: Đáy ngắn hạn tháng 3,Rubybo,1,2023-05-19 05:45:56,cảm ơn bác ạ
VNi: Đáy ngắn hạn tháng 3,TyKun,2,2023-05-19 06:08:51,"Hôm nay VND kéo quá, mình nhắm đi xa được không bạn"
VNi: Đáy ngắn hạn tháng 3,Nguoivetulongdat,4,2023-05-20 00:35:14,"Chào bạn, mã VND có xác suất cao lên tầm 16.5 sẽ có điều chỉnh giảm ngắn hạn đó bạn"
VNi: Đáy ngắn hạn tháng 3,Nguoivetulongdat,4,2023-05-20 00:35:36,"k có chi, chúc bạn cuối tuần vui vẻ"
VNi: Đáy ngắn hạn tháng 3,KienDinh111,1,2023-05-20 02:15:22,Bác chủ có nhận định mới gì về L14 không? Giá giảm mạnh và nhanh quá. Cảm ơn bác chủ nhiều!
VNi: Đáy ngắn hạn tháng 3,Nguoivetulongdat,8,2023-05-20 11:40:34,"Chào bạn, có xác suất cao sẽ có hồi lên lại trên 51 sau đó sẽ có điều chỉnh mạnh hơn tạo đáy sâu hơn"
VNi: Đáy ngắn hạn tháng 3,KienDinh111,1,2023-05-21 03:51:13,Cảm ơn bác nhiều!
VNi: Đáy ngắn hạn tháng 3,Nguoivetulongdat,5,2023-05-21 04:02:43,"k có chi, cảm ơn bạn"
VNi: Đáy ngắn hạn tháng 3,tieulong,1,2023-05-21 08:27:17,Bác cho em xin nhận định về mã GAS. Cảm ơn bác.
VNi: Đáy ngắn hạn tháng 3,Nguoivetulongdat,5,2023-05-21 10:52:24,"Chào bạn, mã này có xác suất cao sẽ tăng tiếp lên tầm 96 trong tuần sau"
VNi: Đáy ngắn hạn tháng 3,tieulong,1,2023-05-21 12:11:03,"Cảm ơn bác, con này em kẹp hàng lâu quá."
VNi: Đáy ngắn hạn tháng 3,Nguoivetulongdat,5,2023-05-21 12:15:45,"k có chi, cảm ơn bạn"
VNi: Đáy ngắn hạn tháng 3,DinhKw,1,2023-05-24 03:39:07,bác chủ tốt bụng quá. bác cho em xin nhận định mã TNG đc k? Cảm ơn bác
VNi: Đáy ngắn hạn tháng 3,Xeko_upbo,1,2023-05-24 04:12:56,A cho e xin nhận định HQC điều chỉnh xong chưa ạ
VNi: Đáy ngắn hạn tháng 3,Nguoivetulongdat,5,2023-05-24 05:07:22,"Chào bạn, mã này xác suất cao sẽ tăng lên trên 20.2 một đoạn ngắn sau đó điều chỉnh mạnh, bạn cẩn trọng nha"
VNi: Đáy ngắn hạn tháng 3,Nguoivetulongdat,4,2023-05-24 05:08:03,"Chào bạn, mã này xác suất cao sẽ tăng lên trên 4.8 một đoạn ngắn sau đó điều chỉnh mạnh"
VNi: Đáy ngắn hạn tháng 3,Xeko_upbo,1,2023-05-24 06:06:13,E cám ơn a nhé
VNi: Đáy ngắn hạn tháng 3,Nguoivetulongdat,4,2023-05-24 06:11:06,"k có chi, cảm ơn bạn"
VNi: Đáy ngắn hạn tháng 3,TunDc,1,2023-05-24 06:14:21,Anh xem giúp em hbc dc ko ạ.
VNi: Đáy ngắn hạn tháng 3,Nguoivetulongdat,5,2023-05-24 07:06:17,"Chào bạn, mã này có xác suất cao sắp giảm thêm"
VNi: Đáy ngắn hạn tháng 3,PhiVu,1,2023-05-24 07:15:15,Nhờ bạn tư vấn giúp CIG và CII
VNi: Đáy ngắn hạn tháng 3,TunDc,1,2023-05-24 07:18:15,Em cám ơn anh.
VNi: Đáy ngắn hạn tháng 3,Nguoivetulongdat,4,2023-05-24 08:09:41,"Chào bạn, hai mã này đều đang có rủi ro tạo đỉnh ngắn hạn rớt hơn 10%"
VNi: Đáy ngắn hạn tháng 3,Nguoivetulongdat,4,2023-05-24 08:09:53,"k có chi, cảm ơn bạn"
VNi: Đáy ngắn hạn tháng 3,NhamDoanhDoanh,2,2023-05-24 08:25:23,"Nhờ bác chủ xem giúp em mã szc và nt2 ạ, tks bác. Các mã trước e hỏi đều đúng như bác dự đoán"
VNi: Đáy ngắn hạn tháng 3,Nguoivetulongdat,5,2023-05-24 08:35:46,"Chào bạn, mã SZC có xác suất cao sắp điều chỉnh xuống dưới 33. Mã NT2 có xác suất cao sắp tạo đỉnh ngắn hạn"
VNi: Đáy ngắn hạn tháng 3,Dieppts,2,2023-05-24 08:39:41,Pro cho mình xin chiều giữ lpb! Cảm ơn!
VNi: Đáy ngắn hạn tháng 3,Nguoivetulongdat,5,2023-05-24 08:42:39,mã LPB có xác suất cao sẽ tăng nhẹ đến cuối tuần rồi điều chỉnh mạnh hơn 8%. Nên cân nhắc giảm dần tỉ trọng.
VNi: Đáy ngắn hạn tháng 3,Dungmama1,0,2023-05-24 08:43:37,Bạn cho mình hỏi vận động mã kbc với ạ.
VNi: Đáy ngắn hạn tháng 3,Dieppts,1,2023-05-24 08:44:36,Cảm ơn!
VNi: Đáy ngắn hạn tháng 3,Nguoivetulongdat,5,2023-05-24 08:45:35,"k có chi, cảm ơn bạn"
VNi: Đáy ngắn hạn tháng 3,Nguoivetulongdat,4,2023-05-24 08:46:16,"Chào bạn, mã KBC có xác suất cao còn chỉnh thêm từ giá này"
VNi: Đáy ngắn hạn tháng 3,Dungmama1,1,2023-05-24 08:47:42,Bạn có thể cho mình xin thêm thông tin chỉnh nhiều nữa ko ạ? Mình cảm ơn bạn
VNi: Đáy ngắn hạn tháng 3,Nguoivetulongdat,5,2023-05-24 08:49:40,xác suất cao sẽ chỉnh xuống tầm hơn 8%
VNi: Đáy ngắn hạn tháng 3,Dungmama1,1,2023-05-24 08:52:38,Mai hàng mình mới về. Ko biết liệu có ra kịp ko. Cảm ơn bạn nhé
VNi: Đáy ngắn hạn tháng 3,muoityvnd,1,2023-05-24 10:12:47,A nhận định sao về các mã ck tăng trần hnay? Liệu có phải tạo đỉnh ko ạ
VNi: Đáy ngắn hạn tháng 3,Nguoivetulongdat,5,2023-05-24 10:16:52,"Chào bạn, các mã dòng chứng có xác suất cao tăng tầm 5% nữa sẽ vào giai đoạn tạo đỉnh ngắn hạn"
VNi: Đáy ngắn hạn tháng 3,muoityvnd,0,2023-05-24 11:19:19,L14 còn hồi thêm để thoát k a. Cảm ơn a nhiều ạ
VNi: Đáy ngắn hạn tháng 3,Nguoivetulongdat,5,2023-05-24 11:40:32,L14 có xác suất cao quay lại lên trên 50-51 sau đó sẽ rớt mạnh hơn và sâu hơn đó bạn
VNi: Đáy ngắn hạn tháng 3,muoityvnd,1,2023-05-24 12:06:52,Vâng cảm ơn bác nhiều ạ
VNi: Đáy ngắn hạn tháng 3,Nguoivetulongdat,4,2023-05-24 12:08:47,"k có chi, cảm ơn bạn"
VNi: Đáy ngắn hạn tháng 3,NhamDoanhDoanh,1,2023-05-24 13:17:07,"Chào bạn, mã SZC có xác suất cao sắp điều chỉnh xuống dưới 33. Mã NT2 có xác suất cao sắp tạo đỉnh ngắn hạn Bác cho em hỏi thêm chút nếu đc, szc giảm khoảng bao nhiêu % ạ?"
VNi: Đáy ngắn hạn tháng 3,Nguoivetulongdat,5,2023-05-24 13:18:52,hơn 10% đó bạn ơi
VNi: Đáy ngắn hạn tháng 3,NhamDoanhDoanh,2,2023-05-24 13:25:10,Cảm ơn bác nhiều nhé! Miễn phí mà còn bị người ta phê bình thật khổ quá bác nhỉ .
VNi: Đáy ngắn hạn tháng 3,NhamDoanhDoanh,1,2023-05-24 13:17:07,"Chào bạn, mã SZC có xác suất cao sắp điều chỉnh xuống dưới 33. Mã NT2 có xác suất cao sắp tạo đỉnh ngắn hạn Bác cho em hỏi thêm chút nếu đc, szc giảm khoảng bao nhiêu % ạ?"
VNi: Đáy ngắn hạn tháng 3,Nguoivetulongdat,5,2023-05-24 13:18:52,hơn 10% đó bạn ơi
VNi: Đáy ngắn hạn tháng 3,NhamDoanhDoanh,2,2023-05-24 13:25:10,Cảm ơn bác nhiều nhé! Miễn phí mà còn bị người ta phê bình thật khổ quá bác nhỉ .
VNi: Đáy ngắn hạn tháng 3,Nguoivetulongdat,6,2023-05-24 13:26:44,hhh cảm ơn bạn
VNi: Đáy ngắn hạn tháng 3,Luna_6688,0,2023-05-24 13:29:10,Bác xem hộ em VND ạ
VNi: Đáy ngắn hạn tháng 3,NhamDoanhDoanh,1,2023-05-24 13:34:15,"Dòng Bank sắp tới có dư địa tăng ko bác chủ? Cụ thể em hỏi thêm mã tcb, vpb, ctg ạ."
VNi: Đáy ngắn hạn tháng 3,Nguoivetulongdat,4,2023-05-24 13:37:40,"@huyen141292 hỏi: Từ trước tới giờ em chả để ý topic của bác. Thực ra cái hôm nay thu hút em ko phải bác nhận định gì về DIG mà là bởi bác nhắc tới “Mô hình N971A”. Ngay lập tức em dùng nó làm từ khoá để tra trong google và kết quả là topic về HPG hiện lên. Cái em lưu tâm tìm hiểu là Mô hình của bác thiên về dự báo mua hay cảnh báo sập. Và khi cảnh báo sập thì nó diễn ra trong bối cảnh đồng thuận hay đi ngược chỉ số. Ví dụ lúc VNI đang tăng vù vù mà nó báo “chạy đi, giảm đó “ một cách chính xác thì mới đáng nể. Còn trường hợp cả làng bị úp sọt sẽ ko nhấn mạnh tính năng cảnh báo mấy. Vấn đề thứ 2 là tệp dữ liệu đầu vào đã đủ nhớn chưa? Bác đã kiểm chứng với thực tiễn trong quá khứ chưa? Bé robot nhà em do 1 bạn chả biết gì về chứng khoán lập nên. Em chỉ tận dụng khả năng IT của bạn đó thôi, nêu ra mấy yêu cầu rồi bạn ấy viết. Làm như thế sẽ ko bị nhà cái bắt bài tl: Mô hình của mình dự tính cả chiều mua lẫn bán. Mình luôn đưa ra cảnh báo ngược chiều chỉ số và cả suy nghĩ của số đông tại đỉnh và đáy chứ k phải xảy ra rồi mới nói nên cũng đảm bảo yêu cầu số 2 của bạn, bạn có thể xem lại các chủ đề sẽ thấy. Về dữ liệu thì mình k tiết lộ vì nó cũng tự chứng minh qua mức độ chính xác của các dự báo nên k cần mình tự nói nó nhiều hay ít."
VNi: Đáy ngắn hạn tháng 3,Nguoivetulongdat,4,2023-05-24 13:38:34,đưa qua đây để k phiền chủ pic bên kia @huyen141292
VNi: Đáy ngắn hạn tháng 3,Nguoivetulongdat,5,2023-05-24 13:39:47,"Chào bạn, mã VND có xác suất cao sẽ điều chỉnh giảm thêm đáng kể sắp tới"
VNi: Đáy ngắn hạn tháng 3,Xeko_upbo,1,2023-05-30 04:07:09,A nhận định giúp e SIP sắp điều chỉnh chưa ạ và điều chỉnh khoảng bn % được ko ạ?
VNi: Đáy ngắn hạn tháng 3,Nguoivetulongdat,5,2023-05-30 04:20:02,"Chào anh/chị, mã này có xác suất cao tăng thêm không quá 5 phiên nữa sẽ có điều chỉnh đáng kể khoảng hơn 10% vốn hóa"
VNi: Đáy ngắn hạn tháng 3,Xeko_upbo,1,2023-05-30 04:32:42,Dạ vâng.e cám ơn a ạ
VNi: Đáy ngắn hạn tháng 3,Nguoivetulongdat,5,2023-05-30 04:34:02,"k có chi, cảm ơn bạn"
VNi: Đáy ngắn hạn tháng 3,JAVidol,0,2023-05-30 04:48:20,VND giảm mạnh quá chú bé đần
VNi: Đáy ngắn hạn tháng 3,Nguoivetulongdat,4,2023-05-30 04:54:58,"bình luận này viết ngày 24 lúc giá 16.7 , ngay sau đó giá rớt mạnh cụ thể là ngày 26 giá còn 15.8 chỉ trong 2 ngày, lúc đó sao k vào khen đi? Còn bây giờ lực giảm đã diễn ra xong và tăng lên lại rồi mới vào bắt bẻ hả bạn. k tin xem lại lịch sử giá đi có phải sau nhận định thì rớt mạnh k"
VNi: Đáy ngắn hạn tháng 3,minh16,0,2023-05-30 05:13:32," image 294×504 16.2 KB  24 nó rớt, ngày hôm sau mà bán thì đúng đáy rồi, vnd đang đánh bằng 1 lực rất mạnh để qua vùng đấy thì chỉnh là đương nhiên. Ps: thằng idol kia nó là bạn tôi"
VNi: Đáy ngắn hạn tháng 3,minh16,0,2023-05-30 05:14:55,"Tôi nhận định là vnd lại sắp chỉnh, hihi. Không đúng cũng chả sai."
VNi: Đáy ngắn hạn tháng 3,Nguoivetulongdat,5,2023-05-30 06:07:25,"tự nhiên sáng 24 nói sắp rớt mà hôm sau mới đi bán? bạn nói vậy cũng thấy có hợp lý hả bạn?. đúng ra phải nói ai nghe theo bán ngay vào lúc ngày 24 giá đang tầm trên 16.5, sau đó khi giá đã rớt mạnh ngày 25 và tạo điểm mua mới rồi thì mua được ngay đáy giá 15.9 làm vòng mới"
VNi: Đáy ngắn hạn tháng 3,Gen-Z_Investor,0,2023-06-09 02:23:12,"Chào bác @Nguoivetulongdat , cho e hỏi mã HHV chỉnh tới đâu thì có thể mua vào được bác?"
VNi: Đáy ngắn hạn tháng 3,Nguoivetulongdat,6,2023-06-09 03:05:41,"hi bạn, thông tin này mình có nhưng mình rất tiếc không thể cung cấp công cộng để tránh ảnh hưởng đến thị trường"
