title,author,like,date,content
PDR - Ngôi nhà Phát Đạt,Khang_buivan,13,2023-09-15 00:21:32,"Thời điểm khó khăn nhất của BĐS cũng đã qua bởi vì tình hình vĩ mô cả trong và ngoài nước đều đang tốt dần lên, thêm vào đó là các nút thắt của BĐS đang được chính phủ tháo gỡ quyết liệt , không thể để BĐS phải đỗ vỡ như BĐS tại Trung Quốc. 1 trong những doanh nghiệp BĐS triển vọng tốt không thể bỏ qua chính là Phát Đạt và pic này mình xin lập để tạo ngôi nhà chung cho cổ đông PDR trong dài hạn  image 1007×520 245 KB  Doanh nghiệp và ban lãnh đạo của PDR đang nỗ lực rất nhiều để giữ hình ảnh tốt đẹp của công ty bằng cách sử dụng nhiều tài sản của chính công ty và tài sản của các bên liên quan khác. Mình đánh giá rất cao xét về trách nhiệm và uy tín của ban lãnh đạo doanh nghiệp. Tại thời điểm 30/6, Phát Đạt đang ghi nhận gần 12.200 tỷ đồng hàng tồn kho - chiếm gần 74% tài sản ngắn hạn và bằng 59% tổng tài sản.  image 757×713 87.3 KB  Liên quan đến hoạt động kinh doanh, mới nhất, Bộ Xây dựng đã có văn bản chỉ đạo, hướng dẫn Sở Xây dựng tỉnh Bà Rịa - Vũng Tàu gỡ khó cho dự án Poulo Condor là tổ hợp căn hộ du lịch và khách sạn tại Bãi Vông của Phát Đạt tại Côn Đảo. Dự án có quy mô 12 ha với tổng mức đầu tư 8,.282 tỷ đồng bao gồm các căn hộ du lịch và khách sạn, shophouse. Thời gian bàn giao theo công bố là quý 3/2024. Diễn biến khác, UBND tỉnh Bình Dương mới đây đã chấp thuận cho CTCP Bất động sản Đầu tư và Phát triển Cao ốc Hòa Phú (công ty con do Phát Đạt nắm giữ 99,9% vốn) thực hiện dự án Khu nhà ở phức hợp cao tầng Thuận An 1 và 2 tại Khu phố Hòa Lân 1, phường Thuận Giao, TP. Thuận An. Tổng mức đầu tư của dự án này là 9.374 tỷ đồng, diện tích 2,65 ha. Các sản phẩm của dự án gồm: căn hộ, thương mại dịch vụ, shophouse,… Dư nợ của PDR đến cuối năm 2023 là không quá lớn so với quy mô hoạt động kinh doanh và tài sản của doanh nghiệp. Nợ ngắn hạn còn lại tập trung vào tháng 12 và cần dòng tiền từ hoạt động kinh doanh. So với gánh nặng nợ trái phiếu của nhiều doanh nghiệp trên thị trường, PDR có quỹ thời gian dài và thoải mái trong việc chuẩn bị dòng tiền đáp ứng các nghĩa vụ này. Dòng tiền dự kiến từ các dự án theo kế hoạch sẽ đủ để trả các khoản nợ chưa thanh toán và thực hiện các nghĩa vụ của PDR đối với các bên cho vay. Dựa trên thông tin hiện có, PDR có tiềm năng tăng giá rất cao trong nửa cuối năm 2023. Liên hệ tư vấn đầu tư qua SĐT: 081.8521.280"
PDR - Ngôi nhà Phát Đạt,jacky90,0,2023-09-15 01:23:45,"anh em rớt hàng hết rồi, đang đợi mua lại nhiều lắm"
PDR - Ngôi nhà Phát Đạt,Khang_buivan,5,2023-09-15 01:45:55,chắc chắc là vậy r
PDR - Ngôi nhà Phát Đạt,Khang_buivan,6,2023-09-15 02:25:57,còn ai bán nữa thì cho bán hết luôn để nhẹ tàu
PDR - Ngôi nhà Phát Đạt,ThaoMy868,0,2023-09-15 02:44:52,Qua nay bán kinh quá bác nhỉ  @Khang_buivan
PDR - Ngôi nhà Phát Đạt,Khang_buivan,4,2023-09-15 02:51:33,"may còn giữ dc hỗ trợ, ng bán là họ thuộc kiểu ng trading nên nay mai vào đu lại thôi á mà"
PDR - Ngôi nhà Phát Đạt,Khang_buivan,2,2023-09-15 02:55:37,"nói chung giờ là múc , đón sóng lên 1300"
PDR - Ngôi nhà Phát Đạt,DeChiCai,2,2023-09-15 02:56:50,"Một doanh nghiệp tốt gặp khó khăn tạm thời, kiên nhẫn nắm giữ sẽ cho kết quả to lớn. Bán chán lại đua giá cao bác nhỉ, đó cũng là lực cầu tiềm năng tương lai"
PDR - Ngôi nhà Phát Đạt,Khang_buivan,2,2023-09-15 03:09:06,đoạn này mình thấy biến động thị trường hơi quá nên chọn nằm im luôn
PDR - Ngôi nhà Phát Đạt,175richkid,2,2023-09-15 04:06:34,Sáng đi làm ngang qua thấy làm lễ cất nóc văn phòng ngay 39 Phạm Ngọc Thạch  2023-09-15 (1) 1600×1200 194 KB 
PDR - Ngôi nhà Phát Đạt,ThaoMy868,1,2023-09-15 04:07:56,Thời gian này là chờ múc thôi chứ dòng tiền kiểu này sợ gì nữa pk bác 
PDR - Ngôi nhà Phát Đạt,samii,1,2023-09-15 04:08:23,Ngắn hàng này: Chốt lời nhanh càng sớm càng ngon!!!
PDR - Ngôi nhà Phát Đạt,ThaoMy868,3,2023-09-15 04:08:34,Bác làm gần đây à? trung tâm quận 1 phải không
PDR - Ngôi nhà Phát Đạt,Khang_buivan,2,2023-09-15 04:11:57,Sáng đi làm ngang qua thấy làm lễ cất nóc văn phòng ngay 39 Phạm Ngọc Thạch sáng nào đi làm mình cũng đi qua đó
PDR - Ngôi nhà Phát Đạt,175richkid,1,2023-09-15 04:13:39,"Uhm mình làm tòa building đối diện bên này á, chỗ này trung tâm, mà trung tâm quận 3 bạn, cũng tiếp giáp với quận 1 á  viber_image_2023-09-15_10-05-23-719 1600×1200 242 KB  Tò mò quá qua hóng hớt xíu :)))"
PDR - Ngôi nhà Phát Đạt,Khang_buivan,1,2023-09-15 04:15:29,"Thời gian này là chờ múc thôi chứ dòng tiền kiểu này sợ gì nữa pk bác  chuẩn rồi, DJ cũng 2 đáy đi lên r, VNI cũng vậy thôi"
PDR - Ngôi nhà Phát Đạt,ThaoMy868,1,2023-09-15 04:16:33,Đất trong HCM của PDR toàn đất vàng trung tâm nhỉ Tính ra hơn 40 dự án hiện tại đó cả nhà   image 1029×677 113 KB 
PDR - Ngôi nhà Phát Đạt,Khang_buivan,2,2023-09-15 04:19:17,"Uhm mình làm tòa building đối diện bên này á, chỗ này trung tâm, mà trung tâm quận 3 bạn, cũng tiếp giáp với quận 1 á mình làm ở hội sở SSI, ngay phố đi bộ đây bác"
PDR - Ngôi nhà Phát Đạt,ThaoMy868,2,2023-09-15 04:24:14,Trước giờ cứ tưởng bác làm chung hội sở bác Cường_CE bên Nguyễn Văn Cừ
PDR - Ngôi nhà Phát Đạt,Khang_buivan,2,2023-09-15 04:25:56,"thì 2ae lúc trước ở NVC, sau đó cùng qua hội sở dc nửa năm r"
PDR - Ngôi nhà Phát Đạt,thanh_pham35,2,2023-09-15 04:47:57,Trụ sở chính của PDR tại Phạm Ngọc Thạch nhé anh em 15/6 Đóng nắp hầm 15/9 Cất nóc tòa nhà   2023-09-15_10-06-24-149 1600×1600 227 KB 
PDR - Ngôi nhà Phát Đạt,Khang_buivan,1,2023-09-15 05:39:13,nào khai trương chắc ghé chơi
PDR - Ngôi nhà Phát Đạt,Khang_buivan,2,2023-09-15 06:21:53,
PDR - Ngôi nhà Phát Đạt,NhatHuy,3,2023-09-15 06:57:14,PDR lên kìa ad
PDR - Ngôi nhà Phát Đạt,Khang_buivan,2,2023-09-15 07:00:31,nay tím ko nhi
PDR - Ngôi nhà Phát Đạt,Khang_buivan,1,2023-09-15 07:02:50,lên thôi
PDR - Ngôi nhà Phát Đạt,MidnightPs,0,2023-09-15 07:34:43,Xây nhanh nhỉ Mới đấy mà đã xong r
PDR - Ngôi nhà Phát Đạt,Begonia,0,2023-09-15 07:46:16,hàng của cụ cứ gọi là…Khỏe
PDR - Ngôi nhà Phát Đạt,hoanganhdo2607,1,2023-09-15 07:53:00,Siêu cmn phẩm rồi
PDR - Ngôi nhà Phát Đạt,hoanganhdo2607,0,2023-09-15 07:56:09,Phù thịnh không phù suy bác Đạt làm ăn quá uy tín. Người con xứ Quảng kkkk
PDR - Ngôi nhà Phát Đạt,Khang_buivan,1,2023-09-15 08:06:17,"hàng của cụ cứ gọi là…Khỏe cuối tuần làm thêm 1 nhà cổ đất nữa, thấy cũng rất khỏe ngoài PDR"
PDR - Ngôi nhà Phát Đạt,MarioBAD,1,2023-09-15 08:09:56,Chiều nay làm pha xanh mát lòng mát dạ
PDR - Ngôi nhà Phát Đạt,solobico9,0,2023-09-15 08:12:34,DXG cũng đẹp nè ad
PDR - Ngôi nhà Phát Đạt,NhatHuy,1,2023-09-15 08:13:02,nay tím ko nhi nay vậy cũng đỉnh rồi bác chủ
PDR - Ngôi nhà Phát Đạt,ThaoMy868,2,2023-09-15 08:13:58,"các bác kéo ATC kinh nhỉ, khớp >3tr cổ"
PDR - Ngôi nhà Phát Đạt,Begonia,1,2023-09-15 08:15:13,. hóng cụ
PDR - Ngôi nhà Phát Đạt,hoanganhdo2607,1,2023-09-15 08:15:46,Bọn tây nó hốt hết rồi. Dự qua tuần vol lại bé như cây tăm
PDR - Ngôi nhà Phát Đạt,LouisP,1,2023-09-15 08:26:41,Sang tuần bđs bung lụa chứ ae ?
PDR - Ngôi nhà Phát Đạt,Linh_Ban_Tia,1,2023-09-15 08:27:39,"tây lông nó xúc hơn 2 tuần nay rồi, hnao cũng hơn chục tỏi, mỗi nđt VN bán thôi dự sắp tới nó gom đủ + vào sóng bđs cuối năm thì PDR phi ác đấy"
PDR - Ngôi nhà Phát Đạt,hoanganhdo2607,2,2023-09-15 08:29:02,hôm nay hơn trăm tỷ bạn à
PDR - Ngôi nhà Phát Đạt,Linh_Ban_Tia,1,2023-09-15 08:31:32,"123 tỉ, bọn nó mua suốt k bán hơn 2 tuần, từ khi bác đạt nâng sở hữu ngoại lên 49% thì bno múc mạnh từ đấy"
PDR - Ngôi nhà Phát Đạt,thanh_pham35,1,2023-09-15 08:36:11,"Con này lọt rổ ETF, trên VTV nói suốt mà, cơ cấu là múc xúc húc vào"
PDR - Ngôi nhà Phát Đạt,Khang_buivan,2,2023-09-15 08:52:35,nay vậy cũng đỉnh rồi bác chủ tuần sau phi tiếp thôi
PDR - Ngôi nhà Phát Đạt,Khang_buivan,2,2023-09-15 08:54:26,"Bọn tây nó hốt hết rồi. Dự qua tuần vol lại bé như cây tăm nghe nói đội DVC và Lã Giang Trung bán, ít bữa lại đu vào ngay á mà"
PDR - Ngôi nhà Phát Đạt,Linh_Ban_Tia,0,2023-09-15 08:59:46,đợt trước là bị loại khỏi VN30 đúng k bác nhỉ>
PDR - Ngôi nhà Phát Đạt,Linh_Ban_Tia,1,2023-09-15 09:00:35,"bọn nó ôm dc bao nhiêu mà phải sợ, ngoại nó múc ròng hơn 2 tuần mấy chục tỉ 1 phiên thì bán thoải mái bán xog lại mua lại giá cao thôi"
PDR - Ngôi nhà Phát Đạt,NhatHuy,1,2023-09-15 09:15:51,tuần sau phi tiếp thôi tuần sau múc thêm thôi
PDR - Ngôi nhà Phát Đạt,Khang_buivan,1,2023-09-15 10:04:14,"bọn nó ôm dc bao nhiêu mà phải sợ, ngoại nó múc ròng hơn 2 tuần mấy chục tỉ 1 phiên thì bán thoải mái bán xog lại mua lại giá cao thôi um, quan trọng vẫn là cp nào trong danh mục"
PDR - Ngôi nhà Phát Đạt,Khang_buivan,4,2023-09-15 10:08:15,
PDR - Ngôi nhà Phát Đạt,Ebola_vietnam,1,2023-09-15 10:09:04,quá khủng
PDR - Ngôi nhà Phát Đạt,thanh_pham35,2,2023-09-15 16:23:17,"(ĐTCK) Sáng nay, 15/09/2023, Công ty cổ phần Phát triển Bất động sản Phát Đạt (PDR) tổ chức lễ cất nóc dự án Tòa nhà văn phòng Phát Đạt tại địa chỉ 39 Phạm Ngọc Thạch, quận 3, TP. Hồ Chí Minh."
PDR - Ngôi nhà Phát Đạt,thanh_pham35,2,2023-09-15 16:23:43,"13,000 sản phẩm sẵn sàng cho năm 2023 và năm 2024"
PDR - Ngôi nhà Phát Đạt,Khang_buivan,1,2023-09-16 03:09:43,tiềm năng rất lớn
PDR - Ngôi nhà Phát Đạt,Trantrong3993,1,2023-09-16 06:33:39,hèn gì tăng mạnh vậy
PDR - Ngôi nhà Phát Đạt,Khang_buivan,2,2023-09-16 10:41:00,trong tuần đi làm là mình đi qua đây
PDR - Ngôi nhà Phát Đạt,hoanganhdo2607,0,2023-09-16 13:02:25,Tuần sau PDR 30 không ae
PDR - Ngôi nhà Phát Đạt,hoanganhdo2607,0,2023-09-17 00:51:42,Có ai có link room A7 không
PDR - Ngôi nhà Phát Đạt,Khang_buivan,4,2023-09-17 06:25:06,Tuần sau PDR 30 không ae trước mắt tuần sau có thể lên 28
PDR - Ngôi nhà Phát Đạt,thuthao188,3,2023-09-17 08:45:38,chi thế bác
PDR - Ngôi nhà Phát Đạt,Khang_buivan,1,2023-09-17 12:33:57,"chắc bác ấy muốn vào, mình cũng có KH trong room A7"
PDR - Ngôi nhà Phát Đạt,Khang_buivan,2,2023-09-18 02:55:14,chúc ae cổ đông PDR ngày mới xanh tím
PDR - Ngôi nhà Phát Đạt,hoanganhdo2607,0,2023-09-18 04:02:42,vào xem mấy cao thủ chém gió bác kkk
PDR - Ngôi nhà Phát Đạt,Khang_buivan,1,2023-09-18 04:14:12,nghe nói bên đó bữa PR con QCG
PDR - Ngôi nhà Phát Đạt,maiduan,1,2023-09-18 04:28:16,target PDR nhịp này bao nhiêu bác Khang
PDR - Ngôi nhà Phát Đạt,Khang_buivan,2,2023-09-18 05:21:54,"ngắn hạn thì tầm 29-30 , còn trung hạn hơn tí thì tầm vùng 37"
PDR - Ngôi nhà Phát Đạt,hoanganhdo2607,3,2023-09-18 08:27:02,Chắc đang kỳ vọng khu Phước Kiểng mà con đó có vẹo gì đâu Penny rủi ro thấy mịa. Nó úp cho mấy bữa không chạy được :))
PDR - Ngôi nhà Phát Đạt,hoanganhdo2607,1,2023-09-18 08:27:58,Mà nói đi cũng phải nói lại đội A7 cũng là lái mà đã là lái thì không nên tin nó quá nhiều :)) kể cả có lái PDR thì cũng tốn khá khá tiền đấy nhỉ.
PDR - Ngôi nhà Phát Đạt,hoanganhdo2607,0,2023-09-18 08:54:44, 378105932_837648454495524_9001419033395888339_n 1019×553 174 KB 
PDR - Ngôi nhà Phát Đạt,Khang_buivan,1,2023-09-18 08:56:16,"Chắc đang kỳ vọng khu Phước Kiểng mà con đó có vẹo gì đâu Penny rủi ro thấy mịa. Nó úp cho mấy bữa không chạy được :)) đr, mình cũng ko quan tâm QCG lắm , nghe KH nói nên bik thôi"
PDR - Ngôi nhà Phát Đạt,otckanu2009,1,2023-09-18 09:07:10,PDR đẹp và tiềm năng lớn đấy chủ thớt
PDR - Ngôi nhà Phát Đạt,hoanganhdo2607,0,2023-09-18 09:40:18,Target PDR trước mắt là 30 cái đã kkk
PDR - Ngôi nhà Phát Đạt,ThaoMy868,1,2023-09-18 09:41:22,Dự án tiếp theo được phê duyệt 1/500 rồi nhé cả nhà  image 738×824 80.6 KB 
PDR - Ngôi nhà Phát Đạt,hoanganhdo2607,0,2023-09-18 10:07:00,quan trọng có tiền xây không kkkk
PDR - Ngôi nhà Phát Đạt,maiduan,1,2023-09-18 11:34:07,làm bđs mà cứ hỏi có tiền xây ko thì bác chưa gặp dân trong nghề rồi kk
PDR - Ngôi nhà Phát Đạt,maiduan,1,2023-09-18 11:34:56,bđs nó khó nhất pháp lý thôi còn tiền xây ko phải là vấn đề
PDR - Ngôi nhà Phát Đạt,hoanganhdo2607,0,2023-09-18 13:53:59,Ok bác
PDR - Ngôi nhà Phát Đạt,Khang_buivan,0,2023-09-18 14:27:33,"PDR đẹp và tiềm năng lớn đấy chủ thớt đr, nên mình viết để ae tham khảo thêm"
PDR - Ngôi nhà Phát Đạt,Khang_buivan,1,2023-09-18 14:40:35,"Quy mô danh mục Fubon FTSE Vietnam ETF đạt hơn 835 triệu USD (gần 20.400 tỷ đồng) tại thời điểm 15/9, tiếp tục là quỹ ETF có quy mô lớn nhất thị trường."
PDR - Ngôi nhà Phát Đạt,Khang_buivan,0,2023-09-19 02:15:08,chúc ae cổ đông PDR ngày mới xanh tím
PDR - Ngôi nhà Phát Đạt,hoanganhdo2607,1,2023-09-19 08:24:39,Khỏe quá cuối phiên lại xanh
PDR - Ngôi nhà Phát Đạt,Khang_buivan,0,2023-09-19 10:03:21,"vẫn nằm trên EMA8, BĐS nói chung và PDR nói riêng, mình thấy sớm sẽ tăng lại"
PDR - Ngôi nhà Phát Đạt,hoanganhdo2607,1,2023-09-19 10:54:45,Tây tranh nhau múc   image 536×519 63.4 KB 
PDR - Ngôi nhà Phát Đạt,Khang_buivan,1,2023-09-19 14:13:13,sao nó bán HPG thế bác kkk
PDR - Ngôi nhà Phát Đạt,Khang_buivan,1,2023-09-20 02:14:34,BĐS sẽ sớm trở lại thôi ae
PDR - Ngôi nhà Phát Đạt,ThaoMy868,1,2023-09-20 03:40:41,Lấy tiền cơ cấu qua BDS
PDR - Ngôi nhà Phát Đạt,Khang_buivan,0,2023-09-20 03:44:42,"hôm qua mình vào NLG , giờ cũng tí, mai hàng về tính tiếp"
PDR - Ngôi nhà Phát Đạt,ThaoMy868,0,2023-09-20 03:47:37,NLG giá dưới 37 có dòng tiền lướn gom =))
PDR - Ngôi nhà Phát Đạt,Khang_buivan,0,2023-09-20 03:51:11, image 1081×40 3.4 KB 
PDR - Ngôi nhà Phát Đạt,Khang_buivan,0,2023-09-20 03:51:46,"hôm qua còn tí, múc nhẹ luôn NLG"
PDR - Ngôi nhà Phát Đạt,ThaoMy868,1,2023-09-20 04:00:44,"Múc mạnh PDR, AGG :))))) còn lại mới múc NLG nhé bác"
PDR - Ngôi nhà Phát Đạt,Khang_buivan,0,2023-09-20 04:22:34,"um, danh mục nhiều cp mà kkk"
PDR - Ngôi nhà Phát Đạt,Ebola_vietnam,0,2023-09-20 04:35:02,"PDR tích luỹ đẹp, tích đủ là chạy thôi"
PDR - Ngôi nhà Phát Đạt,Ebola_vietnam,1,2023-09-20 04:35:40,Tiền hiện đang đẩy xuất khẩu và chứng
PDR - Ngôi nhà Phát Đạt,Khang_buivan,0,2023-09-20 05:08:06,"XK nay có tin bất ngờ nên bật tăng, mình thì nay ko đu vào xk"
PDR - Ngôi nhà Phát Đạt,Ebola_vietnam,0,2023-09-20 05:26:10,"Tất nhiên rồi tiền sẽ lại quay về BĐS, tỷ giá tăng FDI vào nhiều, bơm tiền hạ ls thì BĐS lại ngon"
PDR - Ngôi nhà Phát Đạt,Khang_buivan,0,2023-09-20 06:22:27,BĐS lên thôi
PDR - Ngôi nhà Phát Đạt,Khang_buivan,0,2023-09-20 06:42:40,
PDR - Ngôi nhà Phát Đạt,Khang_buivan,1,2023-09-20 06:42:54,
PDR - Ngôi nhà Phát Đạt,Khang_buivan,0,2023-09-20 06:50:27,PDR vượt đỉnh thôi
PDR - Ngôi nhà Phát Đạt,Ebola_vietnam,1,2023-09-20 08:35:15,"PDR khỏe nhất dòng BĐS, nó cô đặc hơn DIG lại có năng lực triển khai dự án nhanh"
PDR - Ngôi nhà Phát Đạt,Khang_buivan,0,2023-09-20 09:04:11,"PDR tính ra ko giảm bao nhiêu, vượt đỉnh thôi"
PDR - Ngôi nhà Phát Đạt,Ebola_vietnam,0,2023-09-20 09:16:29,Vì 2022 bị bán như phá mả về đáy trong khi trái phiếu đã giải quyết gần xong
PDR - Ngôi nhà Phát Đạt,techtic,0,2023-09-20 10:11:29,cty nào cho vay nhiều mã và nhiều mã cho tỷ lệ margin cao bro?
PDR - Ngôi nhà Phát Đạt,Khang_buivan,0,2023-09-20 11:01:11,"cho vay nhiều và cao thì chắc là VPS r, muốn mở ở VPS thì liên hệ mình luôn"
PDR - Ngôi nhà Phát Đạt,Thai8054,1,2023-09-20 14:15:53,Vẫn chưa vượvaanx chưa vượt đỉnh t đỉnh
PDR - Ngôi nhà Phát Đạt,hoanganhdo2607,0,2023-09-20 14:37:47,Break rồi lại túc tắc lên 30 thôi
PDR - Ngôi nhà Phát Đạt,Khang_buivan,0,2023-09-20 14:55:24,"Vẫn chưa vượvaanx chưa vượt đỉnh t đỉnh chưa hiểu lắm bác, đỉnh gì"
PDR - Ngôi nhà Phát Đạt,Thai8054,1,2023-09-21 08:39:45,Lại về điểm cũ
PDR - Ngôi nhà Phát Đạt,Thai8054,0,2023-09-21 12:31:33,PDR xách dép cho TCH rồi.
PDR - Ngôi nhà Phát Đạt,hoanganhdo2607,1,2023-09-22 15:17:23,nay con nào chả chết xách cái gì lo mà chạy thoát thân
PDR - Ngôi nhà Phát Đạt,otckanu2009,0,2023-09-27 08:41:34,Phân tích DN 1 hồi chán chê rồi giảm cái lại ko thấy ai cả
PDR - Ngôi nhà Phát Đạt,Khang_buivan,0,2023-09-27 08:43:57,cũng có pic khác cho nđt thôi bác
PDR - Ngôi nhà Phát Đạt,Khang_buivan,1,2023-09-27 08:45:06,"cp đoạn r bị call chéo, cp tốt/xấu cũng giảm như nhau nên ra pic khác phù hợp hơn cho mn, còn pic phân tích dn nó vẫn ở đó , ko mất đi đâu"
PDR - Ngôi nhà Phát Đạt,hoanganhdo2607,0,2023-09-28 08:41:16,PDR khỏe vl
PDR - Ngôi nhà Phát Đạt,Khang_buivan,2,2023-09-28 09:24:07,tạo đáy quanh ma50 r nhỉ
PDR - Ngôi nhà Phát Đạt,hoanganhdo2607,1,2023-09-29 08:05:26,vẫn khỏe
PDR - Ngôi nhà Phát Đạt,Khang_buivan,1,2023-09-29 08:14:22,đúng là đáy r
PDR - Ngôi nhà Phát Đạt,ThaoMy868,1,2023-10-12 05:38:37,"chuẩn bị có tin hot từ các doanh nghiệp BĐS, đặc biệt PDR @Khang_buivan"
PDR - Ngôi nhà Phát Đạt,ThaoMy868,0,2023-10-12 05:42:57,nge thiên hạ đồn đại cuối năm ni sắp có quà
PDR - Ngôi nhà Phát Đạt,Khang_buivan,1,2023-10-12 05:52:28,"chuẩn bị có tin hot từ các doanh nghiệp BĐS, đặc biệt PDR @Khang_buivan sáng thấy có tin về tín dụng vào BĐS, còn tin nào nữa ko bạn ơi"
PDR - Ngôi nhà Phát Đạt,ThaoMy868,2,2023-10-12 06:40:55,"Đúng rồi nè bác    image 795×816 89.7 KB  Tạp chí Doanh Nhân VN (doanhnhanvn.vn) - Dư nợ kinh doanh bất động sản tính đến hết tháng 7 tăng trưởng gần 19%, có nghĩa các ngân hàng đã cho các chủ đầu tư dự án vay thêm hơn 150.000 tỷ đồng."
PDR - Ngôi nhà Phát Đạt,175richkid,0,2023-10-12 06:48:49,"Chiều nghe ông anh bảo dự án Thuận An 1 của PDR sắp ngon lành ấy, bác nào check thử thông tin xem"
PDR - Ngôi nhà Phát Đạt,175richkid,0,2023-10-12 06:49:30,nghe ổng nói dồn pháp lý đẩy mạnh chon done luôn xong mở bán trong 2023
PDR - Ngôi nhà Phát Đạt,HuyLongVo,0,2023-10-12 06:50:25,"có vụ gì mới không, mấy nay mấy a lái kéo gắt thế :))) @Khang_buivan"
PDR - Ngôi nhà Phát Đạt,Starlord,1,2023-10-12 07:06:27,"thị trường đang hồi tốt, nhưng BDS với CK đợt rồi tăng quá nhiều rồi, chưa biết sao"
PDR - Ngôi nhà Phát Đạt,Khang_buivan,1,2023-10-12 07:12:43,"có vụ gì mới không, mấy nay mấy a lái kéo gắt thế :))) @Khang_buivan BĐS giảm sâu thì có tin tốt nó hồi thôi bác"
PDR - Ngôi nhà Phát Đạt,Khang_buivan,1,2023-10-12 07:13:26,"BDS với CK nói thật là BĐS với CK đang mang tính đầu cơ, ai vào thì với tâm thế trading, đầu cơ thôi"
PDR - Ngôi nhà Phát Đạt,Moonie1,1,2023-10-13 03:21:43,Các ông ấy lên tin thế này chắc cũng đang nhòm nhèm đánh bđs lên rồi.
PDR - Ngôi nhà Phát Đạt,MidnightPs,1,2023-10-13 04:45:04,trong năm nay nghe chừng hết cửa r
PDR - Ngôi nhà Phát Đạt,Khang_buivan,1,2023-10-13 06:59:28,ae cổ đông PDR đâu hết r
PDR - Ngôi nhà Phát Đạt,Khang_buivan,1,2023-10-13 07:23:50,
PDR - Ngôi nhà Phát Đạt,Troly_Khangbui,0,2023-10-13 08:27:18,nge thiên hạ đồn đại cuối năm ni sắp có quà không cần đến cuối năm mà hôm nay có quà luôn nè c
PDR - Ngôi nhà Phát Đạt,Troly_Khangbui,0,2023-10-13 12:01:29, image 824×692 44.1 KB 
PDR - Ngôi nhà Phát Đạt,Troly_Khangbui,1,2023-10-15 06:32:48,"Công ty cổ phần Phát triển Bất động sản Phát Đạt (Mã HOSE: PDR). Giá cổ phiếu (sáng 28/07/2023): 21,850 VNĐ. Khối lượng 14,558,900. Vốn hóa tt: 14,675.47 tỷ VNĐ. Tra cứu CK - GD cổ đông - Tải BCTC trên CafeF"
PDR - Ngôi nhà Phát Đạt,Contraithangio,1,2023-10-17 03:49:41,PDR ra tin mới cho các bác hóng này https://nguoiquansat.vn/phat-dat-don-tin-vui-tu-sieu-du-an-ctck-nhan-dinh-pdr-co-the-tang-28-chi-trong-3-tuan-95194.html
PDR - Ngôi nhà Phát Đạt,Khang_buivan,0,2023-10-17 04:19:21,tks bác cập nhật
PDR - Ngôi nhà Phát Đạt,NoiLaLam,0,2023-10-17 07:33:06,Trước chỉ nghĩ là rumor thôi mà đã thành thật rồi à
PDR - Ngôi nhà Phát Đạt,otckanu2009,0,2023-10-17 08:25:31,PDR tốt dần lên
PDR - Ngôi nhà Phát Đạt,SoaY,1,2023-10-17 08:43:23,Thấy ra tin ra liên tục như này không biết sắp kéo lên 3x đc chưa nhỉ
PDR - Ngôi nhà Phát Đạt,AHMAD,0,2023-10-17 10:03:51,Vừa lúc sáng thấy có tin trc làm CFO cho Nova xong chuyển qua phó TGĐ hưng thịnh giờ về làm cho PDR  
PDR - Ngôi nhà Phát Đạt,NoiLaLam,0,2023-10-17 10:20:40,"Biết đâu quá tam ba bận, sang PDR lại ngon hơn thì sao :)) bác đừng bi quan thế"
PDR - Ngôi nhà Phát Đạt,AHMAD,0,2023-10-18 03:14:51,"Thôi ở đâu ở yên đấy đi, Pdr đang ngon sang làm gì"
PDR - Ngôi nhà Phát Đạt,NguoiTungTrai1973,1,2023-10-18 03:44:25,Trước sau gì PDR cũng lead dòng thôi nhìn vào hàng tồn kho và các dự án đang triển khai thì dự cuối năm sau e nó giá khoảng 5x
PDR - Ngôi nhà Phát Đạt,SoaY,0,2023-10-18 04:06:26,Cuối năm nay chứ bác
PDR - Ngôi nhà Phát Đạt,Nguyen_Nhat2110,0,2023-10-18 04:27:23,Đang khỏe nhất dòng mà lại ăn 3 cây đỏ chót
PDR - Ngôi nhà Phát Đạt,Free_Young,0,2023-10-18 04:34:56,"trong các con BĐS, PDR là con được ngoại vs quỹ gom nhiều nhất mà ngoại nó gom sẽ ôm dài 1-2 năm mới chốt lúc đấy đúng vào thời điềm bđs phục hồi, PDR bán được hàng + ghi nhận lợi nhuận cao => dân thi nhau múc thì lday ngoại nó lại xả vào đầu câu chuyện muôn thủa bao năm vẫn vậy"
PDR - Ngôi nhà Phát Đạt,Free_Young,0,2023-10-18 04:36:11,"nhìn vào số lượng hàng tồn kho + 2 dự án Quy Nhơn + Bình Dương dự kiến năm sau ra hàng thì biết tương lại PDR sẽ tốt như nào rồi, ngắn hạn hiện tai đang ảnh hưởng bởi thị trường con nào cũng hẹo thôi nhưng PDR là con giảm gần như ít nhất nhưng lại là con hồi nhanh nhất so với các con khác trong dòng bđs"
PDR - Ngôi nhà Phát Đạt,NguoiTungTrai1973,0,2023-10-18 07:09:49,"Khỏe nhất, đu bám nhiều nhất rung lắc thì sẽ mạnh hơn mã khác thôi, trung và dài hạn mới biết đâu là leader"
PDR - Ngôi nhà Phát Đạt,AHMAD,1,2023-10-19 04:12:45,Tây nó múc 600k rồi kìa các bác
PDR - Ngôi nhà Phát Đạt,Nguyen_Nhat2110,0,2023-10-19 07:25:44,"Tây nay múc mạnh dữ, có bao nhiêu múc hết à"
PDR - Ngôi nhà Phát Đạt,AHMAD,0,2023-10-19 07:33:34,Mấy ông tây lông mua như thế mà vẫn không ăn thua gì với a VN mình thấy rung lắc lại nôn ra hết
PDR - Ngôi nhà Phát Đạt,Trongtrinh,0,2023-10-19 15:50:01,Nhìn nó đỏ 4 ngày rồi
PDR - Ngôi nhà Phát Đạt,NguoiTungTrai1973,0,2023-10-20 03:24:35,Yên tâm kiểu gì hôm nay cũng xanh sáng ra đã ra thấy xanh r
PDR - Ngôi nhà Phát Đạt,Nguyen_Nhat2110,2,2023-10-20 03:39:22,"Bác đạt này đúng hẹn phết, trước hẹn 2 tuần có giấy phép xây dựng dự án Bắc hà thanh nay có giấy rồi kìa mng"
PDR - Ngôi nhà Phát Đạt,Nguyen_Nhat2110,0,2023-10-20 04:41:47,Dòng tiền to đang đổ vào đỡ cho PDR mà mấy bố cứ hoảng loạn mà bán ra thế
PDR - Ngôi nhà Phát Đạt,otckanu2009,0,2023-10-20 05:35:01,"Bác đạt này đúng hẹn phết, trước hẹn 2 tuần có giấy phép xây dựng dự án Bắc hà thanh nay có giấy rồi kìa mng Có rồi"
PDR - Ngôi nhà Phát Đạt,SoaY,0,2023-10-20 07:21:48,Hôm nay xanh rồi ae ơi 
PDR - Ngôi nhà Phát Đạt,NguoiTungTrai1973,0,2023-10-20 07:25:32,"Lãi 101 tỷ như này sang tuần mà ko mà ko xanh, tím thì hơi phí   image 730×735 106 KB "
PDR - Ngôi nhà Phát Đạt,Khang_buivan,0,2023-10-20 07:26:18,uy tín
PDR - Ngôi nhà Phát Đạt,AHMAD,1,2023-10-20 07:28:05,"Sắp tím rồi kìa kìa, tăng 5.33% rồi bác"
PDR - Ngôi nhà Phát Đạt,SoaY,0,2023-10-20 07:40:50,"Mấy ông bđs khác tím hết rồi, cũng tím đi cho bằng bạn bằng bè chứ :))"
PDR - Ngôi nhà Phát Đạt,AHMAD,0,2023-10-20 07:55:27,Sau 4 phiên bị tạp cho tơi tả tăng như kia là vui rồi bác ơi
PDR - Ngôi nhà Phát Đạt,Khang_buivan,0,2023-10-20 07:57:13,"đr, v là dc rồi"
PDR - Ngôi nhà Phát Đạt,Khang_buivan,1,2023-10-20 07:57:34,"tạo đáy thì thị trường tăng cũng tầm 2,3 tuần"
PDR - Ngôi nhà Phát Đạt,Contraithangio,0,2023-10-20 08:33:46,"Lãi như này là ngon rồi, bđs ít DN lãi lắm"
PDR - Ngôi nhà Phát Đạt,otckanu2009,0,2023-10-20 09:06:06,"PDR ngon, đánh nhẹ nhàng, chắc. Khỏe hơn thị trường"
PDR - Ngôi nhà Phát Đạt,jacky90,0,2023-10-20 10:10:26,"tây múc kịt liệt mấy tháng có nhả ra đâu, mấy ông VN bán nhu phá mã"
PDR - Ngôi nhà Phát Đạt,otckanu2009,0,2023-10-20 10:38:22,"tây múc kịt liệt mấy tháng có nhả ra đâu, mấy ông VN bán nhu phá mã 35 lại múc vào rồi khen ngon"
PDR - Ngôi nhà Phát Đạt,Lienquanmobile,1,2023-10-20 14:36:56,đợt này các cụ còn hoạt động bên vietstock ko ạ
PDR - Ngôi nhà Phát Đạt,LoanPham,1,2023-10-22 05:49:47,Pdr mạnh hơn mấy con khác trong dòng bđs đúng không mn
PDR - Ngôi nhà Phát Đạt,otckanu2009,1,2023-10-23 08:25:57,đợt này các cụ còn hoạt động bên vietstock ko ạ Vẫn cụ à
PDR - Ngôi nhà Phát Đạt,Free_Young,1,2023-10-23 08:37:17,PDR khoẻ vs uy tín đấy chả bù ông DIG xanh cả phiên cuối phiên ATC nó đạp cho cái giảm hơn cả PDR :))
PDR - Ngôi nhà Phát Đạt,LiitoKala,1,2023-10-23 08:47:28,DIG thì nổi tiếng úp rồi =))
PDR - Ngôi nhà Phát Đạt,LinhNhiNguyen,1,2023-10-23 08:50:14,"Con này được nhiều hội nhóm hô phết, dự cuối năm về 4x liệu thât ko mng"
PDR - Ngôi nhà Phát Đạt,Khang_buivan,1,2023-10-23 09:24:43,lệnh từ trên trời rơi xuống trong phiên ATC
PDR - Ngôi nhà Phát Đạt,Khang_buivan,2,2023-10-23 09:25:00,bác nào kiến nghị dẹp ATO ATC giùm mình đi
PDR - Ngôi nhà Phát Đạt,otckanu2009,2,2023-10-23 09:49:08,"bác nào kiến nghị dẹp ATO ATC giùm mình đi ATO, ATC, T2.5 nên bỏ cụ nhỉ. PDR chắc chắn và bền, dòng tiền lớn tổ chức nó khác ngay"
PDR - Ngôi nhà Phát Đạt,Khang_buivan,0,2023-10-23 10:25:50,chính xác bác ạ
PDR - Ngôi nhà Phát Đạt,taubien,0,2023-10-24 00:36:59,"sắp gì, quây tôn để đó đã làm cái gì đâu"
PDR - Ngôi nhà Phát Đạt,otckanu2009,0,2023-10-24 03:54:47,"sắp gì, quây tôn để đó đã làm cái gì đâu "
PDR - Ngôi nhà Phát Đạt,K.A.S,1,2023-10-24 07:55:04,"Sóng BĐS sắp trở lại rồi Thủ tướng vừa có công điện yêu cầu Ngân hàng Nhà nước Việt Nam chỉ đạo các ngân hàng thương mại tiếp tục thúc đẩy việc cho vay tín dụng với lĩnh vực bất động sản, có chính sách khuyến mại tín dụng đặc biệt dành cho các dự án bất động sản khả thi,..."
PDR - Ngôi nhà Phát Đạt,DoanhNhanTre,1,2023-10-24 08:17:33,Hiện tại mấy mã bđs có vẻ đang mạnh. Bác có nhận định sao về mấy em cổ phiếu này : Dig pdr nvl dxg
PDR - Ngôi nhà Phát Đạt,Nguyen_Nhat2110,1,2023-10-24 08:28:28,Bác chính chỉ đạo NHNN thúc đẩy cho vay BĐS bảo sao nay bđs tăng mạnh vậy
PDR - Ngôi nhà Phát Đạt,NoiLaLam,0,2023-10-24 09:03:56,"Vãi hôm qua vừa bán một ít mấy con bđs, giờ chg nhẽ lại chuẩn bị full margin lại mấy em này"
PDR - Ngôi nhà Phát Đạt,NhatHuy,1,2023-10-24 09:24:51,ai khuyến nghị bác bán thế
PDR - Ngôi nhà Phát Đạt,Khang_buivan,0,2023-10-24 09:35:56,"Hiện tại mấy mã bđs có vẻ đang mạnh. Bác có nhận định sao về mấy em cổ phiếu này : Dig pdr nvl dxg nói chung cp BĐS để trading, ngành bđs cũng như cp BĐS ở VN còn mang tính đầu cơ"
PDR - Ngôi nhà Phát Đạt,Khang_buivan,0,2023-10-24 09:37:57,"giá nhà, chung cư vẫn đang ở trên trời vì giá đất chiếm hầu như giá thành của sp, ko đúng nhu cầu ở thực. Còn cp BĐS dễ trần dễ sàn, đánh theo tin và PTKT, vào sóng thì ăn nhiều nhưng cũng phải biết thoát ra đúng lúc"
PDR - Ngôi nhà Phát Đạt,Khang_buivan,1,2023-10-25 02:22:31,
PDR - Ngôi nhà Phát Đạt,Khang_buivan,2,2023-10-25 02:22:47,nay trần ko các bác
PDR - Ngôi nhà Phát Đạt,Troly_Khangbui,0,2023-10-25 02:50:01,NVL và PĐR khả năng trần luôn anh
PDR - Ngôi nhà Phát Đạt,NoiLaLam,0,2023-10-25 02:51:51,Đâu t đang cần tiền nên bán trc đi 1 ít thôi :)) nhg chắc phải canh giá  vào lại thôi
PDR - Ngôi nhà Phát Đạt,NguoiTungTrai1973,2,2023-10-25 02:53:44,"Trần chứ, sáng ra đã khỏe như này ko trần hơi phí"
PDR - Ngôi nhà Phát Đạt,Khang_buivan,0,2023-10-25 03:12:49,"um, PDR đoạn này mạnh, ko giảm sâu như cổ đất khác"
PDR - Ngôi nhà Phát Đạt,Khang_buivan,0,2023-10-25 03:18:13,giá trần ngay đúng band trên
PDR - Ngôi nhà Phát Đạt,NhatHuy,0,2023-10-25 03:35:51,vào lại chưa bác
PDR - Ngôi nhà Phát Đạt,NguoiTungTrai1973,1,2023-10-25 03:48:53,Sau bao phiên thăng trầm thì em nó đã trở lại và lợi hại hơn =))
PDR - Ngôi nhà Phát Đạt,Khang_buivan,1,2023-10-25 03:58:28,Sau bao phiên thăng trầm thì em nó đã trở lại và lợi hại hơn =)) kỳ vọng 2030 trở lại giá 7x :)))
PDR - Ngôi nhà Phát Đạt,dbqp,0,2023-10-25 08:01:29,Phải dow thì mới có cơ hội tăng manh
PDR - Ngôi nhà Phát Đạt,Snow.F,0,2023-10-25 09:10:57, image 961×294 34 KB  Quyết đoán lên ae
PDR - Ngôi nhà Phát Đạt,CamelemaC,0,2023-10-25 10:04:12,Rumor thôi mà chắc gì đã thành thật =))
PDR - Ngôi nhà Phát Đạt,Snow.F,0,2023-10-25 09:10:57, image 961×294 34 KB  Quyết đoán lên ae
PDR - Ngôi nhà Phát Đạt,CamelemaC,0,2023-10-25 10:04:12,Rumor thôi mà chắc gì đã thành thật =))
PDR - Ngôi nhà Phát Đạt,NguoiTungTrai1973,1,2023-10-25 10:09:07,Đọc tin mấy anh em rumor kìa càng kì vọng hơn bác nhỉ 
PDR - Ngôi nhà Phát Đạt,Troly_Khangbui,1,2023-10-25 14:58:42,em thấy nhóm BĐS có thể bị chốt lời ngắn hạn và dòng tiền qua nhóm khác
PDR - Ngôi nhà Phát Đạt,Khang_buivan,0,2023-10-25 15:06:03,"Đọc tin mấy anh em rumor kìa càng kì vọng hơn bác nhỉ  dòng ck có vẻ đang bị chốt lời ngắn hạn từ nđt bắt đáy, mà PDR vẫn xanh là quá khỏe r"
PDR - Ngôi nhà Phát Đạt,Nguyen_Nhat2110,0,2023-10-26 04:12:16,Thị trường hôm nay thảm khốc quá  
PDR - Ngôi nhà Phát Đạt,Nguyen_Nhat2110,1,2023-10-27 04:15:07,Phát đạt nhận công văn chấp thuận của UBCK về HS đăng ký chào bán CP. Tin mới PDR nè ae 702.42 KB
PDR - Ngôi nhà Phát Đạt,otckanu2009,1,2023-10-27 05:00:42,"Phát đạt nhận công văn chấp thuận của UBCK về HS đăng ký chào bán CP. Tin mới PDR nè ae Ngon, cải thiện dần nội lực"
PDR - Ngôi nhà Phát Đạt,NguoiTungTrai1973,0,2023-10-27 07:13:43,"Mấy em dòng bđs hôm nay khỏe phết, dig tím r kìa"
PDR - Ngôi nhà Phát Đạt,NoiLaLam,0,2023-10-27 07:17:28,Hôm qua gom đc ít rồi ông ơi :))
PDR - Ngôi nhà Phát Đạt,Nguyen_Nhat2110,0,2023-10-27 07:37:40,"DN đang có nhiều dự án nên chắc cần vốn để phát triển, vụ này chắc nhiều ông sẽ chi thêm tiền ra để múc lắm :))"
PDR - Ngôi nhà Phát Đạt,Khang_buivan,0,2023-10-27 08:25:06,PDR dạo này tin tốt nhiều nhỉ
PDR - Ngôi nhà Phát Đạt,Free_Young,1,2023-10-27 09:02:52,"PDR dự kiến bao giờ phát hành đấy cả nhà ơi, đang mong phát hành đề múc cổ giá rẻ đây"
PDR - Ngôi nhà Phát Đạt,Khang_buivan,0,2023-10-30 03:17:07,nhóm bđs gần như đã tạo đáy trước
PDR - Ngôi nhà Phát Đạt,NguoiTungTrai1973,0,2023-10-30 03:45:56,Đang đợi họp xong chốt ngày b à
PDR - Ngôi nhà Phát Đạt,Free_Young,0,2023-10-30 04:40:17,"vẫn bị ảnh hưởng từ nhóm cp họ nhà VIN, khả năng VNI sẽ chạm 1.000"
PDR - Ngôi nhà Phát Đạt,Khang_buivan,1,2023-10-30 06:07:08,"Lũy kế 9 tháng đầu năm, Novaland vẫn ghi nhận khoản lỗ 958 tỷ đồng."
PDR - Ngôi nhà Phát Đạt,Free_Young,0,2023-10-30 07:39:39,tt vớ vẩn quá thằng lỗ chỏng lol thì xanh còn thằng lãi thì đỏ đậm
PDR - Ngôi nhà Phát Đạt,Nguyen_Nhat2110,0,2023-10-30 08:58:28,Do TT thôi cứ bình tĩnh con này mà die thì cả nhóm bđs cũng k sống sót nổi đâu
PDR - Ngôi nhà Phát Đạt,Free_Young,0,2023-10-30 09:55:30,thấy DIG k cả phiên xanh cuối phiên nó đạp ATC cho sờ mờ lờ =]
PDR - Ngôi nhà Phát Đạt,Nguyen_Nhat2110,0,2023-10-31 04:09:08,PDR: CBTT về việc mua lại trái phiếu trước hạn | Vietstock
PDR - Ngôi nhà Phát Đạt,NguoiTungTrai1973,0,2023-10-31 04:11:15,Mua lại hơn 300 tỏi cũng dã man đấy
PDR - Ngôi nhà Phát Đạt,AHMAD,0,2023-10-31 07:47:46,Có chuyện gì mà ae bán kinh thế
PDR - Ngôi nhà Phát Đạt,Free_Young,0,2023-10-31 08:32:22,"hơn cờ bạc bịp, tạo lập quyết đánh VNI xuống dưới 1.000 r dis cụ bno"
PDR - Ngôi nhà Phát Đạt,otckanu2009,0,2023-10-31 08:36:28,"Có chuyện gì mà ae bán kinh thế PDR thì nội tại ổn, có lẽ bị call margin chéo. Khi các mã kia giảm thì bị lôi ra bán."
PDR - Ngôi nhà Phát Đạt,Nguyen_Nhat2110,0,2023-10-31 09:09:14,"Mọi thứ đều tốt, mỗi tội mấy anh lái đánh ác ôn vcc"
PDR - Ngôi nhà Phát Đạt,DT1989,0,2023-10-31 09:09:42," IMG_1901 746×797 131 KB  ,"
PDR - Ngôi nhà Phát Đạt,Nguyen_Nhat2110,0,2023-11-01 02:38:19,"Ôi cái đ’ gì đấy, sáng ra đã nằm sàn rồi"
PDR - Ngôi nhà Phát Đạt,Reyes,0,2023-11-01 02:48:38,PDR có tin gì mà nằm sàn Hoài vậy ad
PDR - Ngôi nhà Phát Đạt,Lamlaicuocdoi,0,2023-11-01 03:07:23,Ok @Khang_buivan  @Troly_Khangbui Khang phải nói là quá đỉnh
PDR - Ngôi nhà Phát Đạt,Khang_buivan,1,2023-11-01 03:08:37,"chắc này giảm bù rồi, nay bị call margin chứ doanh nghiệp vẫn v"
PDR - Ngôi nhà Phát Đạt,NguoiTungTrai1973,0,2023-11-01 03:49:32,Dn vẫn tốt sắp tới còn nhận 670 tỷ từ đợt phát hành cp riêng lẻ thì phải
PDR - Ngôi nhà Phát Đạt,NoiLaLam,2,2023-11-01 03:51:13,Bán thì đợi nó tăng rồi bán chứ mấy ông cứ vác ra bán sàn làm méo gì kb
PDR - Ngôi nhà Phát Đạt,Minhhv,1,2023-11-01 06:31:25,"Mình vẫn giữ từ 12k đến giờ, ae bán làm gì"
PDR - Ngôi nhà Phát Đạt,NoiLaLam,2,2023-11-01 07:04:39,NN đang múc mạnh mà mấy ông vn mình cứ kê sàn
PDR - Ngôi nhà Phát Đạt,Khang_buivan,1,2023-11-01 07:06:47,áp lực call có lẻ đã hết
PDR - Ngôi nhà Phát Đạt,Minhcua,2,2023-11-01 07:09:52,Thì mình còn gì nữa đâu a
PDR - Ngôi nhà Phát Đạt,NoiLaLam,0,2023-11-01 07:20:31,Khối ngoại nó mùa dòng luôn r kìa
PDR - Ngôi nhà Phát Đạt,Free_Young,0,2023-11-01 07:23:03,"ngắn hạn thua các bố nhỏ lẻ hết, tắt app qua năm sau tính tiếp"
PDR - Ngôi nhà Phát Đạt,NguoiTungTrai1973,1,2023-11-01 07:27:10,Đến chịu mấy bố nhỏ lẻ
PDR - Ngôi nhà Phát Đạt,Free_Young,1,2023-11-01 07:35:37,dis cụ cả mấy thằng brk nữa hô hào lung tung làm bọn trym bé tay lúc nào cũng nhăm nhăm lệnh bán thôi tắt app đi làm việc kiếm tiền năm sau mở lại chốt lãi sau =]
PDR - Ngôi nhà Phát Đạt,NoiLaLam,0,2023-11-01 07:37:37,Năm sau mở ra chắc lãi ko bác =))
PDR - Ngôi nhà Phát Đạt,Free_Young,0,2023-11-01 07:39:47,chắc hay k thì phải để năm sau có kết quả bác nhé =]] tầm này mở app ra là đập đầu vào tường đấy bán k dám bán mua k có tiền mua nên tắt app CHÀO THUA THỊ TRƯỜNG =]
PDR - Ngôi nhà Phát Đạt,Free_Young,1,2023-11-01 07:40:19,cơ mà bác thấy ngoại vs tự doanh bno vẫn múc miệt mài dự tầm tháng 6 năm sau bno lại đái vào đầu nhỏ lẻ thôi bác ơi bao năm nay vẫn vậy r
PDR - Ngôi nhà Phát Đạt,Khang_buivan,1,2023-11-01 08:00:17,"từ sàn lên xanh nhẹ, đẳng cấp thế"
PDR - Ngôi nhà Phát Đạt,NoiLaLam,0,2023-11-01 08:04:31,Thằng nào bán sàn chắc giờ cay lắm =))
PDR - Ngôi nhà Phát Đạt,ThaoMy868,0,2023-11-01 08:52:06,"call nhỏ lẻ thôi cả nhà, còn DN vẫn giữ ổn định mà"
PDR - Ngôi nhà Phát Đạt,ThaoMy868,2,2023-11-01 08:59:45,910.83 KB Tháng này thu luôn 670 tỏi về xử lý trái phiếu cho xong luôn trong năm nay
PDR - Ngôi nhà Phát Đạt,ThaoMy868,1,2023-11-01 09:00:27,"Dự án được duyệt liên tục, giảm chỉ có do bọn short TT chung thôi chứ còn lý do gì nữa ae"
PDR - Ngôi nhà Phát Đạt,Khang_buivan,0,2023-11-01 09:02:08,"bị ảnh hưởng bởi thị trường chung như dòng Vin , MSN, MWG đồ thôi"
PDR - Ngôi nhà Phát Đạt,ThaoMy868,0,2023-11-01 09:03:51,Bác có biết diễn biến sau VIN ntn không bác?!?
PDR - Ngôi nhà Phát Đạt,otckanu2009,0,2023-11-01 09:28:17,"Cái chắc nhất là theo DN, chứ cứ xem xanh đỏ hàng ngày hàng giờ mệt lắm"
PDR - Ngôi nhà Phát Đạt,Khang_buivan,0,2023-11-02 01:31:36,mình kệ nó luôn r
PDR - Ngôi nhà Phát Đạt,jacky90,0,2023-11-02 01:42:29,"PDR mà PHR ngày mấy bác, giá sẽ giảm bao nhiêu nhỉ ad"
PDR - Ngôi nhà Phát Đạt,Minhhv,0,2023-11-02 02:45:03,"Cứ xuống lại mua thêm, về dc đến 10k ko, mình mua từ 12 vẫn chưa bán, muốn x3,4 thì phải lỳ,DN tốt có gì phải sợ"
PDR - Ngôi nhà Phát Đạt,Khang_buivan,0,2023-11-02 02:47:41,để mình xem thử
PDR - Ngôi nhà Phát Đạt,NguoiTungTrai1973,0,2023-11-02 02:48:05,DN thu xếp giảm nợ giảm trái phiếu đưa dn về trạng thái an toàn đã là thành công lắm rồi
PDR - Ngôi nhà Phát Đạt,Nguyen_Nhat2110,0,2023-11-02 03:02:13,"Mới thấy được cấp phép xđ cuối tháng 10 mà giờ đã thi công luôn rồi, tốc độ vãi Công ty CP Phát triển BĐS Phát Đạt (HoSE: PDR) đã thực hiện nghi thức động thổ và chính thức triển khai thi công dự án Khu đô thị Bắc Hà Thanh tại Bình Định. Đây là dự án có quy mô 43,16 ha với mức đầu tư hơn 2.343 tỷ đồng."
PDR - Ngôi nhà Phát Đạt,ThaoMy868,0,2023-11-02 03:22:57,Phát súng đã nổ chăng
PDR - Ngôi nhà Phát Đạt,Nguyen_Nhat2110,0,2023-11-02 03:33:15,Súng này nổ hơi căng đấy nha
PDR - Ngôi nhà Phát Đạt,Nguyen_Nhat2110,0,2023-11-02 03:33:15,Súng này nổ hơi căng đấy nha
PDR - Ngôi nhà Phát Đạt,ThaoMy868,0,2023-11-02 03:39:05,"chưa căng lắm đâu, mới khởi công xây dựng mà ae"
PDR - Ngôi nhà Phát Đạt,ThaoMy868,0,2023-11-02 03:39:28,"Xây xong mở bán dòng tiền về, rồi chuẩn bị trả hết nợ trái phiếu tỏng năm 2023 này luôn mới căng nè"
PDR - Ngôi nhà Phát Đạt,LeQuangDao,1,2023-11-02 03:53:08,"Uy tín đấy, đánh giá cao động thái này của bác đạt"
PDR - Ngôi nhà Phát Đạt,NoiLaLam,0,2023-11-02 03:55:27,Ông nào múc thì nhanh đi không khối ngoại nó múc mịa hết giờ
PDR - Ngôi nhà Phát Đạt,Nguyen_Nhat2110,0,2023-11-02 07:06:08,"Tím đi nào, các ae bđs tím hết rồi"
PDR - Ngôi nhà Phát Đạt,NoiLaLam,0,2023-11-02 07:13:10,Cả họ tím rồi mà không tím nốt đi
PDR - Ngôi nhà Phát Đạt,NoiLaLam,0,2023-11-02 07:14:10,Cuối cùng cũng tím rồi ae ơiiiii 
PDR - Ngôi nhà Phát Đạt,ThaoMy868,0,2023-11-02 07:53:50,"[English caption below]
📣📣📣 DỰ ÁN KHU ĐÔ THỊ BẮC HÀ THANH CHÍNH THỨC TRIỂN KHAI THI CÔNG

Công ty CP Phát triển BĐS Phát Đạt (HoSE: PDR) đã thực hiện... Lên luôn khởi công dự án vào một buổi chiều tím"
PDR - Ngôi nhà Phát Đạt,Nguyen_Nhat2110,0,2023-11-03 03:19:37,Dn ngon như này mà mấy thg nhỏ lẻ cứ vác hàng ra bán
PDR - Ngôi nhà Phát Đạt,TaQuangHuy,0,2023-11-03 07:29:29,PDR hôm nay có vẻ hơi yếu nhỉ
PDR - Ngôi nhà Phát Đạt,NguoiTungTrai1973,0,2023-11-03 07:59:32,"Nể mấy ông xanh tím méo bán, nay đỏ lại vác đi bán"
PDR - Ngôi nhà Phát Đạt,otckanu2009,0,2023-11-03 09:08:46,"Nể mấy ông xanh tím méo bán, nay đỏ lại vác đi bán Gì mà phải sốt ruột. Thế mới có giá ngon mà múc Hàng cô đặc dần thế này…thấy khều nhẹ cái xanh mướt cả"
PDR - Ngôi nhà Phát Đạt,Cong_Tuyen_Calavat,0,2023-11-03 12:00:17,PDR đang bán công ty con dự thu về khoảng 1.3k tỉ => tha hồ tiền làm dự án
PDR - Ngôi nhà Phát Đạt,NguoiTungTrai1973,0,2023-11-06 02:49:30,Tin tốt  như này hôm nay không xanh tím hơi phí 
PDR - Ngôi nhà Phát Đạt,ThaoMy868,0,2023-11-06 03:48:56,Đêm qua nằm mơ thấy chuẩn bị có cá mập lớn bơi vào làm đối tác chiến lược PDR nhé @Khang_buivan
PDR - Ngôi nhà Phát Đạt,Khang_buivan,0,2023-11-06 03:59:17,ghê v kk
PDR - Ngôi nhà Phát Đạt,ThaoMy868,1,2023-11-06 04:04:15,"Hồi sau sẽ rõ nhé, tranh thủ gom gom lúc thị trường biến động"
PDR - Ngôi nhà Phát Đạt,Nguyen_Nhat2110,1,2023-11-06 04:06:26,:)) T cũng nghe phong phanh có tin quỹ lớn chuẩn bị làm đối tác cho DN
PDR - Ngôi nhà Phát Đạt,NoiLaLam,0,2023-11-06 04:17:42,Tin chuẩn không bác hay chỉ rumor thôi
PDR - Ngôi nhà Phát Đạt,Khang_buivan,0,2023-11-06 04:27:38,"Hồi sau sẽ rõ nhé, tranh thủ gom gom lúc thị trường biến động giờ nói chung test lại càng tốt, yên tâm mua hơn vì trend tăng sau đó sẽ bền"
PDR - Ngôi nhà Phát Đạt,ThaoMy868,1,2023-11-06 04:30:24,Bác làm một bài đánh giá thị trường chung đi bác cho ae yên tâm và có view về TT sắp tới @Khang_buivan
PDR - Ngôi nhà Phát Đạt,Khang_buivan,0,2023-11-06 06:01:19,oke
PDR - Ngôi nhà Phát Đạt,ThaoMy868,0,2023-11-06 06:35:33,Tin chuẩn chưa để đi đồn hay sao :))
PDR - Ngôi nhà Phát Đạt,NoiLaLam,0,2023-11-06 07:10:22,Chuẩn chưa để còn biết đường giữ đến cuối năm bác ơi :))
PDR - Ngôi nhà Phát Đạt,Ngocsun,0,2023-11-06 07:29:02,Vn là đất nước mà muốn biết tin đồn gì ra đầu ngõ 10p là biết tuốt từ A đến B
PDR - Ngôi nhà Phát Đạt,Nguyen_Nhat2110,1,2023-11-07 04:25:54,"Với lợi thế sở hữu vị trí đắc địa, Astral City được kì vọng sẽ mang đến nhiều căn hộ cao cấp cùng môi trường sống tiện nghi. Nhưng trong quá trình triển khai, dự án liên tục bị vướng vào nhiều tai tiếng khiến người mua nghi ngờ về chất lượng cũng như..."
PDR - Ngôi nhà Phát Đạt,Contraithangio,0,2023-11-07 06:47:26,Tin này tiêu cực mà ông
PDR - Ngôi nhà Phát Đạt,NguoiTungTrai1973,0,2023-11-07 06:54:02,Hình như là DC phải hem bác
PDR - Ngôi nhà Phát Đạt,Nguyen_Nhat2110,1,2023-11-07 07:14:14,"Đọc nghĩ đi ông, dự kiến bàn giao dự án vào quý 1/2024 nè lại sắp thu về 1 khoản kha khá rồi :))   image 703×117 14.8 KB "
PDR - Ngôi nhà Phát Đạt,Free_Young,0,2023-11-07 07:37:50,thấy bảo cuối năm Danh Khôi trả 1k tỉ cho Phát Đạt k biết đã trả chưa nhỉ
PDR - Ngôi nhà Phát Đạt,ThaoMy868,1,2023-11-07 07:57:28,"Doanh nghiệp ổn, dự án ngon, quỹ ngoại cứ mua túc tắc để đồng hành cùng doanh nghiệp thôi"
PDR - Ngôi nhà Phát Đạt,DenisTran,0,2023-11-07 08:10:21,Mua tầm bao nhiêu bác biết không?!?
PDR - Ngôi nhà Phát Đạt,ThaoMy868,0,2023-11-07 09:00:12,Nghe đâu tầm 10 triệu đô đó bác
PDR - Ngôi nhà Phát Đạt,Nguyen_Nhat2110,0,2023-11-07 09:24:28,Khủng vậy
PDR - Ngôi nhà Phát Đạt,NguoiTungTrai1973,0,2023-11-08 06:57:44,"Hôm nay cổ phiếu bđs đỉnh vậy, tăng bù à ae :))"
PDR - Ngôi nhà Phát Đạt,Khang_buivan,0,2023-11-08 06:59:08,liệu có phải là FTD
PDR - Ngôi nhà Phát Đạt,NguoiTungTrai1973,0,2023-11-08 07:12:33,Trần rồi mà vẫn mua tới tấp :))
PDR - Ngôi nhà Phát Đạt,ThaoMy868,0,2023-11-08 07:15:55,Để đây và không biết nói gì thêm
PDR - Ngôi nhà Phát Đạt,NguoiTungTrai1973,0,2023-11-08 07:22:27,"Khớp 3,2tr cổ trần r"
PDR - Ngôi nhà Phát Đạt,ThaoMy868,0,2023-11-08 07:29:47,Bác vào kéo đấy ạ :)))
PDR - Ngôi nhà Phát Đạt,NguoiTungTrai1973,0,2023-11-08 07:33:16,T cho nó nhốt trần luôn =))
PDR - Ngôi nhà Phát Đạt,Minhhv,0,2023-11-08 07:35:42,Nay có vụ gì mà tím tái hết thế các bác
PDR - Ngôi nhà Phát Đạt,NoiLaLam,0,2023-11-08 07:35:45,"Quá ghê gớm, khủng nhất dòng bđs luôn"
PDR - Ngôi nhà Phát Đạt,ThaoMy868,0,2023-11-08 07:45:59,"Chắc ko đến nổi đâu, DIG với NVL tím sớm nhất dòng BĐS"
PDR - Ngôi nhà Phát Đạt,NoiLaLam,0,2023-11-08 07:57:09,"Nhg con này uy tín hơn, dig của a7 t rén lắm =))"
PDR - Ngôi nhà Phát Đạt,ThaoMy868,0,2023-11-08 08:03:58,"Rén gì bác, mang tính đầu cơ cao lên xuống mới mạnh, sóng sánh mới đã chứ/ Mỗi người một phong cách, nói thế ae Digger trên đây vào bắn bác h :))))"
PDR - Ngôi nhà Phát Đạt,ThaoMy868,1,2023-11-08 08:08:58,hay xưa bác đu 100  
PDR - Ngôi nhà Phát Đạt,NoiLaLam,0,2023-11-08 08:20:53,không 100 thì hơi quá nhưng t đu 90 =)))))))))))
PDR - Ngôi nhà Phát Đạt,Khang_buivan,0,2023-11-08 08:33:13,90 là ít dữ chưa
PDR - Ngôi nhà Phát Đạt,ThaoMy868,1,2023-11-08 09:00:58,Là ít dữ rồi đó nên bác mới bị ám ảnh dữ z
PDR - Ngôi nhà Phát Đạt,NoiLaLam,0,2023-11-08 09:11:26,Ít dữ rồi đó bác =)))))))))))
PDR - Ngôi nhà Phát Đạt,Khang_buivan,0,2023-11-08 11:58:49, image 1920×1080 182 KB 
PDR - Ngôi nhà Phát Đạt,Khang_buivan,2,2023-11-08 11:59:37,"PDR phải nói khỏe nhất dòng BĐS, ít bị ảnh hưởng bởi thị trường chung, sắp tới lên lắp GAP vùng 34-37 là khả thi"
PDR - Ngôi nhà Phát Đạt,Nguyen_Nhat2110,0,2023-11-09 03:22:13,Liệu nay có có tím tiếp không anh em
PDR - Ngôi nhà Phát Đạt,otckanu2009,1,2023-11-09 03:29:41,"Liệu nay có có tím tiếp không anh em Quan tâm xanh đỏ gì 1-2 phiên, khỏe nhất dòng BĐS rồi, phá đỉnh sớm thôi"
PDR - Ngôi nhà Phát Đạt,Nguyen_Nhat2110,1,2023-11-09 03:39:59,Tím thì vẫn vui hơn cứ bác 
PDR - Ngôi nhà Phát Đạt,NoiLaLam,1,2023-11-09 03:43:20,"Lúc xanh lơ ko mua, tím tranh nhau múc như sợ hết hàng thế kia =))"
PDR - Ngôi nhà Phát Đạt,NguoiTungTrai1973,1,2023-11-09 03:45:20,"Kinh thật, PDR hôm nay leader bđs à"
PDR - Ngôi nhà Phát Đạt,Khang_buivan,1,2023-11-09 03:47:44,khỏe thật
PDR - Ngôi nhà Phát Đạt,NguoiTungTrai1973,0,2023-11-09 03:51:54,"Quá khét, không xanh nổi cứ xanh phát là lại kéo cho tím lại luôn =))"
PDR - Ngôi nhà Phát Đạt,otckanu2009,1,2023-11-09 03:57:41,Cổ đông PDR quá chuẩn. Kiên nhẫn theo Dn là ngon. Hàng chất nó khác
PDR - Ngôi nhà Phát Đạt,Minhhv,0,2023-11-09 04:11:32,"Đúng là phải lỳ gồng lãi, xuống mua thêm, bắt sàn mấy hôm 19 em lại ko vào bắt nữa lại tiếc"
PDR - Ngôi nhà Phát Đạt,otckanu2009,1,2023-11-09 04:14:48,"Đúng là phải lỳ gồng lãi, xuống mua thêm, bắt sàn mấy hôm 19 em lại ko vào bắt nữa lại tiếc Nhỏ lẻ hay bị cuốn theo xanh đỏ từng phiên, cốt lõi vẫn là DN nó tốt lên. Xanh đỏ từng phiên nó mệt lắm"
PDR - Ngôi nhà Phát Đạt,Free_Young,2,2023-11-09 04:17:13,"đường xa mới biết được hay, trong tất cả các mã bđs chắc chỉ có PDR là giảm ít nhất nhưng khi tt hồi phục thì lại hồi nhanh nhất năm sau ra hàng bình dương, quy nhơn, tiền astra về, tiền bán cty con về thì giá khoảng 4 5x là chuyện trong tầm tay"
PDR - Ngôi nhà Phát Đạt,otckanu2009,1,2023-11-09 04:19:52,"đường xa mới biết được hay, trong tất cả các mã bđs chắc chỉ có PDR là giảm ít nhất nhưng khi tt hồi phục thì lại hồi nhanh nhất năm sau ra hàng bình dương, quy nhơn, tiền astra về, tiền bán cty con về thì giá khoảng 4 5x là chuyện trong tầm tay Nhìn vậy cho nó thanh thản đúng ko cụ, chứ cứ hô nay xanh mai đỏ mệt lắm Cái hay là các nơi ko ai hô PDR cả , ngay trong room này cũng lơ thơ mấy cổ đông cũ"
PDR - Ngôi nhà Phát Đạt,Minhhv,1,2023-11-09 06:32:51,"Em mua từ 12 đây bác vẫn gom thêm, định gom để mấy năm rồi mới tính."
PDR - Ngôi nhà Phát Đạt,Nguyen_Nhat2110,0,2023-11-09 07:21:35,Kiểu này này là cứng đét r không giãy dụa được gì nữa r haha
PDR - Ngôi nhà Phát Đạt,Free_Young,0,2023-11-09 07:48:59,"trên f247 chủ yếu nđt nắm DIG và 1 số con CHIM LỢN đến từ các cty chứng khoán Mà nói thật DIG tầm này hết hot rồi dự án thì lèo tèo mà hy vọng không nhiều tầm này PDR là ngon nhất tồn kho nhiều, dự án triển khai gối đối + tiền bán công ty con 1,3k tỉ + tiền sắp tới danh khôi trả 1k tỉ thì nó bắt buộc phải lead dòng thôi bác"
PDR - Ngôi nhà Phát Đạt,Nguyen_Nhat2110,0,2023-11-09 08:07:27,Cẩn thận cổ đông DIG vào táp cho tới tập bây giờ :))
PDR - Ngôi nhà Phát Đạt,otckanu2009,0,2023-11-09 09:47:32,"trên f247 chủ yếu nđt nắm DIG và 1 số con CHIM LỢN đến từ các cty chứng khoán Mà nói thật DIG tầm này hết hot rồi dự án thì lèo tèo mà hy vọng không nhiều tầm này PDR là ngon nhất tồn kho nhiều, dự án triển khai gối đối + tiền bán công ty con 1,3k tỉ + tiền sắp tới danh khôi trả 1k tỉ thì nó bắt buộc phải lead dòng thôi bác Bàn PDR thôi nhỉ, ko nói và so sánh các cp cụ à. Nước sông ko phạm nước giếng. PDR nay uy lực dũng mãnh thế nào thì mọi người biết cả mà"
PDR - Ngôi nhà Phát Đạt,otckanu2009,2,2023-11-09 09:49:42,"Em mua từ 12 đây bác vẫn gom thêm, định gom để mấy năm rồi mới tính. Chúc mừng cụ nhé. Đôi khi tin tưởng và đặt niềm tin đúng 1 mã thôi là đủ, nó nhàn đầu và nhẹ nhàng thoải mái cụ nhỉ"
PDR - Ngôi nhà Phát Đạt,Reyes,1,2023-11-09 09:52:44,Pdr giờ vào đc ko ad
PDR - Ngôi nhà Phát Đạt,Khang_buivan,1,2023-11-09 12:05:38,"vẫn oke nhé, ngắn hạn thì T+ ăn sóng vượt đỉnh, dài hạn thì gom dần"
PDR - Ngôi nhà Phát Đạt,Khang_buivan,0,2023-11-10 02:44:16,PDR nay vẫn khỏe
PDR - Ngôi nhà Phát Đạt,Khang_buivan,0,2023-11-10 02:44:24,leader nhóm bđs
PDR - Ngôi nhà Phát Đạt,Nguyen_Nhat2110,0,2023-11-10 02:59:26,Mấy hôm nay uống nhầm doping hay gì mà khỏe dữ vậy bây
PDR - Ngôi nhà Phát Đạt,Khang_buivan,0,2023-11-10 03:21:12,"lúc thị trường giảm thì nó giảm ít, thể hiện sức mạnh lúc đó r"
PDR - Ngôi nhà Phát Đạt,Nguyen_Nhat2110,2,2023-11-10 03:29:02,"Mấy con bđs NVL,DIG giảm rồi mà e này vẫn khỏe"
PDR - Ngôi nhà Phát Đạt,ThaoMy868,1,2023-11-10 03:36:39,"Từ từ cả nhà, khả năng nay sẽ có điều chỉnh toàn thị trường, xem dòng tiền cầu vào có mạnh không đã"
PDR - Ngôi nhà Phát Đạt,Khang_buivan,1,2023-11-10 03:47:13,"bđs , ck đang khỏe nhất"
PDR - Ngôi nhà Phát Đạt,otckanu2009,0,2023-11-10 04:36:23,"PDR cái hay là toàn tiền tổ chức, khối ngoại. Còn đu bám ít, ngắn hạn lên đc mạnh sẽ chỉnh mạnh là bt. Nếu xđ cầm theo D N cứ mua tích sản dần thôi, xanh đỏ 1-2 phiên cũng có gì mà phải vội đâu. Ngay trên F này cũng quanh quẩn mấy ae cổ đông cũ, lỳ lợm kệ xanh đỏ"
PDR - Ngôi nhà Phát Đạt,Cong_Tuyen_Calavat,2,2023-11-10 05:19:52,"Cái này chuẩn này bác, PDR ngoại vs tổ chức nắm nhiều vì cơ bản hàng tồn kho nhiều + dự án gối đầu dự năm sau bđs hồi phục e ns lead dòng thôi"
PDR - Ngôi nhà Phát Đạt,Khang_buivan,0,2023-11-10 06:28:43,BĐS khỏe thế
PDR - Ngôi nhà Phát Đạt,NoiLaLam,0,2023-11-10 07:52:31,"DIG chỉ hot lúc có a7 thôi giờ làm gì còn vị gì đâu, hôm trc thấy a7 lại bị réo tên trên vtv money dig,ceo 500k là rẻ rách :))"
PDR - Ngôi nhà Phát Đạt,Free_Young,2,2023-11-10 08:57:08,"chuẩn con hàng bơm thổi k có vẹo gì cả, còn k đủ so sánh với DXG"
PDR - Ngôi nhà Phát Đạt,BankingInvestor,0,2023-11-12 13:45:49,"cái hay của pdr là áp lực trái phiếu giảm còn 800 tỷ là tốt nhưng cái dỡ là tiền người mua trả tiền trước giảm tụt quần chứng tỏ dòng vốn mặc dầu rất rẻ nhưng ko dc ưu tiên vào bds.Đây là điểm cần lưu ý và quan sát nhé mấy anh em,năm sau kte vn sẽ tăng trưởng 7% mà ko tính bds góp phần thì mấy bác nên bít đường mà rút sớm đi vì nếu thế thì nhà nước chính thức siết dòng vốn vào bds mà hướng tới tương lai nội tại nền kte là hướng dòng vốn vào sản suất công nghệ đấy.Quan sát"
PDR - Ngôi nhà Phát Đạt,BankingInvestor,0,2023-11-12 15:10:11,"Tui cảnh báo mấy ace ndt nhé,nói trước chứ tới lúc nó upbo thì bảo sao tại số   hình ảnh 828×1792 129 KB    hình ảnh 828×1792 127 KB    hình ảnh 828×1792 140 KB  mấy bác có thấy cái dthu quý 3 ấy ko?nó đến từ chuyển nhượng đất chứ ko phải bán hàng cho khách hàng,mà cái khoản phải thu ở mục của khách hàng suất hiện thêm 2 cty là VEGA và LYRA  có nghĩa là dthu bán chuyển nhượng nó khả năng cao đến từ 2cty này nó tuong đương khoản dthu quý này của PDR,mà dthu đó là nó bán nợ đó chưa thu tiền đó,hay pdr nó lập đại ra cái cty nào đó để làm đẹp sổ sách thôi,chưa kể hàng tồn kho vẫn trên 12k tỷ có nghĩa là mặc dầu ls nó về thấp hơn thời covid rùi mà dân vẫn ko có tiền mua đất là mấy bác bít nó thíu dòng tiền cỡ nào rùi.nói chung nôm na thế này với một dnghiep đầu ngành như PDR mà còn như thế thì khả năng có sóng ngành bds là thấp,nó ko có câu chuyện đủ hay để đánh lên mạnh"
PDR - Ngôi nhà Phát Đạt,BankingInvestor,0,2023-11-12 15:27:10,bds chả có vẹo gì đâu a
PDR - Ngôi nhà Phát Đạt,jacky90,0,2023-11-13 01:02:10,"pic ko còn ai, rụng hàng hết rồi, kéo lên bao nhiêu mà ko dc"
PDR - Ngôi nhà Phát Đạt,Free_Young,0,2023-11-13 01:22:52,"thằng nguu BĐS là sương sống của đất nước, may k thấy bđs sập cái GDP cũng bị giảm theo ah k vực dậy bđs thì sắt thép, đá, sỏi, cát.... mang về lấp nhà thằng bố may ah bđs mà k sống lại thì thằng bank là thằng chết đầu tiên => NGU"
PDR - Ngôi nhà Phát Đạt,jacky90,0,2023-11-13 01:53:24,"giá này ko múc đâu, đợi lên 3x múc cật lực"
PDR - Ngôi nhà Phát Đạt,Khang_buivan,0,2023-11-13 02:18:48,"Hội nghị còn có sự tham dự của Thống đốc NHNN, Bộ trưởng Bộ Xây dựng, lãnh đạo nhiều bộ ngành. Ngoài ra, Tổng giám đốc của 14 tổ chức tín dụng có trụ sở tại Hà Nội (có dư nợ tín dụng bất động sản trên 20.000 tỷ đồng), các doanh nghiệp bất động sản... ."
PDR - Ngôi nhà Phát Đạt,NoiLaLam,0,2023-11-13 03:03:05,"Pic tự dưng mọc lên vài con chim lợn, chắc đang thèm hàng quá vào bơm cho anh em sợ đây mà :))"
PDR - Ngôi nhà Phát Đạt,BankingInvestor,0,2023-11-13 04:09:18,"bác ko nên sân si thế,tuỳ quan điểm của mỗi ndt nhưng nếu chọn gdp 7% ko có đóng góp bds còn hơn gdp10% mà có bds"
PDR - Ngôi nhà Phát Đạt,BankingInvestor,1,2023-11-13 04:11:51,mấy bác cứ tiếp tục quan sát năm sau kte tăng trưởng ls thấp mà bank nó vẫn siết vào bds là mấy bác biết chính phủ nó muốn siết bds hướng dòng vốn vào sản suất công nghệ công nghiêp
PDR - Ngôi nhà Phát Đạt,Khang_buivan,1,2023-11-13 04:20:24,
PDR - Ngôi nhà Phát Đạt,Free_Young,0,2023-11-13 04:48:31,"thế hỏi bác thường thì tiền nhà nước bơm ra thị trường sẽ qua kênh nào? chẳng nhẽ bơm qua kênh tôm cá, gạo đường… k phải là bđs thì ngành nào đủ lực kéo các ngành ăn theo như vật tư, gỗ, đá,si măng, sắt, thép… bác đọc dc dăm ba cái tin vớ vẩn xog cứ tưởng mình gì cũng biết nhưng thực chất bác lại đek biết cái gì"
PDR - Ngôi nhà Phát Đạt,Nguyen_Nhat2110,0,2023-11-13 08:09:01,Bất động sản Phát Đạt (mã cổ phiếu PDR) vừa tiến hành động thổ và chính thức triển khai dự án Khu đô thị Bắc Hà Thanh tại tỉnh Bình Định với mức đầu tư hơn 2.300 tỷ đồng.
PDR - Ngôi nhà Phát Đạt,Khang_buivan,0,2023-11-14 02:43:12, image 1453×770 95.5 KB 
PDR - Ngôi nhà Phát Đạt,Khang_buivan,0,2023-11-14 02:43:12, image 1453×770 95.5 KB 
PDR - Ngôi nhà Phát Đạt,Khang_buivan,1,2023-11-14 02:43:21,vượt đỉnh
PDR - Ngôi nhà Phát Đạt,NguoiTungTrai1973,1,2023-11-14 03:01:49,Gáy thôi nào anh em :))
PDR - Ngôi nhà Phát Đạt,Khang_buivan,0,2023-11-14 03:12:05,mạnh hơn phần còn lại của nhóm bđs thật
PDR - Ngôi nhà Phát Đạt,Free_Young,0,2023-11-14 03:14:26,"ttck vn chơi 15p cuối thôi các bác, cả phiên xanh cuối phiên nó đạp chỉ số cho cái lại đi về với cát bụi bao phiên thế rồi nên cứ bình tĩnh"
PDR - Ngôi nhà Phát Đạt,CafeBluechip,0,2023-11-14 03:15:46,"Quá mạnh mẽ, chuẩn bị vượt cản 52 tuần kìa @_ @"
PDR - Ngôi nhà Phát Đạt,NguoiTungTrai1973,0,2023-11-14 03:18:00,"Siêu khỏe, hội tây lông đang xúc lại rồi"
PDR - Ngôi nhà Phát Đạt,otckanu2009,0,2023-11-14 04:36:23,Quan tâm gì phiên cho nhọc
PDR - Ngôi nhà Phát Đạt,ThaoMy868,2,2023-11-14 07:50:33,Chính xác
PDR - Ngôi nhà Phát Đạt,Minh_Nguyen11,0,2023-11-14 12:34:05,"Khả năng là đang phân phối khá cao, sau cuộc họp giữa NH và các dn bds hôm qua thì phát đi tín hiệu ko tích cực. Vì vậy dòng tiền lớn có thể sẽ pp dần và có nhưng phiên nhồi lên tụt xuống để ndt tham gia nhiều hơn rồi mới úp bô"
PDR - Ngôi nhà Phát Đạt,NguoiTungTrai1973,0,2023-11-15 03:33:09,Nghe đồn chuẩn bị có NH lớn nào đó chuẩn bị hợp tác cấp tín dụng hơn 3000 tỏi để thực hiện dự án ở bình dương thì phải
PDR - Ngôi nhà Phát Đạt,ThaoMy868,0,2023-11-15 03:58:31,Rồi úp dữ chưa =))) sao tăng lèo 30 điểm zạ má
PDR - Ngôi nhà Phát Đạt,ThaoMy868,0,2023-11-15 03:58:50,Thông tin đâu zậy bác?!? Mạng phép đoán TCB hả =))
PDR - Ngôi nhà Phát Đạt,hoanganhdo2607,0,2023-11-15 04:12:13,MB Bank
PDR - Ngôi nhà Phát Đạt,hoanganhdo2607,0,2023-11-15 04:12:35,"[RUMOR] - Cập nhật tin tức PDR  MBB sẽ tài trợ cho dự án Thuận An của PDR (còn gọi là NTMK, Bình Dương). Khoản tài trợ này bao gồm một khoản tín dụng lên tới 3,2 nghìn tỷ đồng (hoặc 132 triệu USD) và bảo lãnh lên tới 2,15 nghìn tỷ đồng (hoặc 88,5 triệu USD)  Thuận An giai đoạn 1 đã nhận được quy hoạch chi tiết 1/500 vào tháng 9/2023. Như vậy, với nguồn vốn từ MBB, các thủ tục khác sẽ sớm được thực hiện và sẽ mở bán vào đầu năm 2024. Dự án sẽ là chất xúc tác nổi bật cho PDR trong 2024."
PDR - Ngôi nhà Phát Đạt,NguoiTungTrai1973,0,2023-11-15 04:15:54,T chưa biết rõ mới chỉ nghe đồn thôi :)) không biết có nằm trong BIG 4 ko
PDR - Ngôi nhà Phát Đạt,NoiLaLam,0,2023-11-15 04:17:11,Chắc đang thèm hàng vào dọa cho mấy ông nhỏ lẻ bán để gom đấy =))
PDR - Ngôi nhà Phát Đạt,Nguyen_Nhat2110,0,2023-11-15 06:57:43,Có báo cáo phân tích khá kĩ về phát đạt của FIDT share cho anh em tham khảo 3.77 MB
PDR - Ngôi nhà Phát Đạt,Luacongtu,0,2023-11-15 09:45:13,gắt vậy cả nhà    image 939×671 88.3 KB 
PDR - Ngôi nhà Phát Đạt,NguoiTungTrai1973,0,2023-11-16 02:49:11,1198.01 KB
PDR - Ngôi nhà Phát Đạt,NoiLaLam,0,2023-11-16 04:18:56,Huy động được tiền ở thời điểm này là ngon rồi
PDR - Ngôi nhà Phát Đạt,TaQuangHuy,0,2023-11-16 04:41:44,"Bác đạt đỉnh thật, một loạt các dự án đc duyệt pháp lý nguồn tiền lại về đúng lúc"
PDR - Ngôi nhà Phát Đạt,Luacongtu,1,2023-11-16 13:57:49,Chút nhá hàng trước giờ G  image 1072×629 49.1 KB 
PDR - Ngôi nhà Phát Đạt,ThaoMy868,0,2023-11-16 13:59:27,"Tin này pk bác?? Phát Đạt sẽ triển khai hoạt động vay vốn thông qua hai công ty con, cũng là chủ đầu tư của hai dự án Thuận An 1, Thuận An 2. Bộ đôi này có tổng mức đầu tư dự kiến lên tới 10.800 tỷ đồng, hiện đang trong giai đoạn hoàn thiện pháp lý."
PDR - Ngôi nhà Phát Đạt,Luacongtu,0,2023-11-16 14:00:21,Đúng rồi nhé  
PDR - Ngôi nhà Phát Đạt,Khang_buivan,1,2023-11-17 02:00:38,PDR quá khỏe
PDR - Ngôi nhà Phát Đạt,Luacongtu,0,2023-11-17 03:03:50,"Vượt cản 27, tiến nhanh đến mốc 30 nào"
PDR - Ngôi nhà Phát Đạt,Khang_buivan,2,2023-11-17 03:50:40,"Ngày 17/11/2023, Công ty CP Phát triển BĐS Phát Đạt (HoSE: PDR) và Ngân hàng TMCP Quân Đội (MB Bank) đã ký kết hợp tác toàn diện với mục đích tài trợ tài chính cho chủ đầu tư và khách hàng tại các dự án của Phát Đạt."
PDR - Ngôi nhà Phát Đạt,NguoiTungTrai1973,1,2023-11-17 03:56:00,"Múc mạnh, cứ xanh từ từ lên 30 là vui rồi"
PDR - Ngôi nhà Phát Đạt,Khang_buivan,1,2023-11-17 04:06:07, image 1504×820 113 KB 
PDR - Ngôi nhà Phát Đạt,Khang_buivan,1,2023-11-17 04:06:28,dài hạn thì sẽ lên lấp GAP chart tuần vùng 37
PDR - Ngôi nhà Phát Đạt,NguoiTungTrai1973,1,2023-11-17 04:35:44,"đúng là cổ phiếu mạnh, vni đỏ mà em nó vẫn cứ xanh"
PDR - Ngôi nhà Phát Đạt,Free_Young,0,2023-11-17 06:28:32,"đến hết phiên chưa biết dc các bác ơi, ttck vn ảo lắm đánh 15p cuối cả phiên xanh tím cuối phiên lăn đùng ra chết"
PDR - Ngôi nhà Phát Đạt,Khang_buivan,3,2023-11-17 07:18:01,"PDR vẫn xanh, đỉnh thật"
PDR - Ngôi nhà Phát Đạt,NoiLaLam,0,2023-11-17 07:19:15,"Mạnh dữ, 1 mình chiến lại thị trường à :))"
PDR - Ngôi nhà Phát Đạt,NguoiTungTrai1973,0,2023-11-17 07:21:09,VNI tuổi gì dọa được a =))
PDR - Ngôi nhà Phát Đạt,Nguyen_Nhat2110,1,2023-11-17 07:26:38,mịa khỏe thế bây 
PDR - Ngôi nhà Phát Đạt,Free_Young,1,2023-11-17 07:29:08,hy vọng cuối phiên giữ dc tầm 3% là ngon rồi
PDR - Ngôi nhà Phát Đạt,Free_Young,1,2023-11-17 07:29:42,"a Đạt uy tín, nay ký kết với MBB nên cho cổ đông được hưởng trọn niềm vui"
PDR - Ngôi nhà Phát Đạt,Nguyen_Nhat2110,1,2023-11-17 08:02:25,"Như này là quá ok rồi, vni giảm 24đ mà vẫn tăng như này là ngon rồi"
PDR - Ngôi nhà Phát Đạt,otckanu2009,0,2023-11-17 08:05:33,"Ae cầm theo DN nó yên tâm, khỏi nhấp nhổm từng phiên xanh đỏ. Tổ chức và NN gom mạnh, họ cũng theo core DN"
PDR - Ngôi nhà Phát Đạt,otckanu2009,1,2023-11-17 08:08:41,"Như này là quá ok rồi, vni giảm 24đ mà vẫn tăng như này là ngon rồi PDR em chỉ có canh rung lắc mua thêm, đi cùng DN phát xem thế nào."
PDR - Ngôi nhà Phát Đạt,jacky90,0,2023-11-17 13:49:10,khi cổ quá hưng phấn thì mình nên sợ hải
PDR - Ngôi nhà Phát Đạt,Free_Young,0,2023-11-20 01:05:44,may` nên gửi tiền vào ngân hàng cho an toàn nhé =]
PDR - Ngôi nhà Phát Đạt,jacky90,0,2023-11-20 01:22:31,PDR nay sàn cứng nhé
PDR - Ngôi nhà Phát Đạt,NguoiTungTrai1973,0,2023-11-20 03:24:51,Yếu vía thì thôi lướt đi b vào cl làm gì
PDR - Ngôi nhà Phát Đạt,NguoiTungTrai1973,0,2023-11-20 03:26:14,"Cùng dòng bđs đang đỏ lòm mà e nó vẫn cứ xanh, khỏe vcc"
PDR - Ngôi nhà Phát Đạt,otckanu2009,0,2023-11-20 08:10:44,PDR nay sàn cứng nhé   
PDR - Ngôi nhà Phát Đạt,ThaoMy868,0,2023-11-20 08:11:38,"Chưa thấy sàn cứng, mà mồm thấy cứng rồi đó"
PDR - Ngôi nhà Phát Đạt,otckanu2009,0,2023-11-20 08:12:25,"Cùng dòng bđs đang đỏ lòm mà e nó vẫn cứ xanh, khỏe vcc Cứ theo dòng tiền lớn cùng cốt lõi DN cho nó khỏe. Xem phiên nó mệt lắm"
PDR - Ngôi nhà Phát Đạt,otckanu2009,0,2023-11-20 08:13:30,"Chưa thấy sàn cứng, mà mồm thấy cứng rồi đó Bán rồi họ tiếc Chim chóc cũng chỉ mong mua rẻ hơn tý thôi mà"
PDR - Ngôi nhà Phát Đạt,NoiLaLam,0,2023-11-21 07:11:01,"Cơ hội để múc đấy, anh em nên cân nhắc giá này"
PDR - Ngôi nhà Phát Đạt,NguoiTungTrai1973,0,2023-11-21 07:49:13,"Chính xác, rảnh nên vào xem để chém gió cùng ae cho vui thôi mà"
PDR - Ngôi nhà Phát Đạt,175richkid,1,2023-11-21 15:49:24,TT mấy nay cứ sao ấy nhỉ @Khang_buivan
PDR - Ngôi nhà Phát Đạt,Khang_buivan,0,2023-11-22 01:57:44,này để mình viết pic mới nhận định luôn
PDR - Ngôi nhà Phát Đạt,Khang_buivan,0,2023-11-22 01:57:59,gap up gap down liên tục
PDR - Ngôi nhà Phát Đạt,NguoiTungTrai1973,0,2023-11-22 02:51:27,"(Chinhphu.vn) - Ngày 13/11, tại Hà Nội, Ngân hàng Nhà nước Việt Nam (NHNN) phối hợp với Bộ Xây dựng tổ chức Hội nghị tín dụng đối với bất động sản và phát triển nhà ở xã hội."
PDR - Ngôi nhà Phát Đạt,Khang_buivan,1,2023-11-22 02:59:37, image 960×1280 128 KB 
PDR - Ngôi nhà Phát Đạt,Khang_buivan,0,2023-11-22 02:59:52,NVL tác động mạnh lên nhóm bđs
PDR - Ngôi nhà Phát Đạt,NguoiTungTrai1973,1,2023-11-22 03:43:39,Bác nhơn hôm nay đỉnh vãi
PDR - Ngôi nhà Phát Đạt,Khang_buivan,1,2023-11-23 06:57:45,"(ĐTCK) Với bản tính hào sảng, âm giọng to và rõ, vị CEO của Công ty cổ phần Phát triển Bất động sản Phát Đạt (Mã chứng khoán PDR) - ông Bùi Quang Anh Vũ say sưa nói về các chiến lược phát triển của công ty sau cuộc khủng hoảng..."
PDR - Ngôi nhà Phát Đạt,jacky90,0,2023-11-23 09:02:16,"sáng mắt ra chưa, về 21 nhé"
PDR - Ngôi nhà Phát Đạt,Giagia1,0,2023-11-23 23:50:36,Con pdr này cùng với NVL DXG DIG đang khỏe
PDR - Ngôi nhà Phát Đạt,QuangCAD,0,2023-11-24 00:38:31,Bất động sản Phát Đạt (mã cổ phiếu PDR) vừa thông báo huy động thành công hơn 670 tỷ đồng để thanh toán toàn bộ nợ gốc và lãi trái phiếu đã phát hành trong năm 2021 và 2022. Bất động sản Phát Đạt (mã cổ phiếu PDR) vừa thông báo huy động thành công hơn 670 tỷ đồng để thanh toán toàn bộ nợ gốc và lãi trái phiếu đã phát hành trong năm 2021 và 2022.
PDR - Ngôi nhà Phát Đạt,jacky90,0,2023-11-24 00:45:11,Tin ra là bán nhé
PDR - Ngôi nhà Phát Đạt,NguoiTungTrai1973,0,2023-11-24 02:29:10,Khát hàng à ng ae vào chim lợn suốt thế
PDR - Ngôi nhà Phát Đạt,Nguyen_Nhat2110,0,2023-11-24 02:48:52,Chưa có con nào bđs hiện nay qua mặt đc pdr về vấn đề nợ trái phiếu
PDR - Ngôi nhà Phát Đạt,NoiLaLam,0,2023-11-24 04:11:08,"Để giảm áp lực nợ trái phiếu, doanh nghiệp bất động sản tìm cách xoay xở mua lại trước hạn, hoặc đàm phán với trái chủ để kéo dài nợ thêm vài năm và đổi lại sẽ tăng lãi suất."
PDR - Ngôi nhà Phát Đạt,Nguyen_Nhat2110,1,2023-11-24 04:50:34,"Tình hình là tiền đã về rồi nhé :)), 617 tỉ thì phải các bác ạ   hình ảnh 811×753 96.1 KB "
PDR - Ngôi nhà Phát Đạt,NoiLaLam,0,2023-11-24 06:32:44,Tin tốt ra như này chiều nay xanh nhé
PDR - Ngôi nhà Phát Đạt,ThaoMy868,1,2023-11-24 06:43:56,"Chuẩn bị mở room ngoại, cho đối tác nước ngoài tràn vào nhé  image 915×748 91.2 KB "
PDR - Ngôi nhà Phát Đạt,Nguyen_Nhat2110,0,2023-11-24 07:14:27,T cũng vừa hóng được tin này xong. Bác đạt uy tín quá
PDR - Ngôi nhà Phát Đạt,NoiLaLam,1,2023-11-24 07:20:02,"PDR mở room chp NĐT nước ngoài đến 49% PDR đã gửi thông báo chốt danh sách cổ đông để lấy ý kiến bằng văn bản v/v giảm ngành nghề kinh danh. Mục đích là để giảm ngành nghề không hạn chế tyt lệ sở hữu nước ngoài, theo đó PDR sẽ mở room nước ngoài tối đa lên 49% Một nguồn thạo tin cho hay, PDR có deal với 1 quỹ lớn (Không phải quỹ đầu tư tài chính) dự kiến đổ tièn vào PDR để phát triển các dự án đã có pháp lý của PDR."
PDR - Ngôi nhà Phát Đạt,NguoiTungTrai1973,0,2023-11-24 08:51:19,"Tin tốt ra phát  khác hẳn luôn, a đạt đc của nó đấy"
PDR - Ngôi nhà Phát Đạt,akukhi,0,2023-11-27 01:58:49,"(VNF) - Chuyên gia dự báo các dự án trong tương lai sẽ cần đáp ứng nhiều điều kiện khắt khe hơn để đạt tiêu chuẩn pháp lý mở bán, các chủ đầu tư sẽ mất nhiều thời gian hơn để chuẩn bị ra hàng. Do vậy,  thị trường sắp tới khó có khả năng bùng nổ nguồn..."
PDR - Ngôi nhà Phát Đạt,Nguyen_Nhat2110,0,2023-11-27 03:17:51,FTSE chuẩn bị mua vào 4.3 triều cổ phiếu trong đợt cơ cấu tháng 12 à các bác
PDR - Ngôi nhà Phát Đạt,Khang_buivan,1,2023-11-27 03:32:25,"Luật Nhà ở (sửa đổi) được thông qua đã không quy định thời hạn sở hữu, chỉ quy định thời hạn sử dụng nhà chung cư trên cơ sở kế thừa Luật Nhà ở hiện hành."
PDR - Ngôi nhà Phát Đạt,otckanu2009,1,2023-11-27 03:47:49,https://vietstock.vn/2023/11/pdr-co-the-duoc-them-vao-ftse-etf-3358-1124933.htm
PDR - Ngôi nhà Phát Đạt,otckanu2009,2,2023-11-27 03:48:30,Tổ chức vẫn thu gom
PDR - Ngôi nhà Phát Đạt,Khang_buivan,1,2023-11-27 03:51:22, image 1352×366 30.1 KB 
PDR - Ngôi nhà Phát Đạt,Khang_buivan,0,2023-11-27 03:52:15,"dự kiến là 5,6tr cp PDR"
PDR - Ngôi nhà Phát Đạt,NguoiTungTrai1973,1,2023-11-27 03:59:21,Hút dòng vốn ngoại ác vậy
PDR - Ngôi nhà Phát Đạt,otckanu2009,1,2023-11-27 04:38:40,"dự kiến là 5,6tr cp PDR Dòng tiền tổ chức vẫn thu gom đều cụ ạ. Anh em nhỏ lẻ (trên F này cũng chả có mấy ai, quanh quẩn vẫn mấy cụ quen thuộc) thì hóng từng phiên xanh đỏ"
PDR - Ngôi nhà Phát Đạt,Giagia1,1,2023-11-27 04:45:21,"Hết nợ trái phiếu+ nới room ngoại+ nđt chuyên nghiệp vào. Tăng tốt, chấm. Vừa qua cũng được nhiều tay to vét rất nhiều rồi nên tàu đã nhẹ"
PDR - Ngôi nhà Phát Đạt,jacky90,0,2023-11-27 05:30:06,"tin tốt ra, PDR hết kỳ vọng. chấm hết"
PDR - Ngôi nhà Phát Đạt,Khang_buivan,0,2023-11-27 06:08:15,PDR với NLG là dc NN gom nhiều
PDR - Ngôi nhà Phát Đạt,Giagia1,0,2023-11-27 06:22:59,"NN gom, nay đã cạn cung, tàu nhẹ hơn rất nhiều rồi. Yên tâm đừng để nó dọa cho vãi đái ra. Cung đã cạn rồi, tiếp theo là phi"
PDR - Ngôi nhà Phát Đạt,ThaoMy868,3,2023-11-28 06:57:49,"PDR hoàn tất việc tăng vốn thông qua PHRL, vốn điều lệ tăng lên 7.4 nghìn tỷ nhé @Khang_buivan"
PDR - Ngôi nhà Phát Đạt,Lover2001,0,2023-11-28 06:59:07,Đối tác bán được liền trên sàn hay sao? Sợ xả không bác?!?
PDR - Ngôi nhà Phát Đạt,ThaoMy868,0,2023-11-28 07:00:29,Không nhé. Hạn chế giao dịch 1 năm mà
PDR - Ngôi nhà Phát Đạt,ThaoMy868,0,2023-11-28 07:01:00,DN dùng giải quyết đám nợ trái phiếu cho xong luôn đấy
PDR - Ngôi nhà Phát Đạt,NguoiTungTrai1973,0,2023-11-28 07:02:27,"a đạt quá uy tín, đáng để đầu tư lâu dài :))"
PDR - Ngôi nhà Phát Đạt,ThaoMy868,0,2023-11-28 07:21:48,768.04 KB  image 845×424 98 KB 
PDR - Ngôi nhà Phát Đạt,LouisP,0,2023-11-28 07:44:51,Thế này lại chuẩn bị kế hoạch đưa trái phiếu về 0 rồi
PDR - Ngôi nhà Phát Đạt,Nguyen_Nhat2110,0,2023-11-28 07:49:26,Chiều lội ngược dòng à
PDR - Ngôi nhà Phát Đạt,Khang_buivan,0,2023-11-28 08:08:04,chứng vịt hơn nhau phút cuối thôi :)))
PDR - Ngôi nhà Phát Đạt,otckanu2009,1,2023-11-28 08:12:11,Xanh đỏ phiên thì cũng kệ nó thôi
PDR - Ngôi nhà Phát Đạt,Giagia1,0,2023-11-28 11:22:57,Vững vàng Cứ điểm 1080 thật hoành tráng. Công phá từ đây đi lên
PDR - Ngôi nhà Phát Đạt,Alkaline,0,2023-11-29 03:27:25,"Vụ trái phiếu là ngon rồi, Mbbank bơm tiền làm dự án ở bình dương nữa thì a đạt lại bay xa :))"
PDR - Ngôi nhà Phát Đạt,otckanu2009,0,2023-11-29 04:55:19,"PDR là 1 trong những DN cơ cấu thành công, lãnh đạo rất quyết tâm và nhanh nhạy. Bỏ qua phiên, xanh đỏ trần sàn, đồng hành cùng DN xem sao. 17 anh em cũng sợ, 21-23 anh em cũng sợ, rồi 27-28 cũng sợ…rồi…rồi…cứ lặng lẽ âm thầm"
PDR - Ngôi nhà Phát Đạt,otckanu2009,0,2023-11-29 04:55:19,"PDR là 1 trong những DN cơ cấu thành công, lãnh đạo rất quyết tâm và nhanh nhạy. Bỏ qua phiên, xanh đỏ trần sàn, đồng hành cùng DN xem sao. 17 anh em cũng sợ, 21-23 anh em cũng sợ, rồi 27-28 cũng sợ…rồi…rồi…cứ lặng lẽ âm thầm"
PDR - Ngôi nhà Phát Đạt,Free_Young,0,2023-11-29 05:04:29,"PDR giờ chỉ cần gió đông thôi, bđs mà hồi phục thì e nó dẫn sóng là điều chắc chắn"
PDR - Ngôi nhà Phát Đạt,Giagia1,0,2023-11-29 06:02:07,Pdr cũng cạn cung rồi nhưng không bằng Novanal khỏe vô cùng. Đã sang nhà Nova
PDR - Ngôi nhà Phát Đạt,Free_Young,1,2023-11-29 08:22:32,"mỗi con sẽ khoẻ 1 giai đoạn, đoạn này NVL khoẻ thì đoạn sau sẽ yếu thôi"
PDR - Ngôi nhà Phát Đạt,NguoiTungTrai1973,1,2023-11-29 09:33:51,Tăng mãi rồi cũng có phải giảm để tích lũy thôi ông ơi
PDR - Ngôi nhà Phát Đạt,Free_Young,2,2023-11-29 09:46:56,"chuẩn rồi, nhưng so với các cổ khác thì PDR phục hồi khá tốt khi đã vượt đỉnh cũ còn các cp khách mới đang lên lại mốc đỉnh cũ"
PDR - Ngôi nhà Phát Đạt,Giagia1,0,2023-11-29 14:11:53,"Tôi thấy pdr nó đã cạn cung, CP phần lớn đã nằm gọn trong tay cá mập rồi."
PDR - Ngôi nhà Phát Đạt,Free_Young,1,2023-11-30 00:56:07,ngoại nó gom suốt + thêm sắp tới quỹ nó mua thêm vào thì chắc chắn PDR sẽ rất cô đặc
PDR - Ngôi nhà Phát Đạt,NguoiTungTrai1973,0,2023-11-30 02:51:12,"Mỗi người đầu tư đề có kì vọng khác nhau, ông cứ mang 2 con ra so sánh làm gì"
PDR - Ngôi nhà Phát Đạt,SuperstockS,1,2023-11-30 02:58:32,"BDS chưa có kỳ vọng, dòng tiền yếu , cổ phiếu khó tăng?"
PDR - Ngôi nhà Phát Đạt,NoiLaLam,0,2023-11-30 03:32:25,Rồi nó đang tăng kìa ông nội :))
PDR - Ngôi nhà Phát Đạt,SuperstockS,0,2023-11-30 12:15:27,"tăng đâu bác, màu đỏ mà?"
PDR - Ngôi nhà Phát Đạt,NoiLaLam,0,2023-12-01 03:10:32,PDR thì bọn t k sợ gì xuống lại múc lo gì :))
PDR - Ngôi nhà Phát Đạt,NguoiTungTrai1973,0,2023-12-01 03:33:03,PDR sắp tăng vốn à anh em
PDR - Ngôi nhà Phát Đạt,NoiLaLam,0,2023-12-01 03:36:11,Tiền phát hành đã rồi đấy bác
PDR - Ngôi nhà Phát Đạt,NoiLaLam,0,2023-12-01 03:39:39, image 498×1080 116 KB 
PDR - Ngôi nhà Phát Đạt,otckanu2009,1,2023-12-01 04:22:35,"tăng đâu bác, màu đỏ mà? , cụ ngó xanh đỏ từng phiên thì cứ ngó thôi. Mấy cụ trên này quen rồi"
PDR - Ngôi nhà Phát Đạt,Nguyen_Nhat2110,0,2023-12-01 08:25:01,"Uy tín đấy, chắc sắp gỡ xong vụ trái phiếu trong tháng này đấy nhỉ"
PDR - Ngôi nhà Phát Đạt,NoiLaLam,0,2023-12-01 08:28:50,"Thấy lại tiếp tục phát hành thêm cổ phiếu cho cổ đông hiện hữu kìa, tiền lại thu được từ vụ phát hành này chắc dùng để phát triển các dự án bình dương, bắc hà, phú thuận"
PDR - Ngôi nhà Phát Đạt,Khang_buivan,0,2023-12-01 08:31:40, image 1494×769 97 KB 
PDR - Ngôi nhà Phát Đạt,Khang_buivan,0,2023-12-01 08:32:12,"đang tích lũy quanh MA20, chờ BB bóp lại thêm thôi, sẽ có xu hướng mới"
PDR - Ngôi nhà Phát Đạt,jacky90,1,2023-12-01 09:05:08,cái gap 24 ko lấp nhỉ
PDR - Ngôi nhà Phát Đạt,NguoiTungTrai1973,1,2023-12-01 09:16:10,"Nghe mấy ông đồn là tuần sau là trả hết nợ trái phiếu luôn đấy, xử lý xong luôn trong tuần 1 tháng 12"
PDR - Ngôi nhà Phát Đạt,Nguyen_Nhat2110,0,2023-12-01 09:39:41,"Chắc phải hết tháng chứ làm gì nhanh thế được, t nghĩ trả trước 1 phần thôi hình như trả toàn bộ phần trái phiếu số 7 thì phải"
PDR - Ngôi nhà Phát Đạt,QuangCAD,1,2023-12-03 01:45:50,Bất động sản Phát Đạt (mã cổ phiếu PDR) vừa thông báo về việc chào bán 134 triệu cổ phiếu nhằm huy động hơn 1.300 tỷ đồng từ cổ đông để thực hiện các dự án trọng điểm thời gian tới. Bất động sản Phát Đạt (mã cổ phiếu PDR) vừa thông báo về việc chào bán 134 triệu cổ phiếu nhằm huy động hơn 1.300 tỷ đồng từ cổ đông để thực hiện các dự án trọng điểm thời gian tới.
PDR - Ngôi nhà Phát Đạt,Khang_buivan,0,2023-12-03 12:53:14,"Việc PDR lọt rổ chỉ số FTSE Vietnam ETF đã được nhiều tổ chức dự báo trước đó, tuy nhiên, rổ chỉ số thêm mới cổ phiếu NVL là một bất ngờ."
PDR - Ngôi nhà Phát Đạt,Cg6886,0,2023-12-03 17:44:45,Khi nào có lịch phát hành thêm cp thế các cụ nhỉ?
PDR - Ngôi nhà Phát Đạt,Nguyen_Nhat2110,0,2023-12-04 04:29:19,nay liệu có trần ko anh em
PDR - Ngôi nhà Phát Đạt,NoiLaLam,0,2023-12-04 07:10:48,Sắp tím rồi kìa
PDR - Ngôi nhà Phát Đạt,NoiLaLam,0,2023-12-04 07:20:55,"Ngày 22/11 vừa qua, Phát Đạt cũng hoàn tất đợt phát hành riêng lẻ 67,1 triệu cổ phiếu với giá 10.000 đồng/cp cho 7 nhà đầu tư cá nhân."
PDR - Ngôi nhà Phát Đạt,jacky90,0,2023-12-05 01:09:15,"Lảnh đạo đăng ký bán ồ ạt, giấy sắp phát hành thêm, chạy nhanh còn kịp"
PDR - Ngôi nhà Phát Đạt,NoiLaLam,0,2023-12-05 02:59:56,Ê cứ có tin bán là lại mặt ông vào chim lợn là thế méo nào :))
PDR - Ngôi nhà Phát Đạt,NoiLaLam,1,2023-12-05 03:00:39,Bác đạt hơi bị uy tín đấy nhé Ban điều hành Phát Đạt (PDR) từng chia sẻ mục tiêu hàng đầu của doanh nghiệp trong năm 2023 là tất toán toàn bộ nợ trái phiếu.
PDR - Ngôi nhà Phát Đạt,Nguyen_Nhat2110,1,2023-12-05 04:02:39,Hình như cuối quý 1/2024 mới phát hành thêm
PDR - Ngôi nhà Phát Đạt,VietInvesting,2,2023-12-06 06:24:24,Nay PDR đang cắn thuốc rồi anh em ơi
PDR - Ngôi nhà Phát Đạt,Khang_buivan,1,2023-12-06 06:25:36,
PDR - Ngôi nhà Phát Đạt,Nguyen_Nhat2110,0,2023-12-06 07:06:09,Tin tốt ra mà nay mới có cơ hội để thể hiện bản thân :))
PDR - Ngôi nhà Phát Đạt,otckanu2009,0,2023-12-06 08:20:15,"Trả hết dư nợ , DN tốt dần lên, quá ổn"
PDR - Ngôi nhà Phát Đạt,otckanu2009,0,2023-12-06 08:42:09,Ê cứ có tin bán là lại mặt ông vào chim lợn là thế méo nào :)) Vậy mới vui Hô mà lên xuống được thì ai chả hô cụ Giờ cứ chê rồi 4x mới khen
PDR - Ngôi nhà Phát Đạt,NoiLaLam,0,2023-12-06 08:46:38,Thế cho nó chê thoải mái cho pic nó càng xôm :))
PDR - Ngôi nhà Phát Đạt,Trung_Phong,1,2023-12-06 09:12:44,Thủ tướng thúc ép tăng trưởng tín dụng và gỡ rối cho bất động sản thì PDR được lợi nhiều nhất vì vẫn có thể vay thêm do đã thanh toán được nhiều lô trái phiếu đến hạn và có nhiều tài sản có thể thế chấp. Giai đoạn từ Q4/2020 đến Q3/2021 PDR đã tăng một lèo gần 5 lần. Nên nếu kỳ vọng PDR tăng một mạch gấp 2 lần từ giá hiện tại vùng 28 lên vùng 56 là hoàn toàn có khả năng.
PDR - Ngôi nhà Phát Đạt,Bull,0,2023-12-06 09:18:01,Có phải Q1/2024 phát hành thêm không hả bác?
PDR - Ngôi nhà Phát Đạt,Trung_Phong,0,2023-12-07 21:42:05,"Hội đồng quản trị đã có quyết định rồi, nhưng đang chờ giấy phép, có thể tháng này hoặc tháng sau là có giấy phép phát hành. Thường là từ lúc có giấy phép phát hành đến lúc đóng tiền mua cổ phiếu thì giá tăng liên tục."
PDR - Ngôi nhà Phát Đạt,TaQuangHuy,0,2023-12-08 04:22:05,"Bác đạt đợt này uy tín quá, đầu tuần vừa trả 150 tỷ nợ trái phiếu số 7 mà giờ thấy anh em kháo nhau chuẩn bị trả thêm 300 tỉ cho lô trái phiếu số 8 trong cuối tuần này"
PDR - Ngôi nhà Phát Đạt,NguoiTungTrai1973,0,2023-12-08 04:39:54,Ông hóng ở đâu đấy
PDR - Ngôi nhà Phát Đạt,Nguyen_Nhat2110,0,2023-12-08 07:28:34,"DN trọng chữ tín đấy, nói được làm được nhất định phải đưa nợ trái phiếu về 0 đây"
PDR - Ngôi nhà Phát Đạt,Vuongkhang,0,2023-12-08 07:57:41, z4954729918677_9b8892fb74e2a9d154084acd64600fc7 1179×1606 286 KB  a đạt 09 uy tín không anh em
PDR - Ngôi nhà Phát Đạt,Nguyen_Nhat2110,0,2023-12-08 08:03:53,"Uy tín vãi luôn ý chứ, mấy ai làm được như a"
PDR - Ngôi nhà Phát Đạt,VietInvesting,0,2023-12-11 03:20:29,"Liên tục là những phiên rút chân với vol nhỏ. Cty tốt lên từng ngày, các a còn chờ gì mà chưa cho e nó lên"
PDR - Ngôi nhà Phát Đạt,Nguyen_Nhat2110,1,2023-12-11 03:33:24,Bác đạt trả liên tục trái phiếu quyết tâm đưa về 0 trong năm nay thật à ae   image 776×468 101 KB 
PDR - Ngôi nhà Phát Đạt,LouisP,0,2023-12-11 03:46:27,chủ tịcch uy tín nhất sàn
PDR - Ngôi nhà Phát Đạt,otckanu2009,1,2023-12-11 03:54:36,Bác đạt trả liên tục trái phiếu quyết tâm đưa về 0 trong năm nay thật à ae Chuẩn. Rất uy tín.
PDR - Ngôi nhà Phát Đạt,Nguyen_Nhat2110,0,2023-12-11 04:09:51,"Nghe nói sắp tại cấu trúc với những những dự án pháp lý tốt, thị trường bđs mà phục hồi tốt thì PDR sẽ bứt phá đầu tiên trong dòng luôn"
PDR - Ngôi nhà Phát Đạt,NoiLaLam,0,2023-12-12 07:14:42,dự án bắc hà thanh của bác đạt mới được sở xđ BĐ cấp giấy phép xây đựng à ae
PDR - Ngôi nhà Phát Đạt,Nguyen_Nhat2110,0,2023-12-12 07:18:00,"ủa cấp từ đầu tháng rồi mà ông ơi, sắp bán trong quý 1/2024 thì phải. Bán được quả này dự thu về 4300 tỏi đấy"
PDR - Ngôi nhà Phát Đạt,Free_Young,0,2023-12-12 07:53:30,"dự kiến bán trong 2024 thôi chứ chưa chốt Quý 1 vì đã xây vs cất nóc đâu mà đòi bán, nhưng ký hợp tác vs MBB thì sẽ có tiền để triển khai sớm thôi ĐỢI PDR 2025 hoá rồng"
PDR - Ngôi nhà Phát Đạt,hoanganhdo2607,0,2023-12-12 09:22:50,2 đỉnh rồi
PDR - Ngôi nhà Phát Đạt,vanhoang,1,2023-12-12 10:20:02,"tin ra là bán, tin tốt càng ra thì cp càng giảm mạnh, liệu về 24 25 không ?"
PDR - Ngôi nhà Phát Đạt,jacky90,0,2023-12-12 14:30:19,"4 cây đỏ phân phối thì xác định rồi, về 24 nhé"
PDR - Ngôi nhà Phát Đạt,newbie_congadilac,0,2023-12-12 15:17:08,Pdr giá này ảo lắm. Ae cẩn trọng. Chủ tịch gian manh.
