title,author,like,date,content
BSR - đếm ngược ngày niêm yết sàn HOSE - còn 9 tuần,Nguoituyetquoc,11,2023-03-07 01:43:21,"Nhắc lại Lọc hóa dầu Bình Sơn, chắc cảm giác đau trong tim của nhiều người vẫn còn đó. Cái đoạn thê thảm nhất của thị trường khi làn sóng giải chấp chéo đã kéo em nó tuột xích về dưới mệnh. Nhiều người vẫn không tin được điều đó. Nhưng nếu là một nhà đầu tư chân chính, không phải mua bán theo ngày thì những người mua trước 16/11/2022 đến giờ đang có tài khoản xanh. Nói điều đó ra để em chứng minh rằng, BSR không tệ, không xấu như người ta nghĩ. Còn nhớ năm 2022, BSR đạt lợi nhuận kỷ lục gần 15k tỷ (vốn DL của BSR là 31k tỷ). Con số này rất có thể sẽ khó lặp lại trong nhiều năm nữa. Có người nói qua đỉnh rồi. Cũng có người nói giá này chưa xứng đáng với vị thế của Tập đoàn. Tất nhiên là BSR còn nhiều điều thú vị đang chờ phía trước. Hôm nay, em đặt lại viên gạch này để bắt đầu hành trình theo dõi, mua bán BSR với vị thế từ Zero cổ! Mời các cao thủ vào chỉ giáo."
BSR - đếm ngược ngày niêm yết sàn HOSE - còn 9 tuần,Nguoituyetquoc,3,2023-03-07 02:53:49,Đánh dấu một phát lúc đang bán mạnh.  Screenshot_2023-03-07-09-53-22-289-edit_vn.fireant.mobile 1080×1749 186 KB 
BSR - đếm ngược ngày niêm yết sàn HOSE - còn 9 tuần,mtam137,1,2023-03-07 04:57:53, Screenshot_20230307_061628 540×889 138 KB    Screenshot_20230307_060841 1080×627 108 KB  Giá dầu và Crack Spread đều tăng tốt. Đây sẽ là tiền đề ủng hộ cho đà tăng giá của BSR.
BSR - đếm ngược ngày niêm yết sàn HOSE - còn 9 tuần,mtam137,3,2023-03-07 08:59:22,Công ty Cổ phần Lọc Hóa Dầu Bình Sơn Trang web Cty nay thay đổi giao diện nhìn đẹp nhỉ! Hy vọng em nó cũng tăng đẹp y vậy
BSR - đếm ngược ngày niêm yết sàn HOSE - còn 9 tuần,Nguoituyetquoc,4,2023-03-07 09:01:36,Bác không có gì chém gió sao mà lôi cả web vào đây?
BSR - đếm ngược ngày niêm yết sàn HOSE - còn 9 tuần,mtam137,1,2023-03-07 09:15:29,"Có lụm được cái này, ko biết đúng được bao nhiêu nữa!   Screenshot_20230307_152356 1080×607 160 KB  "
BSR - đếm ngược ngày niêm yết sàn HOSE - còn 9 tuần,Nguoituyetquoc,7,2023-03-07 09:21:17,Cái này của anh chàng Lòi ku đó à? Thanh khảo cho vui thôi bác. BSR đến CTY CK dự báo quý 4 năm rồi lỗ lòi ra mà cuối cùng lợi nhuận gần 2k tỷ đó. Hài muốn chết!
BSR - đếm ngược ngày niêm yết sàn HOSE - còn 9 tuần,mtam137,1,2023-03-07 09:27:33,Giá xăng dầu tăng giá trở lại rồi. Tháng 3 này lợi nhuận sẽ tăng trưởng tốt hơn tháng 2 nữa nhỉ bác!   Screenshot_20230307_162524 1121×498 142 KB 
BSR - đếm ngược ngày niêm yết sàn HOSE - còn 9 tuần,Nguoituyetquoc,3,2023-03-10 01:39:36,Cập nhật chút cho mã lọc dầu này.  Screenshot_2023-03-10-08-33-33-624-edit_vn.fireant.mobile 1080×1415 140 KB 
BSR - đếm ngược ngày niêm yết sàn HOSE - còn 9 tuần,Nguoituyetquoc,6,2023-03-10 01:41:01,"Với nhiều công ty, kiếm lợi nhuận đã là khó. Với BSR, kiểm toán xong lòi ra thêm 275 tỷ như đùa. Nhưng thật sự không đáng kể với con số cả năm 2022 là 14,669 tỷ."
BSR - đếm ngược ngày niêm yết sàn HOSE - còn 9 tuần,Azura,1,2023-03-12 09:54:46,"Con này nên bán, ko nên dây vào nó"
BSR - đếm ngược ngày niêm yết sàn HOSE - còn 9 tuần,Chieu,1,2023-03-19 05:15:11,Ngu vậy cũng mõm coi
BSR - đếm ngược ngày niêm yết sàn HOSE - còn 9 tuần,Chieu,1,2023-03-19 05:16:10,Nó ko làm 1năm gửi Bank cũng lãi 2k tỏi rùi
BSR - đếm ngược ngày niêm yết sàn HOSE - còn 9 tuần,Nguoituyetquoc,4,2023-03-21 03:25:28,Hôm nay bắt đầu mua lần 1 nha mọi người.
BSR - đếm ngược ngày niêm yết sàn HOSE - còn 9 tuần,Nguoituyetquoc,4,2023-03-21 03:26:51,Hôm nay bắt đầu mua lần 1 nha mọi người. Chia làm ít nhất 5 lần mua.
BSR - đếm ngược ngày niêm yết sàn HOSE - còn 9 tuần,Nguoituyetquoc,5,2023-03-21 03:33:05,Hôm nay bắt đầu mua lần 1 nha mọi người. Giá dưới 15.
BSR - đếm ngược ngày niêm yết sàn HOSE - còn 9 tuần,Nguoituyetquoc,4,2023-03-21 03:56:35,BSR có điểm chặn dưới 14.4 khá thần thánh. Bác nào canh múc được dưới giá đó thì nhớ show hàng nha.
BSR - đếm ngược ngày niêm yết sàn HOSE - còn 9 tuần,Nguoituyetquoc,3,2023-03-21 03:58:48,"Nhắc lại Lọc hóa dầu Bình Sơn, chắc cảm giác đau trong tim của nhiều người vẫn còn đó. Cái đoạn thê thảm nhất của thị trường khi làn sóng giải chấp chéo đã kéo em nó tuột xích về dưới mệnh. Nhiều người vẫn không tin được điều đó. Nhưng nếu là một nhà đầu tư chân chính, không phải mua bán theo ngày thì những người mua trước 16/11/2022 đến giờ đang có tài khoản xanh. Nói điều đó ra để em chứng minh rằng, BSR không tệ, không xấu như người ta nghĩ. Còn nhớ năm 2022, BSR đạt lợi nhuận kỷ lục gần 15k tỷ (vốn DL của BSR là 31k tỷ). Con số này rất có thể sẽ khó lặp lại trong nhiều năm nữa. Có người nói qua đỉnh rồi. Cũng có người nói giá này chưa xứng đáng với vị thế của Tập đoàn. Tất nhiên là BSR còn nhiều điều thú vị đang chờ phía trước. Hôm nay, em đặt lại viên gạch này để bắt đầu hành trình theo dõi, mua bán BSR với vị thế từ Zero cổ! Mời các cao thủ vào chỉ giáo. Em nhắc lại chuyện này (dòng in đậm trong phần quote) để mọi người hiểu là em theo dõi, không hề PR xả hàng hay làm gì tương tự nha."
BSR - đếm ngược ngày niêm yết sàn HOSE - còn 9 tuần,Nguoituyetquoc,3,2023-03-21 04:02:10,Vì sao trong cái ngày mà BSR bị bán như phá mã thì em lại nhắc mua. Có lẽ nhiều người đang chửi em lắm nhưng mua là phải lúc người ta bán như thế này mới dễ chọn giá. Hôm nay chỉ mua 1/5 lượng cổ mình muốn.
BSR - đếm ngược ngày niêm yết sàn HOSE - còn 9 tuần,Nguoituyetquoc,3,2023-03-21 04:32:46,Những con chim lợn đầu mùa. Đà giảm của giá dầu có thể khiến không ít dự báo có nguy cơ rơi vào thế “việt vị”. Phần lớn các tổ chức đều dự báo giá dầu có thể duy trì ở mức cao khoảng 90 USD/thùng trong năm 2023.
BSR - đếm ngược ngày niêm yết sàn HOSE - còn 9 tuần,HoanTuanDung,3,2023-07-04 10:06:53,"Sáng lên, chiều vẫn lên đc giá đó Anh nhé, để em cũng chốt lãi cùng C Linh cho có bạn có bè"
BSR - đếm ngược ngày niêm yết sàn HOSE - còn 9 tuần,Nguoituyetquoc,6,2023-07-04 11:55:07,"Hi anh, Em mạn phép nói chút xíu về TA của BSR. Khuyến nghị của em trong cái hộp: (16.9x18.5)x0.79=24.6tr Chúc anh và mọi người chiến thắng. Giờ anh hiểu sao hôm nay BSR tăng điểm rồi."
BSR - đếm ngược ngày niêm yết sàn HOSE - còn 9 tuần,Linhht,1,2023-07-04 12:06:24,E lần theo nhận định của Trinh và đã dự đoán đc phiên ngày mai rồi
BSR - đếm ngược ngày niêm yết sàn HOSE - còn 9 tuần,Emil,2,2023-07-04 12:24:02,BSR mục tiêu 2x mới bán.
BSR - đếm ngược ngày niêm yết sàn HOSE - còn 9 tuần,Nguoituyetquoc,4,2023-07-05 01:59:20,Hôm nay BSR vượt 18 nha mọi người.  Cầm vàng mà lội qua sông Vàng rơi không tiếc tiếc công cầm vàng .
BSR - đếm ngược ngày niêm yết sàn HOSE - còn 9 tuần,Chimsedinang,2,2023-07-05 02:02:22,E tiếc công cầm vàng rồi
BSR - đếm ngược ngày niêm yết sàn HOSE - còn 9 tuần,Linhht,1,2023-07-05 02:02:59,chim sẻ bán mất BSR rồi à? @@
BSR - đếm ngược ngày niêm yết sàn HOSE - còn 9 tuần,Chimsedinang,4,2023-07-05 02:03:58,Rớt mất vàng rồi .còn ít kim cương Phải Vui Sướng thôi
BSR - đếm ngược ngày niêm yết sàn HOSE - còn 9 tuần,Linhht,2,2023-07-05 03:00:17,P chỉnh làm em Bơ cũng bị ép không ngóc đầu lên nổi tuổi 18
BSR - đếm ngược ngày niêm yết sàn HOSE - còn 9 tuần,Nguoituyetquoc,4,2023-07-06 02:31:42,Hết sức buồn nhưng anh phải nói câu này. Anh hạ bớt rất nhiều em nó để dồn sức cho các mặt trận khác.
BSR - đếm ngược ngày niêm yết sàn HOSE - còn 9 tuần,Linhht,3,2023-07-06 02:33:16,"hic nó đang chiếm tỉ trọng 35% trong danh mục em đó, nhiều nhất lun."
BSR - đếm ngược ngày niêm yết sàn HOSE - còn 9 tuần,nnquan22,3,2023-07-06 07:12:03,"cuối năm 2x, đầu tư thôi bác"
BSR - đếm ngược ngày niêm yết sàn HOSE - còn 9 tuần,Nguoituyetquoc,3,2023-07-22 05:00:22,Hết sức buồn nhưng anh phải nói câu này. Anh hạ bớt rất nhiều em nó để dồn sức cho các mặt trận khác. Cuối tuần khơi lại ngọn lửa đam mê.
BSR - đếm ngược ngày niêm yết sàn HOSE - còn 9 tuần,Nguoituyetquoc,3,2023-07-22 05:01:09,Chuẩn bị thứ ba tuần sau sẽ có báo cáo tài chính quý 2.
BSR - đếm ngược ngày niêm yết sàn HOSE - còn 9 tuần,Nguoituyetquoc,2,2023-07-22 05:04:15,"Theo dự báo trước đó, quý 2.2023, BSR sẽ có mức lợi nhuận rất thấp.  IMG_20230722_120339 540×786 137 KB "
BSR - đếm ngược ngày niêm yết sàn HOSE - còn 9 tuần,Nguoituyetquoc,3,2023-07-22 05:05:39,"Theo dõi những lần dự báo của khoảng 4 quý gần đây, không có lần nào đúng cả . Kể cả một công ty uy tín như SSI cũng bị…Hố Nai."
BSR - đếm ngược ngày niêm yết sàn HOSE - còn 9 tuần,Nguoituyetquoc,4,2023-07-22 05:12:19,Các dữ liệu cập nhật phiên cuối tuần.
BSR - đếm ngược ngày niêm yết sàn HOSE - còn 9 tuần,Nguoituyetquoc,5,2023-07-22 05:19:01,Việc đếm ngược ngày chấp thuận niêm yết trên sàn Hồ đã qua được 1 tuần (em không sửa tiêu đề topic được nữa ) nhưng những động thái của hai phía gồm BSR và Hose đều im lặng một cách đáng thất vọng.
BSR - đếm ngược ngày niêm yết sàn HOSE - còn 9 tuần,Nguoituyetquoc,5,2023-07-22 05:22:19,"Có vẻ việc tính toán này của em đã sai timeline rồi. Nhưng… việc định giá >20 khi lên sàn Hose là không thay đổi. Thậm chí, rất có thể chưa cần tin tức chính thức đó, BSR cũng có thể tiến về 20 khi mà phần lớn các cổ khác đều đã có mức tăng giá… vượt trội so với BSR."
BSR - đếm ngược ngày niêm yết sàn HOSE - còn 9 tuần,Nguoituyetquoc,6,2023-07-22 05:29:56,"Về TA, BSR đang như thế nào? ==> Xu hướng tăng trung hạn được duy trì và giá hiện tại đang phản ánh sự vận động hợp lý trong sóng 4 Elliott (nếu xét từ việc vận động đầu năm là sóng 4 nhưng nếu xét từ vận động giữa năm đến giờ thì có thể mới kết sóng 2 thôi lạc quan chút )."
BSR - đếm ngược ngày niêm yết sàn HOSE - còn 9 tuần,Nguoituyetquoc,5,2023-07-22 05:42:00,"Có vẻ BSR khá lạc lõng trong thị trường tăng ầm ầm với cổ chứng khoán, BĐS, mía đường, ĐTC…tăng mạnh mẽ. Nhưng…đa dạng hóa danh mục để tăng cường nhận diện cơ hội và hạn chế rủi ro luôn là mục tiêu của em. Lời muốn nói cũng đã cạn. Chúc mọi người có ngày cuối tuần ấm áp bên gia đình."
BSR - đếm ngược ngày niêm yết sàn HOSE - còn 9 tuần,Linhht,3,2023-07-22 11:46:20,Anh cho cái hình minh hoạ vẽ sóng elliott đc ko anh? E gà mờ về elliott nên ko có hình vẽ sẵn là e dễ sai
BSR - đếm ngược ngày niêm yết sàn HOSE - còn 9 tuần,Nguoituyetquoc,3,2023-07-22 12:56:02,Không em. Anh có biết gì đâu. Chém gió vui thôi mà. Hì…
BSR - đếm ngược ngày niêm yết sàn HOSE - còn 9 tuần,Linhht,1,2023-07-22 12:57:25,
BSR - đếm ngược ngày niêm yết sàn HOSE - còn 9 tuần,Nguoituyetquoc,4,2023-07-23 04:38:20,"Ừ thì ai cũng biết khi kinh tế Trung Quốc hồi phục thì giá dầu sẽ trở lại cơn ác mộng của 100 đô. Nhưng giờ thêm gã nhà giàu mới nổi Ấn Độ nữa thì có lẽ ác mộng đêm đông thật rồi. (CLO) Theo Tổng thư ký Diễn đàn Năng lượng Quốc tế, giá dầu sẽ tăng trong nửa cuối năm do nguồn cung khan hiếm, từ đó khó đáp ứng nhu cầu nhập khẩu của một số nước tiêu thụ năng lượng khổng lồ."
BSR - đếm ngược ngày niêm yết sàn HOSE - còn 9 tuần,luoc2020,1,2023-07-23 04:43:28,"Cái này ai cũng nhìn ra, vấn đề là khi nào thui anh nè kkkk"
BSR - đếm ngược ngày niêm yết sàn HOSE - còn 9 tuần,Nguoituyetquoc,4,2023-07-23 04:46:23,Còn lâu mà…cứ từ từ… đích đến 20 vẫn không đổi.
BSR - đếm ngược ngày niêm yết sàn HOSE - còn 9 tuần,Nguoituyetquoc,2,2023-07-24 02:10:41,Lái hôm nay làm việc sớm nhỉ?
BSR - đếm ngược ngày niêm yết sàn HOSE - còn 9 tuần,Chimsedinang,2,2023-07-24 02:12:47,Haizz e đang chờ mà …lái thức dậy sớm quá
BSR - đếm ngược ngày niêm yết sàn HOSE - còn 9 tuần,Nguoituyetquoc,3,2023-07-24 04:18:29,Chuẩn bị thứ ba tuần sau sẽ có báo cáo tài chính quý 2. Nhắc lại.
BSR - đếm ngược ngày niêm yết sàn HOSE - còn 9 tuần,Nguoituyetquoc,2,2023-07-24 08:02:10,Phút 90 mà các bác còn cạp mạnh quá! Mai vượt đỉnh nha  @Bernice .
BSR - đếm ngược ngày niêm yết sàn HOSE - còn 9 tuần,Bernice,3,2023-07-24 08:03:24,trong phiên e thấy mấy a chặn ác quá nên nghĩ k biến động gì… mai có đua lệnh a ạ?
BSR - đếm ngược ngày niêm yết sàn HOSE - còn 9 tuần,Nguoituyetquoc,3,2023-07-24 08:06:04,Anh tính toán thì mai có báo cáo quý. Để xem xem em.
BSR - đếm ngược ngày niêm yết sàn HOSE - còn 9 tuần,Bernice,2,2023-07-24 08:18:01,ok anh.
BSR - đếm ngược ngày niêm yết sàn HOSE - còn 9 tuần,Nguoituyetquoc,4,2023-07-24 09:03:46,"Mô hình nến Nhật đẹp!  @minhduc12122003 , bác biết cái này không?   IMG_20230724_160254 1080×1350 185 KB "
BSR - đếm ngược ngày niêm yết sàn HOSE - còn 9 tuần,Linhht,1,2023-07-24 09:05:39,3 người lính ngự lâm
BSR - đếm ngược ngày niêm yết sàn HOSE - còn 9 tuần,Linhht,2,2023-07-24 09:06:40,em mới ôn bài về nến Nhật hôm qua xong đó
BSR - đếm ngược ngày niêm yết sàn HOSE - còn 9 tuần,Nguoituyetquoc,3,2023-07-24 09:07:38,Người ta thấy 3 con quạ đen thì bỏ chạy (nhớ lúc trước có bác nào đó soi mói nói VCG có 3 con quạ đen). Người ta nhìn ra 3 chàng lính trắng thì xung phong. Mai xem thiên hạ xung phong mạnh mẽ cỡ nào.
BSR - đếm ngược ngày niêm yết sàn HOSE - còn 9 tuần,Nguoituyetquoc,2,2023-07-24 09:08:34,Giỏi quá em! Hôm nào qua nhà chỉ anh xem cây nến Nhật nó có giống nến Việt Nam không nha.
BSR - đếm ngược ngày niêm yết sàn HOSE - còn 9 tuần,Linhht,2,2023-07-24 09:10:41,"nến Nhật thì ở nhà anh hay nhà em nó cũng như nhau cả, còn nến VN thì lâu lắm em ko dùng, nhà ít mất điện :)))"
BSR - đếm ngược ngày niêm yết sàn HOSE - còn 9 tuần,RoseCM,2,2023-07-24 09:10:41,Chết với Thầy :)))))) Ơ mà dạo này ko thấy @Emil nhỉ c @Linhht tua rua  
BSR - đếm ngược ngày niêm yết sàn HOSE - còn 9 tuần,Linhht,3,2023-07-24 09:11:50,"ẻm được nghỉ hè nên đi vào rừng săn bắn hái lượm rồi, đâu có vất vả như người lớn tụi mình"
BSR - đếm ngược ngày niêm yết sàn HOSE - còn 9 tuần,RoseCM,2,2023-07-24 09:12:13,"Đề nghị chị thường xuyên phơi nắng, ko thôi đến khi mất điện thật là cháy ko đc nhé!   "
BSR - đếm ngược ngày niêm yết sàn HOSE - còn 9 tuần,Nguoituyetquoc,2,2023-07-24 09:12:51,Thôi vậy để anh nhờ bé so sánh thôi. Đằng nào hôm nay cũng ghé lấy quà.
BSR - đếm ngược ngày niêm yết sàn HOSE - còn 9 tuần,Linhht,2,2023-07-24 09:13:02,"mất điện thật là sơ tán sang nhà ông bà chứ giờ ai còn dùng nến làm chi em, nóng chảy mỡ =)))"
BSR - đếm ngược ngày niêm yết sàn HOSE - còn 9 tuần,RoseCM,2,2023-07-24 09:13:30,"Ơ mà anh ơi, nói mới nhớ, quà bữa của anh em chưa lấy  "
BSR - đếm ngược ngày niêm yết sàn HOSE - còn 9 tuần,Nguoituyetquoc,1,2023-07-24 09:15:21,"Ơ thế cái người ghé nhà anh hôm trước nói nhận quà rồi cầm theo vĩ thuốc Via… lộn, Alaxan, không phải là em hả? Vậy mà anh lỡ…"
BSR - đếm ngược ngày niêm yết sàn HOSE - còn 9 tuần,RoseCM,1,2023-07-24 09:16:59,"Khổ, trời nhá nhem tội thầy em, luôn dành phần thiệt cho mình"
BSR - đếm ngược ngày niêm yết sàn HOSE - còn 9 tuần,Linhht,2,2023-07-24 09:20:25,"tội thật, cả tin quá, lần sau anh nhớ bắt log in đúng nick mới tặng quà nha anh @Nguoituyetquoc :)))))"
BSR - đếm ngược ngày niêm yết sàn HOSE - còn 9 tuần,Chimsedinang,2,2023-07-24 09:20:47,"Thầy mắt kém, tội quá chị ạ"
BSR - đếm ngược ngày niêm yết sàn HOSE - còn 9 tuần,TunDc,1,2023-07-24 09:21:10,"Ao thu lạnh lẽo nước trong veo, 1 chiếc nến bự  bay cái vèo… >_.>"
BSR - đếm ngược ngày niêm yết sàn HOSE - còn 9 tuần,Nguoituyetquoc,2,2023-07-24 09:24:00,Hôm nay bác no say với ếch rồi đúng không?
BSR - đếm ngược ngày niêm yết sàn HOSE - còn 9 tuần,Chimsedinang,4,2023-07-24 09:26:27,"Nghe có mùi luyến tiếc bác Tũn ơi. Bác ngồi đâu, e ngồi chung với nạ"
BSR - đếm ngược ngày niêm yết sàn HOSE - còn 9 tuần,TunDc,3,2023-07-24 09:30:12,"Tũn em đang giảm cân nên sợ bụng bự, chỉ còn giữ 1 tí tẹo thui bác chủ ạ >_.>"
BSR - đếm ngược ngày niêm yết sàn HOSE - còn 9 tuần,TunDc,2,2023-07-24 09:32:43,"Tũn em vẫn ngồi bền mông trên tàu này  bác Chim sẻ ạ >_.>, bữa bác chủ nhà có hẹn sẽ dẫn 4-5 anh zai ngon lên tàu thăm Tũn."
BSR - đếm ngược ngày niêm yết sàn HOSE - còn 9 tuần,minhduc12122003,5,2023-07-24 09:36:49,"Bác Tuyết có nhiều học trò giỏi quá, em chưa kịp gì là đã có đáp án rồi. Em vẫn chưa thấy đủ tin cậy cho 1 cú bốc đầu lắm, nhưng hi vọng là em lo thái quá thôi"
BSR - đếm ngược ngày niêm yết sàn HOSE - còn 9 tuần,Linhht,5,2023-07-24 09:40:02,"em nghĩ bốc đầu thì ko nhưng lừ lừ vượt đỉnh là có, chỉ còn cách đỉnh có 2 line nữa thôi mà à quên, 4 line vì BSR tính giá trung bình"
BSR - đếm ngược ngày niêm yết sàn HOSE - còn 9 tuần,Nguoituyetquoc,3,2023-07-24 09:51:04,Lộ trình 20 của anh là không đổi. Có thể chậm hơn một chút so với dự kiến thôi.
BSR - đếm ngược ngày niêm yết sàn HOSE - còn 9 tuần,Nguoituyetquoc,3,2023-07-24 09:51:35,Trúng bài tủ mới ôn của em @Linhht mà bác.
BSR - đếm ngược ngày niêm yết sàn HOSE - còn 9 tuần,Linhht,4,2023-07-24 09:53:08,"Vâng anh, e chờ ngày tung hoa chúc mừng anh và Bernice"
BSR - đếm ngược ngày niêm yết sàn HOSE - còn 9 tuần,Nguoituyetquoc,5,2023-07-24 09:56:20,Anh tái hòa nhập em nó khi nó quay lại dưới 18 là một quyết định có phần…dũng cảm.
BSR - đếm ngược ngày niêm yết sàn HOSE - còn 9 tuần,Linhht,3,2023-07-24 09:58:14,em nghĩ đó là 1 quyết định thận trọng thì đúng hơn nó phù hợp phòng thủ mà
BSR - đếm ngược ngày niêm yết sàn HOSE - còn 9 tuần,chungkdtm,2,2023-07-24 10:58:30,Anh em có vẻ yếu tim nhỉ. Mình vẫn gom đều trong các tháng :))
BSR - đếm ngược ngày niêm yết sàn HOSE - còn 9 tuần,Nguoituyetquoc,5,2023-07-25 01:34:12,Chào Bơ! Chuẩn bị tinh thần hôm nay lên đỉnh nha em. Chúc em chân cứng đá mềm để đi đến nơi ta hẹn hò.
BSR - đếm ngược ngày niêm yết sàn HOSE - còn 9 tuần,RoseCM,3,2023-07-25 01:55:58,"“Mỗi ngày ta chọn một niềm vui” ha anh! Chúc anh và cả nhà - đặc biệt nhà của Bơ hôm nay sẽ nổ vol, xanh tím!   "
BSR - đếm ngược ngày niêm yết sàn HOSE - còn 9 tuần,minhduc12122003,1,2023-07-25 02:07:01,Cùng trèo lên đỉnh núi cao vời vợi. Để ta “khắc dấu” mình trên đời
BSR - đếm ngược ngày niêm yết sàn HOSE - còn 9 tuần,Linhht,2,2023-07-25 02:07:56,vượt đỉnh rồi kìa anh
BSR - đếm ngược ngày niêm yết sàn HOSE - còn 9 tuần,bsStock,2,2023-07-25 02:10:30,Đếm thêm nữa
BSR - đếm ngược ngày niêm yết sàn HOSE - còn 9 tuần,Nguoituyetquoc,3,2023-07-25 02:11:47,Cuộc gọi cho những người chờ đợi dưới 17.5 đang mất tín hiệu rồi em. Không lẽ họ bỏ đầu dây bên kia rồi?
BSR - đếm ngược ngày niêm yết sàn HOSE - còn 9 tuần,Nguoituyetquoc,3,2023-07-25 02:13:37,Anh mới đánh dấu chạm đỉnh thôi. Chưa đánh dấu vượt đỉnh.
BSR - đếm ngược ngày niêm yết sàn HOSE - còn 9 tuần,Linhht,5,2023-07-25 02:17:25,"em thấy BSR có cách đánh kiểu bậc thang, tại mỗi mốc giá đỉnh mới tạo được nó chỉ tích lũy loanh quanh đó 0.5-0.7 line chứ rất khó lùi về hẳn 1 giá. Nói ngắn gọn là “đáy sau cao hơn đáy trước, đỉnh sau cao hơn đỉnh trước”"
BSR - đếm ngược ngày niêm yết sàn HOSE - còn 9 tuần,Minhcua,4,2023-07-25 02:30:36,Chúc mừng anh và chị Linh kiên nhẫn với bơ.
BSR - đếm ngược ngày niêm yết sàn HOSE - còn 9 tuần,Minhcua,3,2023-07-25 02:31:17,Ngoài vùng phủ sóng. Trong vùng phủ chăn nằm … khóc vì tiếc rồi a.
BSR - đếm ngược ngày niêm yết sàn HOSE - còn 9 tuần,Chimsedinang,3,2023-07-25 02:32:12,Bơ đi xa em quá…Bơ đi xa em quá hức hức
BSR - đếm ngược ngày niêm yết sàn HOSE - còn 9 tuần,Minhcua,3,2023-07-25 02:32:33,Cá cá cá
BSR - đếm ngược ngày niêm yết sàn HOSE - còn 9 tuần,Chimsedinang,2,2023-07-25 02:32:40,Báo báo…cá
BSR - đếm ngược ngày niêm yết sàn HOSE - còn 9 tuần,Linhht,4,2023-07-25 02:33:35,"hic, chị hết Bơ lâu rồi em, chỉ còn anh Tuyết, Bernice, bác Đức và hình như Rose là còn."
BSR - đếm ngược ngày niêm yết sàn HOSE - còn 9 tuần,Minhcua,2,2023-07-25 02:33:52,Cá kìa chị ơi.
BSR - đếm ngược ngày niêm yết sàn HOSE - còn 9 tuần,Linhht,1,2023-07-25 02:34:32,"chị thấy rồi, may hôm qua kịp cover lại"
BSR - đếm ngược ngày niêm yết sàn HOSE - còn 9 tuần,RoseCM,2,2023-07-25 02:40:32,Hihi. Trước em vẫn còn ít và mới gia tăng thêm chút tỷ lệ cho trung hạn chị ạ!
BSR - đếm ngược ngày niêm yết sàn HOSE - còn 9 tuần,Linhht,2,2023-07-25 02:41:38,chị vẫn canh mua thêm
BSR - đếm ngược ngày niêm yết sàn HOSE - còn 9 tuần,Nguoituyetquoc,4,2023-07-25 10:26:57,Khá thú vị.  IMG_20230725_172642 1080×921 183 KB    IMG_20230725_172542 540×540 117 KB 
BSR - đếm ngược ngày niêm yết sàn HOSE - còn 9 tuần,Nguoituyetquoc,4,2023-07-25 10:28:48,"Theo cú pháp của câu này mà hiểu thì BSR đã mua được giá dầu thô lúc nó đang ở đâu đó trong quý 2. Mà quý 2 thì giá dầu thô không cao. Sang quý 3, quý 4 giá dầu thô tăng cao thì thành phẩm sẽ cao. Rồi sao nữa?"
BSR - đếm ngược ngày niêm yết sàn HOSE - còn 9 tuần,Nguoituyetquoc,5,2023-07-25 10:29:23,Thôi để bảng điện trả lời đi.
BSR - đếm ngược ngày niêm yết sàn HOSE - còn 9 tuần,Linhht,2,2023-07-25 10:36:39,Anh đúng là chuyên gia đọc vị doanh nghiệp từ nhg câu chữ tưởng như bình thường
BSR - đếm ngược ngày niêm yết sàn HOSE - còn 9 tuần,Nguoituyetquoc,7,2023-07-25 10:45:18,Mai có hàng khuyến mãi. Múc!
BSR - đếm ngược ngày niêm yết sàn HOSE - còn 9 tuần,RoseCM,2,2023-07-25 11:02:05,Ko thể tuyệt hơn ạ!
BSR - đếm ngược ngày niêm yết sàn HOSE - còn 9 tuần,Nguoituyetquoc,6,2023-07-25 11:08:25,Anh đã kịp làm điều mà lần trước anh bỏ lỡ. Đánh dấu chạm đỉnh.   Screenshot_2023-07-25-18-05-27-731-edit_vn.com.vpbs.smartone 1080×404 40.7 KB 
BSR - đếm ngược ngày niêm yết sàn HOSE - còn 9 tuần,Linhht,2,2023-07-25 11:13:23,Vì sao có khuyến mại ạ? Nến bia mộ à anh?
BSR - đếm ngược ngày niêm yết sàn HOSE - còn 9 tuần,RoseCM,2,2023-07-25 11:14:49,"Hihi. Em còn ít phần 17. mà ít quá nên cứ để, hqua em có gia tăng. Em bắt đầu thấy ánh sáng le lói của em nó rồi - chắc ko thể nhanh được nhưng chắc chắn sẽ có quả ngọt!"
BSR - đếm ngược ngày niêm yết sàn HOSE - còn 9 tuần,RoseCM,2,2023-07-25 11:17:06,Em đoán là ảnh nói đè giá để gom (riêng Bsr thì em ko chắc vì đúng là em ấy khá…gì nhỉ? “mông bền” pk ta?
BSR - đếm ngược ngày niêm yết sàn HOSE - còn 9 tuần,Linhht,0,2023-07-25 11:20:04,C hỏi vậy thôi chứ c nghĩ ảnh sẽ trả lời: “ơ anh có biết j đâu” hoặc “cái mai rùa bảo thế” ấy mà :))))
BSR - đếm ngược ngày niêm yết sàn HOSE - còn 9 tuần,RoseCM,2,2023-07-25 11:20:29,"Em mới xem lại, em thấy ý c cũng hợp lý đó"
BSR - đếm ngược ngày niêm yết sàn HOSE - còn 9 tuần,Linhht,3,2023-07-25 11:29:01,H ng ta chẳng thèm quan tâm FA của Bơ nữa rồi e nên TA là thứ để bấu víu
BSR - đếm ngược ngày niêm yết sàn HOSE - còn 9 tuần,Nguoituyetquoc,4,2023-07-25 11:31:49,Anh thấy lạ khi chưa đọc dược báo cáo quý 2 nên khả năng cao là sẽ có hàng khuyến mãi.
BSR - đếm ngược ngày niêm yết sàn HOSE - còn 9 tuần,Linhht,3,2023-07-25 11:51:44,"Em sẽ chú ý quan sát ạ, nếu hợp lý e sẽ vào"
BSR - đếm ngược ngày niêm yết sàn HOSE - còn 9 tuần,Nguoituyetquoc,4,2023-07-25 11:54:02,Không nhất định. Phải chú ý VNI. Mọi người lạc quan nhưng anh vẫn rất thận trọng. Chỉ mua thêm khi có vị thế tốt. Mua mới phải lựa hàng có TA ổn hơn.
BSR - đếm ngược ngày niêm yết sàn HOSE - còn 9 tuần,Linhht,2,2023-07-25 11:56:01,"Vâng, em cùng view với anh, e chấp nhận có thể lỡ cơ hội chứ ko để mất tiền vì lòng tham I do not try to win, I try not to lose"
BSR - đếm ngược ngày niêm yết sàn HOSE - còn 9 tuần,Nguoituyetquoc,3,2023-07-25 12:00:10,Như anh có nói hôm qua: tỷ lệ 7/3 tùy thời có thể chuyển thành 3/7 mới là sách lược của anh. 5/5 thì thấp quá. Hôm nay có lúc anh hạ về 5/5 nhưng thấy thị trường chưa có dấu hiệu điều chỉnh nên anh đã nâng tỷ lệ lên 6/4 rồi.
BSR - đếm ngược ngày niêm yết sàn HOSE - còn 9 tuần,RoseCM,2,2023-07-25 12:00:43,Hi. Riêng Bsr em kỳ vọng vào giá dầu anh ạ và cũng xác định thử để trung hạn (có thể tới cuối năm xem sao nên tỷ trọng này ko lớn ) - tất nhiên cũng tuỳ cơ ứng biến
BSR - đếm ngược ngày niêm yết sàn HOSE - còn 9 tuần,Linhht,3,2023-07-25 12:02:35,"Đúng rồi em nên ôm bsr là phải theo dõi giá dầu, khá mệt, c yêu pvs hơn vì là đỡ đc công đoạn này"
BSR - đếm ngược ngày niêm yết sàn HOSE - còn 9 tuần,Linhht,0,2023-07-25 12:04:06,"A thật là nhanh nhạy, e vẫn cứng nhắc theo cái target của mình lăm"
BSR - đếm ngược ngày niêm yết sàn HOSE - còn 9 tuần,RoseCM,2,2023-07-25 12:05:12,Hihi. Yes c! Mà với em 1 điểm + cho Bsr lúc này là tích luỹ quá lâu khi mà ngta chạy ầm ầm rồi
BSR - đếm ngược ngày niêm yết sàn HOSE - còn 9 tuần,Nguoituyetquoc,3,2023-07-25 12:06:06,Với tình hình kinh tế thế giới đang bước dần khỏi bóng ma lạm phát thì giá dầu sẽ rất khó giảm sâu nữa em. BSR có thể ôm lâu dài vẫn ổn vì những câu chuyện hay anh vẫn còn chưa có cơ hội để kể.
BSR - đếm ngược ngày niêm yết sàn HOSE - còn 9 tuần,Linhht,1,2023-07-25 12:06:34,"Ai cũng nghĩ thế nên ng ta mới tìm đến Bơ mỗi khi các con khác chạy xong, nhưng nếu lái cố tình dìm hàng thì khối người lại bỏ đi với 1 lời chửi rủa :)))) c thì kỳ vọng ở nhg câu chuyện khác cơ nhg mãi nó ko thành hiện thực"
BSR - đếm ngược ngày niêm yết sàn HOSE - còn 9 tuần,Nguoituyetquoc,1,2023-07-25 12:07:16,Hồi sáng anh có nói có 2 con tích lũy muốn ngủ gục luôn là BSR và HSG.
BSR - đếm ngược ngày niêm yết sàn HOSE - còn 9 tuần,RoseCM,2,2023-07-25 12:08:58,Đây là điều em đang kỳ vọng đó ạ!
BSR - đếm ngược ngày niêm yết sàn HOSE - còn 9 tuần,Nguoituyetquoc,4,2023-07-25 12:12:01,"Bơ đang zic zắc đi lên dù rất chậm. Nếu để ý thấy phiên hôm nay và phiên 13/7 hoàn toàn tương đồng từ giá đỉnh, giá đóng cửa, giá trung bình, khối lượng… Sau phiên 13.7 thì BSR gần như chỉnh rất nhẹ và bắt đầu tăng tiếp. Sau phiên hôm nay, BSR cũng sẽ chỉnh rất nhẹ và sẽ lại tăng tiếp. Anh tin như thế."
BSR - đếm ngược ngày niêm yết sàn HOSE - còn 9 tuần,Linhht,2,2023-07-25 12:18:20,"Hay quá ạ, tks anh đã chỉ bài"
BSR - đếm ngược ngày niêm yết sàn HOSE - còn 9 tuần,Nguoituyetquoc,4,2023-07-25 12:19:22,Thôi không nói Bơ nữa. Về nhà anh Tâm xào bài chút để mai lụm thêm tí rồi chạy.
BSR - đếm ngược ngày niêm yết sàn HOSE - còn 9 tuần,Linhht,0,2023-07-25 12:20:04,E ko sẵn hàng a Tâm thì e skip bài này đc chứ ạ a sắp rồi mà
BSR - đếm ngược ngày niêm yết sàn HOSE - còn 9 tuần,Nguoituyetquoc,3,2023-07-25 12:22:53,Em thoải mái đi. Anh chỉ tóm tắt lại một số ý cho người hữu duyên thôi mà.
BSR - đếm ngược ngày niêm yết sàn HOSE - còn 9 tuần,Nguoituyetquoc,6,2023-07-25 16:06:53,Good night Bơ!  Screenshot_2023-07-25-23-05-55-094-edit_com.android.chrome 1080×738 94.8 KB 
BSR - đếm ngược ngày niêm yết sàn HOSE - còn 9 tuần,minhduc12122003,2,2023-07-26 02:17:15,Con số quen thuộc
BSR - đếm ngược ngày niêm yết sàn HOSE - còn 9 tuần,Nguoituyetquoc,4,2023-07-26 02:18:58,Để yên đây đi bác. Chiều tính.
BSR - đếm ngược ngày niêm yết sàn HOSE - còn 9 tuần,minhduc12122003,3,2023-07-26 02:25:17,Hi vọng chiều đi tìm chiếu
BSR - đếm ngược ngày niêm yết sàn HOSE - còn 9 tuần,Nguoituyetquoc,1,2023-07-26 02:26:40,Bơ không bao giờ ngủ trên chiếu đâu bác nên khỏi hy vọng tìm. Chỉ có một lần… lần đó chưa tới.
BSR - đếm ngược ngày niêm yết sàn HOSE - còn 9 tuần,minhduc12122003,1,2023-07-26 02:27:16,"Hị hị em biết mà, bơ mà ngủ trên chiếu thì chắc ngày đó…long trời lở đất"
BSR - đếm ngược ngày niêm yết sàn HOSE - còn 9 tuần,Bernice,2,2023-07-26 03:32:13,ủa đã từng rồi mà anh em? hnay có ai nhặt .2 k ạ?
BSR - đếm ngược ngày niêm yết sàn HOSE - còn 9 tuần,Nguoituyetquoc,2,2023-07-31 09:29:52,Chắc tiền đè chết thôi. 2.734 tỷ đồng tiền gửi của BSR tại ngân hàng thương mại TNHH MTV Đại Dương bị tạm dừng giao dịch từ 2015 đến nay nhưng cũng vẫn được hưởng lãi.
BSR - đếm ngược ngày niêm yết sàn HOSE - còn 9 tuần,Emil,2,2023-07-31 09:41:21,"hehe. Vừa đi nghỉ về, thấy Bơ trong tk lên vù vù mà thích. Vậy là không lo Bơ bị thối. Nhưng Bố em vẫn mắng, bảo m ày ăn đc 1 đồng Bơ thì bố ăn cả trăm đồng rồi con. Thôi bé thì cắp tráp theo Thầy TYPN mà ghi chép. Nhớ bám chị Tua rua may ra được chị ấy cho vào đời sớm."
BSR - đếm ngược ngày niêm yết sàn HOSE - còn 9 tuần,meogiaCK,1,2023-07-31 09:42:09,"Công ty Cổ phần Lọc hoá dầu Bình Sơn vừa cho biết lãi ròng quý 2/2023 đạt 1.300 tỷ đồng, giảm 87% so với cùng kỳ năm trước. Tuy nhiên, tính đến cuối tháng 6/2023, doanh nghiệp này đang nắm giữ hơn 29.000 tỷ tiền mặt và tiền gửi ngân hàng."
BSR - đếm ngược ngày niêm yết sàn HOSE - còn 9 tuần,meogiaCK,2,2023-07-31 09:43:01,"Tin ra sau giờ gd, mai dự BSR lại bốc đầu rồi"
BSR - đếm ngược ngày niêm yết sàn HOSE - còn 9 tuần,Linhht,1,2023-07-31 09:43:15,Haha welcome back em trai  
BSR - đếm ngược ngày niêm yết sàn HOSE - còn 9 tuần,Emil,1,2023-07-31 09:44:38,chưa hết hè đâu. Nghỉ ngơi tẹo rồi lại phi tiếp. Hè đầy chỗ chơi. Ngồi bám sàn như chị thì Tua rua nó lại thành Tua rua thôi  
BSR - đếm ngược ngày niêm yết sàn HOSE - còn 9 tuần,Nguoituyetquoc,1,2023-07-31 09:45:36,Hic…em đọc báo cáo từ sáng rồi mà bác.
BSR - đếm ngược ngày niêm yết sàn HOSE - còn 9 tuần,Emil,4,2023-07-31 09:48:50,chuyển sàn + chia thưởng + trả cổ tức tiền mặt. Các bác cứ đánh đông dẹp bắc thoải mái. Rồi lại ăn Bơ căng bụng thôi.
BSR - đếm ngược ngày niêm yết sàn HOSE - còn 9 tuần,Linhht,1,2023-07-31 10:00:48,"Chúc mừng em, hôm nay phấn khởi lắm đúng hem? BSR, VIC, VHM đều cho quả quá đỗi ngọt ngào mà :)))"
BSR - đếm ngược ngày niêm yết sàn HOSE - còn 9 tuần,Emil,2,2023-07-31 10:05:02,"em có VIC thôi, nằm gai nếm mật từ 52 đổ xuống giờ mới ăn được ít xu lẻ. Tầm này cứ hâu hàng là auto giàu. Ra ra vào vào rồi lại mất công mua lại, các anh thì bạc tóc, các chị thì… tua rua"
BSR - đếm ngược ngày niêm yết sàn HOSE - còn 9 tuần,Linhht,2,2023-07-31 10:15:40,"hôm qua chị và chị Doanh bàn nhau mua VIC mà sáng nay nó tím luôn từ ATO, thế là chả phải làm gì nữa, khỏe re :))))"
BSR - đếm ngược ngày niêm yết sàn HOSE - còn 9 tuần,Emil,3,2023-07-31 10:22:17,"VIC, VHM nặng mông mà đã phi trần thì cứ gọi là các con giời bán đáy quay hàng cay cú phải biết. Nên Bơ em mua đợt trước mà không lên là em bỏ đi chơi. Ngồi canh bảng vừa tốn thời gian, vừa căng thẳng. Vớ vẩn không chịu nổi áp lực bán ra đảo hàng mà nó phi cho 1 phát như hôm nay là tàn nhang đầy mặt. Tiền còn chưa bơm ra mà thị trường đã sôi động không nghỉ hè thế này thì sao phải xoắn?"
BSR - đếm ngược ngày niêm yết sàn HOSE - còn 9 tuần,Linhht,2,2023-07-31 10:24:52,"cách của em hay đó, chị note lại để ứng dụng vào cách đánh của mình"
BSR - đếm ngược ngày niêm yết sàn HOSE - còn 9 tuần,Emil,1,2023-07-31 10:25:38,nhưng nếu lái cố tình dìm hàng  freeice 513×640 46.6 KB  ý chị Tua Rua định quay lại dìm Thầy đấy hử? Em đọc lại ở trên thấy chị có dấu hiệu phản đồ mấy lần rồi đấy nhá.
BSR - đếm ngược ngày niêm yết sàn HOSE - còn 9 tuần,Linhht,2,2023-07-31 10:29:40,mất quan điểm quá em :))) Chị phản biện thôi mà   thực ra bản thân chị ko thích BSR lắm nên ra rồi là chị ko vào lại đó chứ ko có ý định dìm hàng hay chim lợn gì hết
BSR - đếm ngược ngày niêm yết sàn HOSE - còn 9 tuần,Nguoituyetquoc,2,2023-07-31 10:34:57,"Mỗi người trading đều có cách của riêng mình. Anh chưa từng nói ai phải theo anh một mã nào hết nha em. Anh đưa ra khuyến nghị thôi, ai thích thì theo, không thì thôi mà. Em đang ghép anh vào nhóm lùa gà đó. Anh ghi sổ mấy lần rồi nha."
BSR - đếm ngược ngày niêm yết sàn HOSE - còn 9 tuần,Emil,3,2023-07-31 10:37:07,"Nó chưa hấp dẫn vì nó chưa chuyển sàn thôi. Nên chưa có ai lăng C em nó lên cả. Em vừa đọc lại các post của Thầy, có đoạn dạy hay lắm về Đạo đánh chứng khoán. Hoá ra cũng có Âm, có Dương đấy. Đạo đánh theo Âm người ta gọi là Âm… (mặt cứ gọi là đỏ dừ   )"
BSR - đếm ngược ngày niêm yết sàn HOSE - còn 9 tuần,Nguoituyetquoc,2,2023-07-31 10:38:08,"Em cứ ở đó mà chém gió đi. Anh mệt rồi, đi uống thuốc đây."
BSR - đếm ngược ngày niêm yết sàn HOSE - còn 9 tuần,Nguoituyetquoc,5,2023-07-31 11:54:19,"Có vẻ việc tính toán này của em đã sai timeline rồi. Nhưng… việc định giá >20 khi lên sàn Hose là không thay đổi. Thậm chí, rất có thể chưa cần tin tức chính thức đó, BSR cũng có thể tiến về 20 khi mà phần lớn các cổ khác đều đã có mức tăng giá… vượt trội so với BSR. Những dự báo của em."
BSR - đếm ngược ngày niêm yết sàn HOSE - còn 9 tuần,Nguoituyetquoc,4,2023-07-31 11:54:53,"Về TA, BSR đang như thế nào? ==> Xu hướng tăng trung hạn được duy trì và giá hiện tại đang phản ánh sự vận động hợp lý trong sóng 4 Elliott (nếu xét từ việc vận động đầu năm là sóng 4 nhưng nếu xét từ vận động giữa năm đến giờ thì có thể mới kết sóng 2 thôi lạc quan chút ). Và lạc quan một chút."
BSR - đếm ngược ngày niêm yết sàn HOSE - còn 9 tuần,Nguoituyetquoc,5,2023-07-31 11:56:19,"Mô hình nến Nhật đẹp!  @minhduc12122003 , bác biết cái này không?  Ngày 24/7 ở trên và một tuần sau đó.  IMG_20230731_185706 1080×1319 172 KB "
BSR - đếm ngược ngày niêm yết sàn HOSE - còn 9 tuần,Ngantrinhtt,2,2023-07-31 13:20:35,"BSR đứt xích rồi, chạy té khói"
BSR - đếm ngược ngày niêm yết sàn HOSE - còn 9 tuần,Nguoituyetquoc,4,2023-08-01 02:06:06,Có vẻ như 20 là điều không quá xa xôi rồi.
BSR - đếm ngược ngày niêm yết sàn HOSE - còn 9 tuần,Linhht,1,2023-08-01 02:06:59,Haha có khi a sắp phải nâng target lên 25 or 30 ấy chứ =))))
BSR - đếm ngược ngày niêm yết sàn HOSE - còn 9 tuần,Nguoituyetquoc,5,2023-08-01 02:08:30,Chắc 22 thôi em. Kaka… chậm mà chắc.
BSR - đếm ngược ngày niêm yết sàn HOSE - còn 9 tuần,Nguoituyetquoc,6,2023-08-01 15:04:15,Có vẻ như 20 là điều không quá xa xôi rồi. Ngày em 20 tuổi Tay cắt mái tóc thề Giã từ niềm vui nhé Buồn ơi hỡi chào mi…  Screenshot_2023-08-01-22-03-07-004-edit_com.money24h.vn 1080×1713 180 KB 
BSR - đếm ngược ngày niêm yết sàn HOSE - còn 9 tuần,minhduc12122003,4,2023-08-02 03:06:38,20.2
BSR - đếm ngược ngày niêm yết sàn HOSE - còn 9 tuần,minhduc12122003,2,2023-08-02 06:45:18,20.6 
BSR - đếm ngược ngày niêm yết sàn HOSE - còn 9 tuần,Nguoituyetquoc,3,2023-08-02 06:50:36,Khủng văn khiếp! Em ra…
BSR - đếm ngược ngày niêm yết sàn HOSE - còn 9 tuần,minhduc12122003,3,2023-08-02 06:50:44,6tr rút nhanh như 1 nốt nhạc
BSR - đếm ngược ngày niêm yết sàn HOSE - còn 9 tuần,Nguoituyetquoc,6,2023-08-02 06:56:05, Screenshot_2023-08-02-13-55-52-268-edit_vn.com.vpbs.smartone 1080×569 64.6 KB  Rơi 50% hàng rồi.
BSR - đếm ngược ngày niêm yết sàn HOSE - còn 9 tuần,minhduc12122003,3,2023-08-02 07:01:21,Qua tuần chắc cover lại được 1 phần
BSR - đếm ngược ngày niêm yết sàn HOSE - còn 9 tuần,Nguoituyetquoc,5,2023-08-02 07:02:35,Lái sẽ múc lên tiếp. Bác cứ tin em.
BSR - đếm ngược ngày niêm yết sàn HOSE - còn 9 tuần,Chimsedinang,4,2023-08-02 07:02:37,Chúc mừng Anh…quá mỹ mãn rồi  
BSR - đếm ngược ngày niêm yết sàn HOSE - còn 9 tuần,Chimsedinang,4,2023-08-02 07:03:37,như này thì Phải Vui Sướng chắc cũng không kém cạnh Anh ha (mở ngoặc: E đang rất mong chờ hì)
BSR - đếm ngược ngày niêm yết sàn HOSE - còn 9 tuần,minhduc12122003,4,2023-08-02 07:03:46,Em treo 20.7 với 21 chờ lái vậy
BSR - đếm ngược ngày niêm yết sàn HOSE - còn 9 tuần,Nguoituyetquoc,4,2023-08-02 07:04:18,Chúc bác toại nguyện! Em sẽ không bình luận ở đây để tránh bứt dây động rừng.
BSR - đếm ngược ngày niêm yết sàn HOSE - còn 9 tuần,Phuong_Binh,3,2023-08-02 07:05:34,Mãn nhãn quá
BSR - đếm ngược ngày niêm yết sàn HOSE - còn 9 tuần,RoseCM,0,2023-08-02 07:15:29,Đã quá anh ơi! Em cũng chưa nhiều nên thôi…gồng lãi (Hôm trc nói chờ cây vol lớn gia tăng thêm mà tăng phát tự nhiên nhát ko dám thêm )
BSR - đếm ngược ngày niêm yết sàn HOSE - còn 9 tuần,Nguoituyetquoc,3,2023-08-02 12:14:44, Screenshot_2023-08-02-19-12-40-534-edit_com.android.chrome 1080×698 117 KB  Ơ thế giờ xăng lên gần 25k thì chết rồi.
BSR - đếm ngược ngày niêm yết sàn HOSE - còn 9 tuần,Nguoituyetquoc,3,2023-08-02 12:24:16,Đánh dấu một phát lúc đang bán mạnh.  Trên là ngày 07/3 Dưới là ngày 02/8. Quá lâu nhưng lợi nhuận là không ít.   Screenshot_2023-08-02-19-23-41-268-edit_com.money24h.vn 1080×1845 203 KB 
BSR - đếm ngược ngày niêm yết sàn HOSE - còn 9 tuần,RoseCM,3,2023-08-02 12:24:24,"Khi nào có thể gia tăng anh hú tụi em với nha, chứ con này ko hiểu tâm tính nó ko dám vào nhiều anh ạ! Ko biết qua đợt này mông săn chắc lại chưa (em vẫn bị core business nó ảnh hg tâm lý)"
BSR - đếm ngược ngày niêm yết sàn HOSE - còn 9 tuần,Huy_Nguyen23,1,2023-08-03 13:01:32,"Cổ phiếu dầu khí mạnh nhất Q3.2023 | Lựa chọn giữa PVD PVC PVS BSR. - YouTube gửi các bác view BSR, bác nào đồng tình với em ko. Mafia đến từ đống đa"
BSR - đếm ngược ngày niêm yết sàn HOSE - còn 9 tuần,Nguoituyetquoc,4,2023-08-07 12:24:13,Đánh dấu một phát lúc đang bán mạnh.  Trên là ngày 07/3 Dưới là ngày 02/8. Quá lâu nhưng lợi nhuận là không ít.  Ngày 07/8. Liên tục có đỉnh mới.  Screenshot_2023-08-07-19-17-51-749-edit_com.money24h.vn 1080×1659 173 KB 
BSR - đếm ngược ngày niêm yết sàn HOSE - còn 9 tuần,meogiaCK,3,2023-08-07 12:47:53,"Game mới khởi động thôi bác. Tiền to vào rồi, tuần này vượt 20.9 rồi lên 23-25"
BSR - đếm ngược ngày niêm yết sàn HOSE - còn 9 tuần,Nguoituyetquoc,6,2023-08-07 13:00:02,Chưa đâu bác. TA đang hơi quá mức một chút nên cần điều chỉnh. Mai sẽ có giá đỏ cho mọi người.
BSR - đếm ngược ngày niêm yết sàn HOSE - còn 9 tuần,Nguoituyetquoc,7,2023-08-10 01:44:32,Chờ!
BSR - đếm ngược ngày niêm yết sàn HOSE - còn 9 tuần,Chimsedinang,3,2023-08-10 02:00:02,Dầu hôm qua tăng ác mà…thời của đến rồi
BSR - đếm ngược ngày niêm yết sàn HOSE - còn 9 tuần,Nguoituyetquoc,9,2023-08-10 02:48:03,Chờ! Như lời anh hứa. Happy birthday to 21 tuổi của   Screenshot_2023-08-10-09-47-15-189-edit_com.money24h.vn 1080×1515 168 KB 
BSR - đếm ngược ngày niêm yết sàn HOSE - còn 9 tuần,Nguoituyetquoc,1,2023-08-10 15:51:49,"Nên nhớ đây chỉ là nhận định của BSC, chưa phải tin chính thức từ Hose.  IMG_20230810_225043 1079×1264 218 KB    IMG_20230810_225055 540×680 138 KB "
BSR - đếm ngược ngày niêm yết sàn HOSE - còn 9 tuần,Nguoituyetquoc,1,2023-09-30 03:43:01,"Trở lại mái nhà xưa thôi mọi người. Công ty Cổ phần Lọc hóa dầu Bình Sơn (mã cổ phiếu BSR) bắt đầu phối hợp với hãng kiểm toán Deloitte Việt Nam để triển khai việc áp dụng Chuẩn mực báo cáo tài chính quốc tế (IFRS), hướng tới việc niêm yết trên thị trường quốc tế và thu xếp vốn, kêu... Xét về hoạt động kinh doanh, luỹ kế 8 tháng đầu năm nay, tổng doanh thu của Lọc hoá dầu Bình Sơn ước đạt 91.600 tỷ đồng, giảm 19% so với cùng kỳ năm ngoái, và lãi ròng ước đạt 4.400 tỷ đồng . Như vậy, doanh nghiệp này đã thực hiện được 96% mục tiêu doanh thu và 270% mục tiêu lợi nhuận cả năm nay. Tính riêng trong 2 tháng đầu quý 3 này (tháng 7 và tháng 8), Lọc hoá dầu Bình Sơn có thể đã ghi nhận khoảng 23.866 tỷ đồng doanh thu và 1.454 tỷ đồng lãi ròng."
BSR - đếm ngược ngày niêm yết sàn HOSE - còn 9 tuần,Nguoituyetquoc,2,2023-09-30 03:48:33,"Theo một nguồn tin đáng tin cậy thì riêng tháng 9 lãi ròng có thể xấp xỉ bằng cả tháng 7 và tháng 8. Như vậy, cả quý 3, con số lãi ròng có thể đạt mức rất cao là gần 3k tỷ."
BSR - đếm ngược ngày niêm yết sàn HOSE - còn 9 tuần,Nguoituyetquoc,2,2023-09-30 04:00:26,"Như vậy tính chung 9 tháng đầu năm, lợi nhuận của BSR có thể vượt con số 5k tỷ, vượt hơn 300% KH lợi nhuận mà công ty đã đề ra từ đầu năm. Có thể con số này còn khiêm tốn so với năm rồi (15k tỷ) nhưng trước những khó khăn chung của nền kinh tế VN nói riêng và thế giới nói chung mà doanh nghiệp vẫn duy trì được mức lợi nhuận khả quan như vậy thì hoàn toàn xứng đáng với kỳ vọng của cổ đông dành cho công ty."
BSR - đếm ngược ngày niêm yết sàn HOSE - còn 9 tuần,Linhht,1,2023-09-30 04:25:02,"Hic nhà mình chắc chưa ai có ngoài anh đợt rồi nó discount ít nên nhiều ng chắc cũng đắn đo sợ vào nó tỉ suất ln ko cao = nhg con đã giảm nhiều từ đỉnh như bđs, ck."
BSR - đếm ngược ngày niêm yết sàn HOSE - còn 9 tuần,Nguoituyetquoc,0,2023-09-30 04:33:37,Đó là quyết định đúng và ai cũng có thể hiểu được nếu mọi thứ quay lại guồng quay cũ và tiếp tục Uptrend ngàn ba đó em. Anh chỉ là tiếc nuối tình xưa nên quay về chốn cũ tìm lại người yêu năm nào thôi. Đơn giản là hoài niệm!
BSR - đếm ngược ngày niêm yết sàn HOSE - còn 9 tuần,Linhht,2,2023-09-30 05:01:44,A nhiều ng yêu cũ quá :)))
BSR - đếm ngược ngày niêm yết sàn HOSE - còn 9 tuần,Nguoituyetquoc,1,2023-09-30 08:04:29,"Thấy chủ pic chả khác gì Thái Phạm toàn hô mấy con cổ phiếu hết vị lãnh đạo nhà nước ko cầm cổ phiếu ko có động lực làm ăn gì. Nên xem lại triết lý đầu tư không khách hàng nó bỏ đi hết thì môi giới cho ma Buồn buồn đọc lại những comments của ngày xưa, người xưa. Thời gian đang trả lời cho tất cả."
BSR - đếm ngược ngày niêm yết sàn HOSE - còn 9 tuần,Nguoituyetquoc,1,2023-09-30 08:05:47,"Nói chung giờ em cứ nghĩ như một khoảng đầu tư trung hạn đi cho nó đỡ nhức đầu. Game chuyển sàn sẽ thành hiện thực từ 3-6 tháng nữa. Lời lỗ xem như bỏ qua hết, giờ em có giá 16, ""nếu 6 tháng nữa có giá 20 thì có xứng đáng đầu tư hay không? * Nếu em trả lời xứng đáng. Không phải bàn gì nữa. Nếu em nói khả năng em sẽ kiếm được nhiều hơn thì tận dụng nhịp lên 17 trong thời gian ngắn tới chia tay. Over. 3-6 tháng giá…21 rồi."
BSR - đếm ngược ngày niêm yết sàn HOSE - còn 9 tuần,Nguoituyetquoc,2,2023-09-30 08:07:43,Ặc…cá sặc! OK đợi chút anh gọi điện cho lái. … Câu chuyện ngày 11/4. Không phải ngày cá tháng tư.
BSR - đếm ngược ngày niêm yết sàn HOSE - còn 9 tuần,Nguoituyetquoc,2,2023-09-30 08:10:08,thank anh ạ. Nhớ Bơ nai rồi!   image 700×466 48.6 KB 
BSR - đếm ngược ngày niêm yết sàn HOSE - còn 9 tuần,Nguoituyetquoc,2,2023-10-09 01:57:15,Ngày em hai mươi tuổi. Tạm biệt.
BSR - đếm ngược ngày niêm yết sàn HOSE - còn 9 tuần,Nguoituyetquoc,2,2023-09-30 08:07:43,Ặc…cá sặc! OK đợi chút anh gọi điện cho lái. … Câu chuyện ngày 11/4. Không phải ngày cá tháng tư.
BSR - đếm ngược ngày niêm yết sàn HOSE - còn 9 tuần,Nguoituyetquoc,2,2023-09-30 08:10:08,thank anh ạ. Nhớ Bơ nai rồi!   image 700×466 48.6 KB 
BSR - đếm ngược ngày niêm yết sàn HOSE - còn 9 tuần,Nguoituyetquoc,2,2023-10-09 01:57:15,Ngày em hai mươi tuổi. Tạm biệt.
BSR - đếm ngược ngày niêm yết sàn HOSE - còn 9 tuần,Hoang_Khanh_Nguyen1,1,2023-10-09 01:59:42,
BSR - đếm ngược ngày niêm yết sàn HOSE - còn 9 tuần,Nguoituyetquoc,2,2023-10-09 02:13:34,"Hơn 4,4k tỷ lợi nhuận trong 8 tháng đầu năm."
BSR - đếm ngược ngày niêm yết sàn HOSE - còn 9 tuần,Nguoituyetquoc,3,2023-10-09 02:13:49,Hơn 5.5k tỷ lợi nhuận sau 9 tháng
BSR - đếm ngược ngày niêm yết sàn HOSE - còn 9 tuần,Phuongus,2,2023-10-09 02:18:16,Nay e mua gia tăng thêm BSR được không bác? hôm T6 tuàn trc em mới mua có chút
BSR - đếm ngược ngày niêm yết sàn HOSE - còn 9 tuần,Nguoituyetquoc,2,2023-10-09 02:22:06,BSR mua khi người ta chán người ta bán đó bác. Đua không phải là hành động phù hợp.
BSR - đếm ngược ngày niêm yết sàn HOSE - còn 9 tuần,Linhht,1,2023-10-09 02:23:45,chúc mừng anh với Bơ Sầu Riêng hôm nó về 19.x anh có mua thêm chứ?
BSR - đếm ngược ngày niêm yết sàn HOSE - còn 9 tuần,Nguoituyetquoc,1,2023-10-09 02:24:59,Cảm ơn em. Có em.
BSR - đếm ngược ngày niêm yết sàn HOSE - còn 9 tuần,Linhht,1,2023-10-09 02:25:54,hehe em ko mua vì em còn chờ giá 17-18 :))) với cả em có dâu rồi
BSR - đếm ngược ngày niêm yết sàn HOSE - còn 9 tuần,thanhlongnho,2,2023-10-09 02:26:21,chúc mừng cổ đông dầu nhé
BSR - đếm ngược ngày niêm yết sàn HOSE - còn 9 tuần,Nguoituyetquoc,1,2023-10-09 02:26:38,anh đang có 5% để sẵn sàng chốt.
BSR - đếm ngược ngày niêm yết sàn HOSE - còn 9 tuần,Linhht,1,2023-10-09 02:27:17,"em vừa chốt 1/2 giá 38.2 rồi anh, chờ xem có lên được cận 39 ko em chốt nốt"
BSR - đếm ngược ngày niêm yết sàn HOSE - còn 9 tuần,Nguoituyetquoc,3,2023-10-09 02:27:25,Anh đi họp hành sáng thứ hai đây.
BSR - đếm ngược ngày niêm yết sàn HOSE - còn 9 tuần,Nguoituyetquoc,3,2023-10-09 02:27:32,All the best to oil team
BSR - đếm ngược ngày niêm yết sàn HOSE - còn 9 tuần,Nguoituyetquoc,3,2023-10-09 12:31:20,Hơn 5.5k tỷ lợi nhuận sau 9 tháng Vượt mọi dự đoán.  IMG_20231009_193055 540×817 92.6 KB 
BSR - đếm ngược ngày niêm yết sàn HOSE - còn 9 tuần,Nguoituyetquoc,2,2023-10-09 13:13:04,"“Vụ tấn công này sẽ có tác động lớn và lâu dài đến thị trường dầu nếu nguồn cung giảm liên tục và hoạt động vận chuyển bị gián đoạn. Nếu các nước phương Tây cho rằng Iran có vai trò trong sự kiện này, nguồn cung và xuất khẩu từ Iran chắc chắn bị đe dọa” Cả dầu Brent và WTI đều tăng 5% sáng nay, do nhà đầu tư ngày càng lo ngại bất ổn chính trị tại Trung Đông."
BSR - đếm ngược ngày niêm yết sàn HOSE - còn 9 tuần,minhduc12122003,2,2023-10-10 02:16:31,"Chiến tranh diễn giải nhanh gọn nhưng tác động sẽ lâu dài… Phát ngôn viên Lực lượng Phòng vệ Israel (IDF), ông Daniel Hagari hôm nay cho biết không còn giao tranh giữa IDF và chiến binh Hamas ở trong lãnh thổ Israel."
BSR - đếm ngược ngày niêm yết sàn HOSE - còn 9 tuần,minhduc12122003,2,2023-10-10 02:17:04,"Xe nay gần hết xăng, mà mai lại đến kỳ điều chỉnh…tự dưng hoang mang muốn đi trữ xăng liền quá"
