title,author,like,date,content
Múc cùng shack Xuân 🤭,MissXuan,9,2023-11-13 12:14:27,"Đầu tư hay đầu cơ đều là mua kì vọng để kiếm tiền , hàng ngày các chiên gia phân tích cổ hay ho lắm giữ lâu có ăn lái đạp phát chạy tụt quần rơi dép . Vni hiện nay phản ánh tương đối về thực trạng kinh tế giai đoạn khó khăn này , vì vậy kì vọng phụ thuộc cách đánh giá của mỗi người , ai nhận định còn khó khăn thì vni đi xuống, ai đánh giá nên kinh tế vượt qua khó khăn sau đại dịch thì đi lên do vậy mỗi người có phương pháp đầu tư , với Xuân vẫn đánh giá năm 2024 Việt Nam vẫn bước vào chu kì tăng trưởng kinh tế với mọi cố gắng của chính phủ và nhân dân . Giai đoạn này là lúc mua chứ không phải bán . Ai lướt thì cơ bản hay rác thì vẫn là rác , ai tin tưởng tương lai thì ôm . Xuân đã úp hết bô mhc giá 14 cms giá 32 hiện tại đang ngắm pdr dig shs ssi qcg . Chúc các bạn đầu tư hay đầu cơ đều có lãi . Mãi yêu các bạn   undefined-1699877393302.jpg|520 x 640 520×640 47.9 KB "
Múc cùng shack Xuân 🤭,Hotboy39cm,0,2023-11-13 12:21:14,"A đang lắm dữ Cms Xuân ạ, Xuân lói thế nà a thèm lôn đấy Xuân"
Múc cùng shack Xuân 🤭,Piggy,0,2023-11-13 12:22:11,Em xinh quá! Xinh thế nói j cũng đúng
Múc cùng shack Xuân 🤭,thanh226,3,2023-11-13 12:23:24,Xuân đấy á lâu quá k gặp
Múc cùng shack Xuân 🤭,Piggy,3,2023-11-13 12:24:48,"Trùng máu qcg, ssi với em @MissXuan "
Múc cùng shack Xuân 🤭,thanh226,3,2023-11-13 12:30:52,xuân xáng xuốt đấy
Múc cùng shack Xuân 🤭,thanh226,0,2023-11-13 12:32:41,QCG hơi ái ngại vì chuyên đẩy dá cp lấy tiền mua xiêu xe xuân ạ
Múc cùng shack Xuân 🤭,Hotboy39cm,1,2023-11-13 12:35:47,"Sút hết quay về với CMS đi, nghe a tết ăn bằng nần Xuân ạ."
Múc cùng shack Xuân 🤭,thanh226,1,2023-11-13 12:38:39,   
Múc cùng shack Xuân 🤭,Piggy,2,2023-11-13 12:39:52,"Đánh như sgk mà bác còn chê. A Cường chơi đẹp mua đc siêu xe cũng tặng cổ đông con SH. FA dự án to, giá vốn thấp. Giá 1x ỏng eo ko múc chờ lên 3x-5x mhx lại khen thơm quá."
Múc cùng shack Xuân 🤭,thanh226,0,2023-11-13 12:42:17,À vâng đánh con này lúc nào cũng cần lên dây cót dựng tóc gáy lên cbi mà chạy. Nhọc ạ
Múc cùng shack Xuân 🤭,thanh226,1,2023-11-13 12:43:18,CMS có dì hay hả Boy?
Múc cùng shack Xuân 🤭,Piggy,1,2023-11-13 12:43:42,"Nó chạy cho 3-5 cây tím lại chả nhọc, nhọc vì lồi mồm bục mỏ"
Múc cùng shack Xuân 🤭,thanh226,2,2023-11-13 12:43:44,   
Múc cùng shack Xuân 🤭,MissXuan,0,2023-11-13 12:43:49,@thanh226 múc đi kim cương đấy
Múc cùng shack Xuân 🤭,thanh226,1,2023-11-13 12:48:36,À anh nhường Xuân chân dài tất
Múc cùng shack Xuân 🤭,Hotboy39cm,1,2023-11-13 12:50:51,"CMS có quỹ đất lớn, sắp mở bán dự án Cẩm Khê, lãi khủng hơn đứt Cường núi của em Xuân"
Múc cùng shack Xuân 🤭,Piggy,1,2023-11-13 12:55:38,"Quan trọng vẫn là hàng trong tay lái bác ơi. Cms pp cho nhỏ lẻ hết moẹ giá 3x rồi, h cắm đầu thôi chứ nước nôi gì nữa."
Múc cùng shack Xuân 🤭,Phienchieu,2,2023-11-13 12:57:30,"cms Chiều cũng úp bô 27 rồi, giờ lái ra hàng hết, lái này nó phân phối theo chiều xuống. Ae múc giá này xác định năm 5 chưa chắc về bờ! Giờ cứ dig pdr qcg ssi shs xúc mạnh! Bđs, ck thiên thời! Tên Xuân với Chiều đẹp nhở, Chiều Xuân, Chiều Xuân tới bến nhớ!"
Múc cùng shack Xuân 🤭,Phienchieu,1,2023-11-13 13:02:56,"Cẩm khê quê của Chiều, Chiều biết nó, đất ch.ó ăn đá gà ăn sỏi, giống cổ thôi, còn mút mùa!"
Múc cùng shack Xuân 🤭,Phienchieu,2,2023-11-13 12:57:30,"cms Chiều cũng úp bô 27 rồi, giờ lái ra hàng hết, lái này nó phân phối theo chiều xuống. Ae múc giá này xác định năm 5 chưa chắc về bờ! Giờ cứ dig pdr qcg ssi shs xúc mạnh! Bđs, ck thiên thời! Tên Xuân với Chiều đẹp nhở, Chiều Xuân, Chiều Xuân tới bến nhớ!"
Múc cùng shack Xuân 🤭,Phienchieu,1,2023-11-13 13:02:56,"Cẩm khê quê của Chiều, Chiều biết nó, đất ch.ó ăn đá gà ăn sỏi, giống cổ thôi, còn mút mùa!"
Múc cùng shack Xuân 🤭,thanh226,1,2023-11-13 13:03:31,Cám ơn Chiều minh cũng chả quan tâm con đó nà con lào
Múc cùng shack Xuân 🤭,thanh226,2,2023-11-13 13:06:02,"Tại cuộc họp cập nhật kết quả kinh doanh quý 3/2023 của CTCP Đầu tư Thế Giới Di Động (mã MWG), Chủ tịch HĐQT Nguyễn Đức Tài đã có những chia sẻ thẳng thắng về cuộc chiến giá rẻ đang khiến các nhà bán lẻ thiết bị điện từ, công nghệ (ICT) đau đầu."
Múc cùng shack Xuân 🤭,Hotboy39cm,0,2023-11-13 13:06:58,"Cô em thì biết cái dell gì về đất cát với dự án mà ngồi nói leo, chắc lại đang ôm đẫy mỏ thằng Cường núi rồi chứ gì"
Múc cùng shack Xuân 🤭,Phienchieu,4,2023-11-13 13:07:38,"Quan tâm để mốc mỏ, 5 năm nữa chưa về bờ. Giờ nó rơi đúng như lịch sử này nhé! Ai có hàng bán đi múc hàng khác đừng dại nghe bọn nó bơm thổi.   hình ảnh 828×516 103 KB "
Múc cùng shack Xuân 🤭,Phienchieu,2,2023-11-13 13:08:42,"Giờ phải ôm anh Cường mới có siêu xe! Anh mới đi vay ngân hàng mua siêu xe vì thương bank đang ế khách, anh vay đỡ"
Múc cùng shack Xuân 🤭,Hotboy39cm,1,2023-11-13 13:14:42,"Nó sắp cắm cả em để trả nợ ngân hàng rồi đấy, bỏ đi mà làm người. Cms sẽ cho em tất cả, ngoan!"
Múc cùng shack Xuân 🤭,Phienchieu,1,2023-11-13 13:16:04,Thế húp nhiều vào nhé!
Múc cùng shack Xuân 🤭,Hotboy39cm,1,2023-11-13 13:19:28,A lại phải chờ mài nhắc à? Về mà ôm thằng Cường núi đi rồi vào động sớm
Múc cùng shack Xuân 🤭,Piggy,1,2023-11-13 13:24:19,Đu đỉnh cms hoá điên hả mài? Bạ ai cũng cắn
Múc cùng shack Xuân 🤭,Hotboy39cm,1,2023-11-13 13:29:05,"A đu CMS từ giá 8, chấp 10 cây sàn đấy, đợi nó x5 x10 các em nhảy vào a úp bô vào đầu, lúc đấy đừng tìm cắn a nhá"
Múc cùng shack Xuân 🤭,MissXuan,3,2023-11-13 13:31:57,"@Hotboy39cm có cái lu gêm kiếm gà thôi , cái đất Cẩm Khê nhà tui ở phà tình vương đây lạ gì"
Múc cùng shack Xuân 🤭,Hotboy39cm,1,2023-11-13 13:33:29,Xuân đấy à em? Đi hẩy với a ko a cho mảnh đất ở Cẩm Khê
Múc cùng shack Xuân 🤭,MissXuan,0,2023-11-13 13:39:40,@Hotboy39cm  Xuân lái đò phà tình cương đang chán Cẩm Khê lắm dòi
Múc cùng shack Xuân 🤭,Hotboy39cm,1,2023-11-13 13:41:04,"Xuân về lái a nài, lái đò làm rì to tay xấu bỏ moẹ"
Múc cùng shack Xuân 🤭,Gaconlacme,1,2023-11-13 13:42:22,"Xuân ơi, yêu anh anh cho mảnh Long Tân phố Đông Sài Gòn, mình xây ngôi nhà tình ớ, về Cẩm Khê đi leo đồi hái cọ chân to bỏ mẹ!"
Múc cùng shack Xuân 🤭,Hotboy39cm,0,2023-11-13 13:47:03,Ngoài Bắc a tay ko đc to nhưng chân nhất định phải to Gà ạ. Gà lạc mẹ có theo a đi đấu kiếm tị ko?
Múc cùng shack Xuân 🤭,Gaconlacme,0,2023-11-13 13:49:05,Không! Gà sợ bị triss giống bang chủ bang Fed Vũ Văn Vui nắm
Múc cùng shack Xuân 🤭,Hotboy39cm,0,2023-11-13 13:49:48,"Kiếm a sắc lắm, a cắt trĩ cho gà nhá nhá"
Múc cùng shack Xuân 🤭,Hotboy39cm,0,2023-11-13 13:49:48,"Kiếm a sắc lắm, a cắt trĩ cho gà nhá nhá"
Múc cùng shack Xuân 🤭,thanh226,2,2023-11-13 13:55:36,Xuân ơi cho hỏi con HAG có dì mà dạo lày hót thế ?
Múc cùng shack Xuân 🤭,MissXuan,2,2023-11-13 13:57:08,@thanh226 à lợn đang ăn sầu riêng thối
Múc cùng shack Xuân 🤭,MissXuan,2,2023-11-13 13:58:02,@thanh226 vào đi trường tiền nó úp phát nữa
Múc cùng shack Xuân 🤭,thanh226,2,2023-11-13 14:06:25,Mời nhà đầu tư theo dõi số liệu thị trường chứng khoán phiên hôm nay (13/11/2023) do 24HMoney tổng hợp dưới đây.
Múc cùng shack Xuân 🤭,thanh226,2,2023-11-13 14:12:03,tôi thấy con DBC có cài nìn dì đâu nhỉ mà cũng bay kinh vậy?
Múc cùng shack Xuân 🤭,011167,0,2023-11-14 00:11:28, Screenshot_20231111-101412~2 710×925 44.7 KB  Gửi tặng tới @MissXuan  @thanh226 
Múc cùng shack Xuân 🤭,Tongquan,0,2023-11-14 00:12:36, IMG_5263 1242×1236 134 KB 
Múc cùng shack Xuân 🤭,011167,0,2023-11-14 00:13:13,Sáng ra không làm bình hử bác @Tongquan
Múc cùng shack Xuân 🤭,kalo,2,2023-11-14 02:20:21,Chém gì nữa . Không dễ gì mà người chuyên lướt T+ như tui lại không nhảy sóng mà chỉ cầm dài… hiểu ý chứ 50% mỗi cổ mới xem xét cơ cấu nhé.
Múc cùng shack Xuân 🤭,thanh226,2,2023-11-14 03:08:30,đệ hay lắm
Múc cùng shack Xuân 🤭,thanh226,1,2023-11-14 03:10:33,Chanh chào ai chưa?
Múc cùng shack Xuân 🤭,011167,0,2023-11-14 03:14:44,Chanh là não làng rồi .sao phải chào ai
Múc cùng shack Xuân 🤭,thanh226,0,2023-11-14 03:15:46,úi rổ ôi kinh vại? thế k sang xiên sau đít cu Jean à mà sang đây?
Múc cùng shack Xuân 🤭,kalo,2,2023-11-14 03:44:23,Chắc phải áp lại rồi nhắm mắt banh càng hưởng thụ thôi sư phụ ạ.này thì vĩ mô.này thì FA. Nái quốc gia nó đấm vêu mặt hết
Múc cùng shack Xuân 🤭,thanh226,1,2023-11-14 03:47:00,kalo săp có siêu cao ốc chọc chời dồi tha hồ hưởng thụ sau kì lãi chứng này nhỉ
Múc cùng shack Xuân 🤭,kalo,2,2023-11-14 03:55:41,Lãi có mấy ly caffe thôi sự phụ ạ.e phận cò con.NAV chưa đủ lớn.vẫn phải lo cơm áo gạo tiền. Vẫn ở trong giai đoạn gầy dựng tài sản.
Múc cùng shack Xuân 🤭,011167,0,2023-11-14 04:02:08,@Vampire_rtn lại chốn lên núi rồi hử @kalo
Múc cùng shack Xuân 🤭,MissXuan,0,2023-11-14 04:07:22,Mấy bạn trẻ chờ đáy 2 mà múc
Múc cùng shack Xuân 🤭,Linhht,0,2023-11-14 04:08:29,Đáy 2 là 1093 rồi Xuân
Múc cùng shack Xuân 🤭,MissXuan,0,2023-11-14 04:07:22,Mấy bạn trẻ chờ đáy 2 mà múc
Múc cùng shack Xuân 🤭,Linhht,0,2023-11-14 04:08:29,Đáy 2 là 1093 rồi Xuân
Múc cùng shack Xuân 🤭,MissXuan,0,2023-11-14 04:10:12,@Linhht thấy chiên za bảo nó về 600
Múc cùng shack Xuân 🤭,011167,0,2023-11-14 04:10:34, Screenshot_20231111-101412~2 710×925 44.7 KB 
Múc cùng shack Xuân 🤭,kalo,1,2023-11-14 04:10:54,Chanh có thể inbox vùng kín cho bác ấy nhé.tôi và bác ấy là hai người khác nhau.không quen biết thực ngoài kia nên những vấn đề về bác ấy cứ inbox vùng kín cho bác ấy.tôi và bác ấy là hai người ngoại đạo khác nhau. nên không chung đường nhé . Chanh vui lòng tìm trực tiếp đến chủ nhân mà hỏi.
Múc cùng shack Xuân 🤭,Linhht,0,2023-11-14 04:11:02,"về 600 em bán thân múc, chắc luôn :))))"
Múc cùng shack Xuân 🤭,thanh226,0,2023-11-14 04:11:52,thân em giá mấy k đô?
Múc cùng shack Xuân 🤭,Linhht,0,2023-11-14 04:12:41,"100k tỷ, bằng 1 chuyến Dubai của anh thôi, anh đặt cọc trước ko? :))))"
Múc cùng shack Xuân 🤭,thanh226,1,2023-11-14 04:13:09,ok để anh múc luôn chiết khấu bao nhiêu % linh
Múc cùng shack Xuân 🤭,thanh226,0,2023-11-14 04:14:05,chanh ê sao chu mỏ hoài vậy?
Múc cùng shack Xuân 🤭,Linhht,1,2023-11-14 04:14:31,"ưu đãi giảm giá hẳn 10% khi trả trước, em ib stk nhé  "
Múc cùng shack Xuân 🤭,Linhht,0,2023-11-14 04:16:05,"vì chanh thiếu muối quá :))) anh 1 biển muối kìa, san sẻ cho chanh làm món chanh muối đi, giảm ho giải nhiệt"
Múc cùng shack Xuân 🤭,thanh226,1,2023-11-14 04:17:00,chiết khấu hơi thấp có KM thêm hiện vật dì k em
Múc cùng shack Xuân 🤭,Linhht,1,2023-11-14 04:21:09,"có, khuyến mại thêm khoản lỗ chứng khoán 30% :)))))"
Múc cùng shack Xuân 🤭,MissXuan,0,2023-11-14 04:25:06,@Linhht ái chà húp
Múc cùng shack Xuân 🤭,Linhht,1,2023-11-14 04:28:09,"Xuân ơi, người thương của Xuân chuẩn bị sẵn 2 cái thùng xốp rồi đó  "
Múc cùng shack Xuân 🤭,011167,0,2023-11-14 04:52:25,"vì chanh thiếu muối quá :))) anh 1 biển muối kìa, san sẻ cho chanh làm món chanh muối đi, giảm ho giải nhiệt i 100 kg chanh có mua .bế nàng về làm vợ được không"
Múc cùng shack Xuân 🤭,Linhht,0,2023-11-14 06:43:38,bao giờ 100kg chanh của Chanh đổi được 100k tỷ vnđ chuyển khoản cho em thì em theo chanh :))))
Múc cùng shack Xuân 🤭,011167,0,2023-11-14 07:01:12,Nàng sao vậy . 100kg chanh với 100k tỷ nó cũng gần giống nhau mà 
Múc cùng shack Xuân 🤭,Linhht,0,2023-11-14 07:04:26,"giống thì chanh ck vào tk em 100k tỷ đi, nói nhiều mà làm giề  "
Múc cùng shack Xuân 🤭,thanh226,2,2023-11-14 07:06:02,"Đó là nhận định của ông Nguyễn Thanh Nghị - Bộ trưởng Bộ Xây dựng - tại Hội nghị tín dụng đối với bất động sản. “Thị trường bất động sản đã có những dấu hiệu tích cực hơn, có thể nói rằng vẫn còn nhiều khó khăn nhưng thị trường đã vượt qua giai..."
Múc cùng shack Xuân 🤭,thanh226,1,2023-11-14 07:08:30,các mã bds bị ép cọc á
Múc cùng shack Xuân 🤭,Linhht,1,2023-11-14 07:14:53,"50k tỷ còn lại của anh đâu, đem ra kéo vni đi chứ còn gì nữa"
Múc cùng shack Xuân 🤭,011167,0,2023-11-14 07:35:32,Nàng lúc nào cũng tiến vậy . hãy mở những túi chanh thơm ngon đi
Múc cùng shack Xuân 🤭,MissXuan,0,2023-11-14 07:37:00,@011167 chanh chua ăn xoắn cụ nó bím thơm cái nỗi gì
Múc cùng shack Xuân 🤭,Linhht,1,2023-11-14 07:38:08,"bước chân vào cái sòng này mà ko nói đến tiền thì nói đến gì hả Chanh? Nói đạo đức, Thân-Tâm-Trí bình an nhé :)))"
Múc cùng shack Xuân 🤭,011167,0,2023-11-14 07:59:08, Screenshot_20231111-101412~2 710×925 44.7 KB  Hãy là đổi con hươu cao cổ lấy nàng . chịu không
Múc cùng shack Xuân 🤭,Linhht,0,2023-11-14 08:03:19,"ơ giờ em mới nhìn kỹ, con hươu cao cổ này giống Chanh phết nhỉ, cổ dài hay hóng, bạ đâu cũng bám riết nữa :))) Just kidding"
Múc cùng shack Xuân 🤭,011167,0,2023-11-14 08:15:41,Nàng cũng ge đấy . có quen quả bơ . ống bơ gì không
Múc cùng shack Xuân 🤭,kalo,1,2023-11-14 08:17:14,Còn hàng ko hay lại nữa rồi bà chuỵ
Múc cùng shack Xuân 🤭,Linhht,1,2023-11-14 08:18:01,"Gần như vẫn nguyên nhé Kalo, sáng chị tranh thủ bán 1 ít VIX giá 16.5 và phần kbc mua giá đỏ mạnh hôm qua thôi."
Múc cùng shack Xuân 🤭,Linhht,0,2023-11-14 08:18:41,Chanh thấy em giống Bernice à? Người quen của Chanh đúng ko? :)))
Múc cùng shack Xuân 🤭,011167,0,2023-11-14 08:19:43,Ngay chước nàng biết anh rồi hử
Múc cùng shack Xuân 🤭,kalo,1,2023-11-14 08:19:44,Quá ngon.hiện thực hóa lợi nhuận luôn.e cũng bán 1 ít CSv
Múc cùng shack Xuân 🤭,Linhht,1,2023-11-14 08:21:16,"những hàng khác lãi còn ít chứ ko chị cũng bán bớt rồi, canh từ giờ lên 1150 xem sao"
Múc cùng shack Xuân 🤭,Linhht,0,2023-11-14 08:22:20,"biết thì sao, ko biết thì sao? Chanh vớ vẩn cà khịa bạn em, em gọi Bernice vào xử Chanh đấy :)))"
Múc cùng shack Xuân 🤭,011167,0,2023-11-14 08:24:18,@Linhht  @kalo bán hết hàng đi . rồi cầm tay nhau chốn lên núi
Múc cùng shack Xuân 🤭,Linhht,0,2023-11-14 08:25:00,"Méo, để chanh múc à, tụi em ngu gì :)))"
Múc cùng shack Xuân 🤭,011167,0,2023-11-14 08:30:59,"biết thì sao, ko biết thì sao? Chanh vớ vẩn cà khịa bạn em, em gọi Bernice vào xử Chanh đấy :))) Đúng là đôi bạn thân có khác .chua ngoa . . kiểu như…"
Múc cùng shack Xuân 🤭,Linhht,0,2023-11-14 08:34:36,"vâng, vì Chanh cũng “ngọt ngào” quá nên em phải chua ngoa cho nó hài hòa hương vị"
Múc cùng shack Xuân 🤭,011167,0,2023-11-14 09:16:20,Thơ tặng @Linhht Tinh Trời đẹp tháng đẹp năm cũng đẹp @Linhht Tinh mau mau đi lấy chồng Nghỉ buôn chứng yên vui với chồng con Chứ khôn ngoan ranh mãnh chua ngoa như @Linhht Siêu cá mập. Các anh nhái còn bộ xương khô
Múc cùng shack Xuân 🤭,Linhht,0,2023-11-14 09:25:24,"Siêu cá mập. Các anh nhái còn bộ xương khô Hờ hờ cảm ơn Chanh quá đề cao em, sự chua ngoa của em chỉ dành riêng cho Chanh thôi   với các anh nhái, siêu cá mập em ngọt ngào như mật ong =)))"
Múc cùng shack Xuân 🤭,kalo,1,2023-11-14 09:46:32,Tôi nói rồi.k nhảy sóng đợt này.múc và giữ hết tháng này mới tính nhé. Trừ khi rủi ro toàn chợ VNI88 còn không thì ếu bán nhé.còn lâu lâu thiếu tiền tiêu vẫn phải cấu xé bớt.
Múc cùng shack Xuân 🤭,kalo,1,2023-11-14 09:48:37,Cứ lãi là ngon nhức nách rồi chuỵ.thị trường đẹp mà
Múc cùng shack Xuân 🤭,Emil,0,2023-11-14 10:04:56,kinh thiệt. Xác đã điểm danh mã nào là y rằng…
Múc cùng shack Xuân 🤭,Emil,0,2023-11-14 10:06:51,Chua mấy cũng chả bằng Chanh Chết đơ ai chẳng bóp phanh mấy lần Xinh mấy cũng chả bằng Ninh Chết đơ ai chẳng thần… à mà thôi
Múc cùng shack Xuân 🤭,Linhht,0,2023-11-14 10:08:08,ờ thảo nào thỉnh thoảng chị thấy em hâm hâm =)))
Múc cùng shack Xuân 🤭,Dau_Bep,0,2023-11-14 10:10:02,Sắp sập hết dồi chạy đi kìa
Múc cùng shack Xuân 🤭,Emil,1,2023-11-14 10:10:30,Chệ em vẫn nhảy ra nhảy vào như nũ thần kinh hay nà hâu tu đai?
Múc cùng shack Xuân 🤭,Dau_Bep,0,2023-11-14 10:11:27,"Thị trường xấu lắm, thế giới căng và thẳng, chạy thoii"
Múc cùng shack Xuân 🤭,Linhht,0,2023-11-14 10:11:29,Vừa thần kinh vừa hâu tu đai thì gọi là thể loại gì?
Múc cùng shack Xuân 🤭,Linhht,0,2023-11-14 10:12:07,Cô gọi mod bế con đi giờ nha Bếp :))))
Múc cùng shack Xuân 🤭,Emil,0,2023-11-14 10:12:32,hâu tu kinh
Múc cùng shack Xuân 🤭,Linhht,0,2023-11-14 10:13:17,ờ nghe cũng ý nghĩa đấy: hold to the King :)))) em múc phun mơ rên chưa?
Múc cùng shack Xuân 🤭,Emil,1,2023-11-14 10:14:59,Nope. CEO hàng PHT về như thác lũ nhỉ. Hold dễ thần kinh lắm.
Múc cùng shack Xuân 🤭,Linhht,0,2023-11-14 10:16:10,em đảo hàng từ VHM sang CEO rồi à?
Múc cùng shack Xuân 🤭,Emil,0,2023-11-14 10:18:05,Xuống xác đi chệ.
Múc cùng shack Xuân 🤭,Linhht,0,2023-11-14 10:20:36,Ý là bán hết đi hả?
Múc cùng shack Xuân 🤭,Emil,0,2023-11-14 10:23:03,"thị trường đang ngon bán cái gì cần bán thôi, vẫn phải mua cái cần mua."
Múc cùng shack Xuân 🤭,Piggy,0,2023-11-14 10:23:35,quá đánh đố nhau à?
Múc cùng shack Xuân 🤭,Emil,0,2023-11-14 10:24:32,Êu heo sữa!   emil7 944×1303 273 KB 
Múc cùng shack Xuân 🤭,NhamDoanhDoanh,0,2023-11-14 10:25:19,Ko êu c Nin nữa à?
Múc cùng shack Xuân 🤭,Emil,0,2023-11-14 10:25:55,"Ơ, tưởng Heo sữa là Nin!"
Múc cùng shack Xuân 🤭,Linhht,0,2023-11-14 10:27:19,cứ thấy heo là êu :))) em mắc bệnh ái vật hả
Múc cùng shack Xuân 🤭,NhamDoanhDoanh,0,2023-11-14 10:27:57,"Vụng chèo khéo chống, ma lanh nhất bang Fed này là ông Emil. Nhìn cái avatar thằng bé là thấy liền."
Múc cùng shack Xuân 🤭,Emil,0,2023-11-14 10:28:14,"em mắc bệnh ái vật em êu cả Nin mà, ái vật thì hoá ra Nin …"
Múc cùng shack Xuân 🤭,Linhht,0,2023-11-14 10:36:48,"Êu thì thể hiện bằng hành động, ko bằng lời nói suông: phím hàng đê :)))) btw, my fav avatar"
Múc cùng shack Xuân 🤭,Emil,2,2023-11-14 10:40:56,"Bán Chồng Mua đi chệ, Vãi Hàng Mắm nặng mông nắm."
Múc cùng shack Xuân 🤭,Linhht,1,2023-11-14 10:43:40,"em toàn chơi hàng blue chips thế chị đua sao được thôi hỏi thẳng vào vấn đề: chị cầm thủy sản, kcn, ck, bđs, đtc thì theo em hàng nào bỏ, hàng nào giữ?"
Múc cùng shack Xuân 🤭,Emil,1,2023-11-14 10:45:43,"bán cái tăng động, mua cái không động."
Múc cùng shack Xuân 🤭,Linhht,0,2023-11-14 10:47:20,"hehee kiểu này là ko biết có bị hiểu sai ý ko đây thôi được rồi, chiêm nghiệm sau, chị về đã. Tks anyway, c u"
Múc cùng shack Xuân 🤭,MissXuan,0,2023-11-14 13:02:06,@Emil cội cho con hàng lởm múc phát
Múc cùng shack Xuân 🤭,MissXuan,0,2023-11-14 13:02:29, undefined-1699966944903.jpg|520 x 522 520×522 55.1 KB 
Múc cùng shack Xuân 🤭,Piggy,1,2023-11-14 13:19:54,Xuân nhõng nhẽo
Múc cùng shack Xuân 🤭,Hotboy39cm,0,2023-11-14 13:20:01,Êu cái đôi mắt này của Xuân nà. Xuân đi hẩy với a đi a phím cho mấy cổ ăn bằng nần
Múc cùng shack Xuân 🤭,thanh226,3,2023-11-14 13:20:21,"Mỗi người có cách kiếm tiền và làm giàu khác nhau, nhưng người giàu đương nhiên có những bí quyết khiến họ thành công rực rỡ."
Múc cùng shack Xuân 🤭,thanh226,2,2023-11-14 13:22:37,Mời nhà đầu tư theo dõi số liệu thị trường chứng khoán phiên hôm nay (13/11/2023) do 24HMoney tổng hợp dưới đây.
Múc cùng shack Xuân 🤭,Hotboy39cm,0,2023-11-14 13:23:43,Ý ku em định nói gì? Đánh chứng thua lỗ giờ chuyển sang đọc báo và chơi xổ số à
Múc cùng shack Xuân 🤭,thanh226,0,2023-11-14 13:26:18,vầng
Múc cùng shack Xuân 🤭,Piggy,1,2023-11-14 13:27:06,Chú từ đâu tới mà giọng cà khịa thế nhẩy
Múc cùng shack Xuân 🤭,thanh226,2,2023-11-14 13:28:32,mài nà thằng lào?
Múc cùng shack Xuân 🤭,MissXuan,2,2023-11-14 13:31:20,"Các bạn trẻ thân mến, trước áp lực chốt lời T+ và đà bán ròng của khối ngoại thì bank nhảy xổ vào nâng đỡ tt , có thể điểm sáng là các dòng sẽ cùng nhau nâng đỡ tt đi lên. Cái hay của ck là càng sợ nó càng lên"
Múc cùng shack Xuân 🤭,Hotboy39cm,0,2023-11-14 13:31:28,A đến từ lò f với em đây heo
Múc cùng shack Xuân 🤭,Hotboy39cm,0,2023-11-14 13:33:13,"A là chủ đại lí xổ số và cho vay nặng lãi đây, chú em cứ bình tĩnh. Đánh chứng mà cứ nóng vội như chú em bảo sao toàn lỗ"
Múc cùng shack Xuân 🤭,MissXuan,3,2023-11-14 13:33:39,"Bác phạt nay đi mĩ tham gia hội nghị do binden tổ chức, vĩ mô tới rốn rồi còn sợ thì về quê cấy lúa đi"
Múc cùng shack Xuân 🤭,Hotboy39cm,0,2023-11-14 13:34:28,"Xuân đã xinh lại còn nói hay nữa, đi hẩy với a ko"
Múc cùng shack Xuân 🤭,Piggy,0,2023-11-14 13:35:27,"Đĩa bay của chú đây, về nhà cms của chú thả dê và tự sướng với đồng loại đi."
Múc cùng shack Xuân 🤭,Hotboy39cm,0,2023-11-14 13:37:08,Heo theo a đi à?
Múc cùng shack Xuân 🤭,Vuichoigiaitri,2,2023-11-14 13:37:10,Mới ra tò đang chán muốn uýnh nhao
Múc cùng shack Xuân 🤭,Hotboy39cm,0,2023-11-14 13:37:58,Muốn đi tò nữa ko a cho người nhốt tiếp nhá
Múc cùng shack Xuân 🤭,NhamDoanhDoanh,5,2023-11-14 13:41:29,Sập rồi! Về 900 CPI (y/y) Mỹ  Trước đó: 3.70%  Kì vọng: 3.30%%  Thực tế: 3.20%  hình ảnh 1440×3088 154 KB 
Múc cùng shack Xuân 🤭,Vuichoigiaitri,2,2023-11-14 13:42:35,"Lâu lắm ko thấy chiên gia đề cập đến Dxy với tỉ giá nhò, mợ đúng nà ăn lừa chạy mất dép"
Múc cùng shack Xuân 🤭,NhamDoanhDoanh,4,2023-11-14 13:43:37,Chiên gia nại âm thầm full hàng dồi!
Múc cùng shack Xuân 🤭,NhamDoanhDoanh,5,2023-11-14 13:47:35,Thị trường có lừa anh em ko?   hình ảnh 828×382 104 KB 
Múc cùng shack Xuân 🤭,Hotboy39cm,0,2023-11-14 13:50:11,"Có lừa hay ko trả lời bây giờ là ẩu, nhưng a biết a sẽ ko lừa Doanh xinh gái lại độc thân!"
Múc cùng shack Xuân 🤭,thanh226,0,2023-11-14 13:50:55,Bố nhịn mài lâu lắm dòi đới
Múc cùng shack Xuân 🤭,NhamDoanhDoanh,0,2023-11-14 13:51:11,Múc Doanh ko? Thấy 39cm cũng rất gì và lày lọ phết nhỉ?
Múc cùng shack Xuân 🤭,Vuichoigiaitri,0,2023-11-14 13:51:29,"người ae nhìn cũng cơ bắp nhỉ, vui 38 cen tưởng vô địch mà gặp đúng đối"
Múc cùng shack Xuân 🤭,NhamDoanhDoanh,0,2023-11-14 13:52:03,"Ka mới 28cm, hỏi xem nó mua sìn xú ở đâu"
Múc cùng shack Xuân 🤭,Vuichoigiaitri,0,2023-11-14 13:52:40,Uh nhỉ mình 28 cen gặp nó lú mẹ nó thành 38 cen
Múc cùng shack Xuân 🤭,Hotboy39cm,0,2023-11-14 13:52:53,Hàng thật Doanh xinh gái ạ. Doanh đi theo a ko cần sìn xú đểu của lão Vui nhé
Múc cùng shack Xuân 🤭,NhamDoanhDoanh,0,2023-11-14 13:53:15,Bị ngợp ka ạ!
Múc cùng shack Xuân 🤭,Vuichoigiaitri,0,2023-11-14 13:53:43,Đang tính ato
Múc cùng shack Xuân 🤭,NhamDoanhDoanh,0,2023-11-14 13:53:46,"Phét, bằng chứng đâu?"
Múc cùng shack Xuân 🤭,NhamDoanhDoanh,0,2023-11-14 13:54:14,Đang tính ato Kiểu ngày mai tăng mở gap như nay hả ka?
Múc cùng shack Xuân 🤭,Vuichoigiaitri,0,2023-11-14 13:54:32,Gáp dài 38 cen
Múc cùng shack Xuân 🤭,NhamDoanhDoanh,1,2023-11-14 13:55:10,"Dài như gậy dxy tối nay! Nàm Doanh cầm tiền mất cmn ngủ, thao thức!   hình ảnh 828×769 70.4 KB "
Múc cùng shack Xuân 🤭,Hotboy39cm,0,2023-11-14 13:55:43,"Thương Doanh xinh gái, tối nay a bù cho Doanh"
Múc cùng shack Xuân 🤭,thanh226,0,2023-11-14 13:56:07,Dài ba chín cm thì cô nào đc một lần thì đảm bảo đêm ngủ toàn há mồm
Múc cùng shack Xuân 🤭,NhamDoanhDoanh,1,2023-11-14 13:56:07,"Ka xem lại sìn xú nguồn hàng ko ổn, giờ có đối nó hơn hẳn 10 cen"
Múc cùng shack Xuân 🤭,Vuichoigiaitri,1,2023-11-14 13:56:48, mẹ nó doài
Múc cùng shack Xuân 🤭,NhamDoanhDoanh,1,2023-11-14 13:56:50,Nghĩ hãi hãi là
Múc cùng shack Xuân 🤭,Hotboy39cm,0,2023-11-14 13:57:16,Doanh thích là a có thể lên tới 45
Múc cùng shack Xuân 🤭,Vuichoigiaitri,1,2023-11-14 13:57:52,Bốc phét   hình ảnh 973×1081 36.1 KB 
Múc cùng shack Xuân 🤭,Hotboy39cm,0,2023-11-14 13:58:30,Vui bán sìn xú đểu nên cay với a à? Chỉ cần Doanh thích thì bn a cũng làm tới
Múc cùng shack Xuân 🤭,NhamDoanhDoanh,0,2023-11-14 14:00:09,Doanh thích là a có thể lên tới 45 Gấp 4 lần thì kinh lắm nhỉ   hình ảnh 828×256 75.1 KB 
Múc cùng shack Xuân 🤭,Hotboy39cm,1,2023-11-14 14:01:22,"Ừ, chỉ cần Doanh xinh gái thích là a chiều hết"
Múc cùng shack Xuân 🤭,NhamDoanhDoanh,1,2023-11-14 14:02:41, hình ảnh 691×979 74.1 KB 
Múc cùng shack Xuân 🤭,Hotboy39cm,1,2023-11-14 14:04:03,Ánh mắt này là phê a rồi chứ gì Doanh xinh gái
Múc cùng shack Xuân 🤭,Koko11,0,2023-11-14 14:05:18,Gậy như ý:)))
Múc cùng shack Xuân 🤭,thanh226,0,2023-11-14 14:08:23,thế đếch lào mà a lại đc mười chín cen chứ  
Múc cùng shack Xuân 🤭,NhamDoanhDoanh,0,2023-11-14 14:10:09,Chuẩn châu âu dồi đấy!
Múc cùng shack Xuân 🤭,Hotboy39cm,0,2023-11-14 14:13:09,"Chú em đánh chứng thua lỗ thế thì lên thế đêck nào đc, về đo lại đi nay chắc còn 1.9cm thôi"
Múc cùng shack Xuân 🤭,Vuichoigiaitri,1,2023-11-14 14:14:59," hình ảnh 1242×1567 90.5 KB  Sp500 vix -4,4% chỉ số sợ hãi"
Múc cùng shack Xuân 🤭,Vuichoigiaitri,2,2023-11-14 14:15:58,Eu bung lóc
Múc cùng shack Xuân 🤭,Hotboy39cm,0,2023-11-14 14:19:19,Vui ái chưa qua cây xà lách bày đặt EU
Múc cùng shack Xuân 🤭,Vuichoigiaitri,1,2023-11-14 14:21:35,nick chính nà gì có quen ko
Múc cùng shack Xuân 🤭,Hotboy39cm,0,2023-11-14 14:22:04,Nick chính của a là Jean
Múc cùng shack Xuân 🤭,thanh226,0,2023-11-14 14:22:11,cầu thủ nào mà máu thế nhỉ
Múc cùng shack Xuân 🤭,Vuichoigiaitri,0,2023-11-14 14:22:23,Mịa giờ lú cụ nó rồi
Múc cùng shack Xuân 🤭,Vuichoigiaitri,1,2023-11-14 14:23:25,Thôi vui biết là ai rồi
Múc cùng shack Xuân 🤭,Hotboy39cm,0,2023-11-14 14:23:41,"Lú dồi bỏ chứng đi, đi nện em Doanh xinh gái với a ko? Nghe nói ngọt nước"
Múc cùng shack Xuân 🤭,Emil,2,2023-11-14 15:32:32,MÚC !
Múc cùng shack Xuân 🤭,kalo,0,2023-11-14 15:57:13,Chết mịa. Vĩ mô ướt át quá.phái phái chảy nước miếng 
Múc cùng shack Xuân 🤭,Vuichoigiaitri,0,2023-11-14 16:03:55,Hỏng rồi
Múc cùng shack Xuân 🤭,Vuichoigiaitri,0,2023-11-14 16:04:17,Cô xinh gợi đòn nhò
Múc cùng shack Xuân 🤭,kalo,2,2023-11-14 16:05:30,Full tiền thì mai phải nàm thao hả cội. Chổng Mông lên đua à kaka
Múc cùng shack Xuân 🤭,Vuichoigiaitri,1,2023-11-14 16:06:25,Ơ thế ko biết DJ phải theo vni dẫn dắt à
Múc cùng shack Xuân 🤭,Vuichoigiaitri,2,2023-11-14 16:07:40, hình ảnh 1242×1869 93.7 KB  Giống gậy lão tôn nhò
Múc cùng shack Xuân 🤭,kalo,2,2023-11-14 16:09:27,Mai mà nó kéo như mấy ông kéo điếu thuốc Lào thì lắm nhà phân tích thần kinh ra luôn.chổng Mông lên thôi
Múc cùng shack Xuân 🤭,kalo,2,2023-11-14 16:09:27,Mai mà nó kéo như mấy ông kéo điếu thuốc Lào thì lắm nhà phân tích thần kinh ra luôn.chổng Mông lên thôi
Múc cùng shack Xuân 🤭,Vuichoigiaitri,1,2023-11-14 16:11:21,Chưa chắc nhưng thôi vew dài ra vậy   hình ảnh 1242×1697 100 KB 
Múc cùng shack Xuân 🤭,kalo,1,2023-11-14 16:12:42,Mai làm cây như vậy màu xanh là nhà đầu toi lại lồi mồm. lần này trừ khi rủi ro hệ thống thôi chứ lái éo thể lấy hàng của e được.
Múc cùng shack Xuân 🤭,Vuichoigiaitri,2,2023-11-14 16:14:26,"Thực ra đoạn rồi vui cũng kệ tỉ giá , nghĩ đã đến lúc Dxy đỉnh sắp gãy"
Múc cùng shack Xuân 🤭,Vuichoigiaitri,1,2023-11-14 16:14:45,4 cái làn
Múc cùng shack Xuân 🤭,kalo,1,2023-11-14 16:15:27,Kéo đấy cội.nhịp hồi này bèo nhèo cũng 1152 rồi mới nói chuyện e được cái bảo thủ lắm.bảo lưu quan điểm cho dù sai mà mình đã nói thì cũng sẽ nhận và bảo lưu.bảo thủ.kaka
Múc cùng shack Xuân 🤭,Vuichoigiaitri,2,2023-11-14 16:16:56,Cả làng cùng vui nhà nhà khoe lãi lồi mồm toác mỏ bục phao câu còn lâu mới đói hả
Múc cùng shack Xuân 🤭,kalo,1,2023-11-14 16:21:14,Nếu cội đi theo vĩ mô thì cội thử xem thêm T10y2y. VN10y. VN20y.T10y. Rồi xem các chỉ số cpi… để tính ra lạm phát. Và tính khả năng tăng lãi suất của fed. Kết hợp xem thêm dxy. Tỷ giá usd/vnd.để dự đoán vĩ mô tất nhiên vĩ mô tốt hay xấu. Đó là thằng hàng xóm e nó nói vậy Á.cội thấy sai thì bảo em để e đấm nó.
Múc cùng shack Xuân 🤭,Vuichoigiaitri,1,2023-11-14 16:23:39,Uh chắc phải theo emil sang lớp cô hằng học thêm cái vĩ mô vĩ đại
Múc cùng shack Xuân 🤭,kalo,0,2023-11-14 16:25:28,Đội cô hang phan toàn vĩ mô ngon thiệc chứ. ướt át cả fed luôn
Múc cùng shack Xuân 🤭,011167,0,2023-11-14 23:58:51,Chua mấy cũng chả bằng Chanh Chết đơ ai chẳng bóp phanh mấy lần Xinh mấy cũng chả bằng Ninh Chết đơ ai chẳng thần… à mà thôi Chỉ em nói xấu sau lưng anh cái gì đó
Múc cùng shack Xuân 🤭,Vuichoigiaitri,1,2023-11-15 00:28:40,
Múc cùng shack Xuân 🤭,Vuichoigiaitri,2,2023-11-15 00:35:22," hình ảnh 1242×1663 105 KB    hình ảnh 1242×1256 143 KB  Bán là mất cất là còn , chỉ vì cái này mà hô sập về 800 bà con chạy rơi dép tụt cả quần vừa lòng chưa các chứng sĩ"
Múc cùng shack Xuân 🤭,011167,0,2023-11-15 00:46:43,Gần đây có em nào nhóm nghành điện không bác vui
Múc cùng shack Xuân 🤭,011167,0,2023-11-15 01:23:14,Nàng @Satthu2000 với bác đường ai nấy đi rồi hử
Múc cùng shack Xuân 🤭,kalo,1,2023-11-15 02:06:21,Này thì vĩ mô.này thì fed.này thì sập. Đợi nó ra trên báo rồi thì chổng Mông nhớ.còn chổng Mông làm gì thì tùy hoàn cảnh nhoé
Múc cùng shack Xuân 🤭,NhamDoanhDoanh,2,2023-11-15 02:24:23,Tiền nhiều để làm gì???   hình ảnh 1024×1024 103 KB 
Múc cùng shack Xuân 🤭,thanh226,2,2023-11-15 02:30:38,để đi nện cổ
Múc cùng shack Xuân 🤭,NhamDoanhDoanh,0,2023-11-15 02:32:12, hình ảnh 594×600 44.2 KB 
Múc cùng shack Xuân 🤭,Vuichoigiaitri,0,2023-11-15 02:32:32,"Nghỉ đẻ , chanh muốn húp vui ko đang trống"
Múc cùng shack Xuân 🤭,thanh226,0,2023-11-15 02:37:19,Chanh bị j nó xiên sau đít à? mấy hôm trước cuốn thế cơ mà
Múc cùng shack Xuân 🤭,011167,0,2023-11-15 02:43:35,Chanh bị j nó xiên sau đít à? mấy hôm trước cuốn thế cơ mà @Jean.2007 tuổi con  chuột lấy gì mà đòi xien tôi .
Múc cùng shack Xuân 🤭,thanh226,0,2023-11-15 02:44:51,vừa sang đó bị ép cọc nại chạy sang đây à dạo này chanh kén chỗ chơi nhờ
Múc cùng shack Xuân 🤭,011167,1,2023-11-15 02:45:49,Chém gió vui thôi mà
Múc cùng shack Xuân 🤭,thanh226,0,2023-11-15 02:46:33,biết nà thế nhưng sao chanh có vẻ khó ở nhỉ đi đâu cũng bị xua đuổi thế
Múc cùng shack Xuân 🤭,kalo,3,2023-11-15 02:51:06,Vni88 kéo ác như này cũng không khoái lắm đại ca nhỉ.thiệt chỉ số. tăng ngày 5 điểm thôi.kéo quá lại dễ sốc thuốc lào.
Múc cùng shack Xuân 🤭,thanh226,2,2023-11-15 02:57:41,lên nhanh nại chỉnh sớm thôi nhưng nhịp này mạnh dồi thiên thơi đang ủng hộ thì cứ xúc đi đã hôm nay nà hiệu ứng các chỉ số của mỹ kệ bà nó
Múc cùng shack Xuân 🤭,011167,0,2023-11-15 02:58:28,Phe này với phe của @Jean.2007 cạch mặt nhau rồi hử
Múc cùng shack Xuân 🤭,kalo,3,2023-11-15 03:01:35,Xúc làm gì những phiên này đại ca.những phiên như này đi xúc thì đi sai đường dồi.xúc những phiên như này là broker hô xúc để có cớ phun nước miếng thôi
Múc cùng shack Xuân 🤭,thanh226,1,2023-11-15 03:02:14,à ừ thế đã xúc chưa hay vẫn đợi chỉnh
Múc cùng shack Xuân 🤭,thanh226,2,2023-11-15 03:03:26,việc đó quan trọng với chanh thế à vk ck thụt thịt còn có thể xa nhau nữa nà ở đây chỉ nà cõi hư vô!
Múc cùng shack Xuân 🤭,kalo,2,2023-11-15 03:11:33,Không bao giờ xúc . Chưa lên đến mục tiêu e đưa ra là chưa bán hoặc chưa xem xét đảo hàng.trước sau như một.nói là như đinh đóng cột. Vợ e còn bảo e là ông nội  bảo thủ mà
Múc cùng shack Xuân 🤭,MissXuan,2,2023-11-15 03:14:16,@kalo ấy chà cứng nhò
Múc cùng shack Xuân 🤭,thanh226,3,2023-11-15 03:15:06,rấT nà tôn trọng nguyên tắc
Múc cùng shack Xuân 🤭,NhamDoanhDoanh,2,2023-11-15 03:15:24,"còn csv ko? Hay bán rồi, thấy nó đang đẹp đẹp nhỉ nhưng thiên thời đang chưa ủng hộ"
Múc cùng shack Xuân 🤭,NhamDoanhDoanh,2,2023-11-15 03:17:08,"Ck, bđs vô địch!"
Múc cùng shack Xuân 🤭,kalo,2,2023-11-15 03:20:25,Haha.e mua giá tb chưa đến 34. E nói rồi 50% mới xem xét cho việc bán hay giữ.không phải nó không lên đâu.chị xem từ đáy cổ nào cũng hồi % gần như nhau.trừ 1 số cổ ngoại lệ có dòng tiền đầu cơ lớn. E có csv.vgc.dbc. Dpg. E thay DPg cho dhc. giờ chỉ thiếu tiền tiêu thì mới cấu một ít tiêu thôi.hoặc kéo đạt mục tiêu thì e sút vỡ đầu lái luôn.
Múc cùng shack Xuân 🤭,NhamDoanhDoanh,1,2023-11-15 03:22:32,Bắt đc cái đáy 1020-1030 giữ nguyên hiện trường
Múc cùng shack Xuân 🤭,kalo,2,2023-11-15 03:23:43,Gặp vĩ mô ướt át phải cứng chữ.không cứng thì nên thiến chứ không để làm cảnh làm gì.
Múc cùng shack Xuân 🤭,kalo,3,2023-11-15 03:26:18,Đủ mục tiêu thì cũng nên xem xét chuỵ ạ.mà giờ chưa đủ.
Múc cùng shack Xuân 🤭,kalo,3,2023-11-15 03:26:18,Đủ mục tiêu thì cũng nên xem xét chuỵ ạ.mà giờ chưa đủ.
Múc cùng shack Xuân 🤭,thanh226,2,2023-11-15 03:33:21,nay nà phiên tỏi đô dồi
Múc cùng shack Xuân 🤭,MissXuan,0,2023-11-15 04:23:25,"@HangPhan em chào cô , cô xinh quá có điều gì cô cứ trao đổi"
Múc cùng shack Xuân 🤭,thanh226,1,2023-11-15 04:26:20,Em hằng có dì chỉ đạo đấy?
Múc cùng shack Xuân 🤭,HangPhan,2,2023-11-15 04:27:13,em nhắn nhầm ạ sorry các bác
Múc cùng shack Xuân 🤭,thanh226,2,2023-11-15 04:27:50,ok em có cần đẩy píc liên hệ với bọn anh nha free luôn
Múc cùng shack Xuân 🤭,HangPhan,1,2023-11-15 04:28:29,hehe em cảm ơn các bác
Múc cùng shack Xuân 🤭,MissXuan,0,2023-11-15 04:39:23,"@HangPhan em nhìn thấy cô là lưỡi nó cứng quýnh hết cả lên, cô xinh quá"
Múc cùng shack Xuân 🤭,MissXuan,0,2023-11-15 08:07:10, undefined-1700035595206.jpg|973 x 975 973×975 48.5 KB  Hôm nay thị trường đẹp đến phát hờn
Múc cùng shack Xuân 🤭,MissXuan,3,2023-11-15 08:07:23,Giận
Múc cùng shack Xuân 🤭,thanh226,2,2023-11-15 08:21:14,"Theo số liệu từ Tổng cục Thống kê, 10 tháng năm nay, cả nước có 1.067 doanh nghiệp bất động sản giải thể, tăng 9,5% so với cùng kỳ. Bất động sản là ngành chứng kiến lượng doanh nghiệp giải thể lớn nhất trong kỳ này."
Múc cùng shack Xuân 🤭,Linhht,0,2023-11-15 10:10:02,tối chị bảo hotboy mang 39cm vào mua vui cho Xuân nhé
Múc cùng shack Xuân 🤭,NhamDoanhDoanh,0,2023-11-15 10:15:51, hình ảnh 1089×1280 298 KB 
Múc cùng shack Xuân 🤭,Tongquan,0,2023-11-15 10:33:16,12:00 pm mở màn
Múc cùng shack Xuân 🤭,Emil,0,2023-11-15 10:40:08,
Múc cùng shack Xuân 🤭,Emil,1,2023-11-15 10:41:33,xinh đẹp đến cái chỉ xin lỗi mới cám ơn mà cũng dễ ngàn like. FED thủ chém cả năm may ra được vài cái like dạo của đội nhà.
Múc cùng shack Xuân 🤭,Linhht,0,2023-11-15 10:43:38,trọng sắc khinh bạn là đây Biểu quyết đuổi khỏi hội Fed :))))
Múc cùng shack Xuân 🤭,Emil,0,2023-11-15 10:44:29,toàn chệ em mình like dạo ủng hộ nhau. Cô đến cái cả làng FED ra đón… Nhục!
Múc cùng shack Xuân 🤭,Linhht,0,2023-11-15 10:46:57,đá bóng hơi bị nhanh đó nha
Múc cùng shack Xuân 🤭,Hotboy39cm,0,2023-11-15 10:47:29,Ku cháu có muốn lên đỉnh ko a hẩy cho lên đỉnh đèo Hải Vân   IMG_0916 1080×1474 256 KB 
Múc cùng shack Xuân 🤭,Emil,0,2023-11-15 10:49:00,nay chệ nại theo nhóm nhảy ra nhảy vào như nũ thần kinh à?
Múc cùng shack Xuân 🤭,Linhht,0,2023-11-15 10:49:20,ờ thì sao?
Múc cùng shack Xuân 🤭,Emil,1,2023-11-15 10:51:11,"Trừ CEO hàng PHT xả như ăn vã từ 1 tuần nay ra, còn thì bán chán rồi lại phải đua trần thôi Bỏ Con Mợ ngon phết"
Múc cùng shack Xuân 🤭,Hotboy39cm,0,2023-11-15 10:52:54,"Có mài thần kinh í, tăng ko bán cứ ôm hàng cho lái úp váy vào đầu à? A ủng hộ em Linh xinh"
Múc cùng shack Xuân 🤭,Linhht,0,2023-11-15 10:53:31,"Bỏ Con Mợ ngon phết Công nhận, lái con mợ đỉnh. Chị vì kì kèo 0.6% mà mất luôn 3%"
Múc cùng shack Xuân 🤭,Emil,0,2023-11-15 10:55:23,"thằng cu 3,9 cm kia là thằng cội nào thế chệ?"
Múc cùng shack Xuân 🤭,Linhht,0,2023-11-15 10:55:59,"ko hiểu luôn, ko biết của nợ nào mà vào gây sự khắp lượt :))))"
Múc cùng shack Xuân 🤭,Hotboy39cm,0,2023-11-15 10:57:21,"A vừa bảo vệ Linh đấy, của nợ nào? Linh đi hẩy với a ko?"
Múc cùng shack Xuân 🤭,Linhht,0,2023-11-15 10:59:02,quen nhau à?
Múc cùng shack Xuân 🤭,Emil,0,2023-11-15 10:59:40,A Thăn à?
Múc cùng shack Xuân 🤭,Hotboy39cm,0,2023-11-15 11:01:37,Thăn với mông gì ku cháu
Múc cùng shack Xuân 🤭,Hotboy39cm,0,2023-11-15 11:02:53,Quen a lại ko có hứng em ạ
Múc cùng shack Xuân 🤭,Linhht,0,2023-11-15 11:03:20,Chanh hả?
Múc cùng shack Xuân 🤭,Linhht,0,2023-11-15 11:15:14,"Trừ CEO hàng PHT xả như ăn vã từ 1 tuần nay ra, còn thì bán chán rồi lại phải đua trần thôi Em làm chị tẩu hỏa rồi đấy, hôm qua vừa kêu hàng nào tăng động thì bán, hôm nay đã lại bảo bán chán thì đua trần. May tôi còn chưa bán hết đó ông mãnh, ko thì tôi bắt đền ông!  "
Múc cùng shack Xuân 🤭,Emil,0,2023-11-15 11:18:01,"hàng nào tăng động thì bán chứng tăng động rồi còn gì, bds cũng đầy thằng tăng động như CEO. Chệ là loại đa nghi, chết sớm là chắc. Kiếm tiền đơn giản thôi. Nghĩ nhiều mới kiếm đc tiền là kém."
Múc cùng shack Xuân 🤭,Linhht,2,2023-11-15 11:21:34,"tại em nói ko chính xác thì có. Đúng ra phải là “trừ hàng tăng động còn thì bán chán phải đua trần”, đây lại điểm tên mỗi con CEO :))) btw, chị đã hiểu đúng ý hà hà =))) mà chị chưa bao giờ nhận là chị giỏi nhé nên em cứ chê thoải mái đê, it doesn’t matter to me  "
Múc cùng shack Xuân 🤭,NhamDoanhDoanh,1,2023-11-15 11:22:56,Ối dổ ôi bik lừa dồi!   hình ảnh 1284×879 137 KB 
Múc cùng shack Xuân 🤭,Emil,0,2023-11-15 11:24:49,Biết rồi khổ lắm nói mãi! Thế rồi sao nữa hả chệ? 
Múc cùng shack Xuân 🤭,NhamDoanhDoanh,1,2023-11-15 11:25:45,Thì nại xách bị thôi   hình ảnh 1024×1024 130 KB 
Múc cùng shack Xuân 🤭,NhamDoanhDoanh,1,2023-11-15 11:26:50,Các anh đánh cho nđt cá nhân thất điên bát đảo giờ mắc bệnh “sợ tăng”. Tăng nà phải bán
Múc cùng shack Xuân 🤭,Emil,0,2023-11-15 11:27:13,thế này thì phải gọi là: “hết khôn dồn đến dại”. Được cái ôm súng chạy chỗ nhiều bụng thon hẳn. Không ưa nhậu nhẹt như Cội Vui nữa.
Múc cùng shack Xuân 🤭,Linhht,0,2023-11-15 11:30:09,Khoe hàng trá hình
Múc cùng shack Xuân 🤭,Emil,0,2023-11-15 11:31:27,cô Hằng mà thăm FED giờ thì rủ a Thăn với kalo hẩy chít.
Múc cùng shack Xuân 🤭,Linhht,0,2023-11-15 11:32:39,Hấp… tập thể à? U r so sick
Múc cùng shack Xuân 🤭,Emil,0,2023-11-15 11:33:59,ý là bán cho ôm hàng như ảnh chệ D post ở trên ấy. Nói tục phải hiểu thanh chớ
Múc cùng shack Xuân 🤭,Linhht,0,2023-11-15 11:39:21,Ờ thế thì lúc nói tục thật phải hiểu thế nào?
Múc cùng shack Xuân 🤭,Emil,1,2023-11-15 11:40:16,bố em không dạy em nói tục. Thật!   tips 506×600 36.7 KB 
Múc cùng shack Xuân 🤭,NhamDoanhDoanh,2,2023-11-15 11:45:46,"chứng tăng động rồi còn gì, bds cũng đầy thằng tăng động như CEO. Càng sợ lại càng lên, đôi khi nó ko như ta nghĩ   hình ảnh 828×923 203 KB "
Múc cùng shack Xuân 🤭,NhamDoanhDoanh,2,2023-11-15 11:46:12, hình ảnh 828×577 143 KB 
Múc cùng shack Xuân 🤭,Emil,1,2023-11-15 11:49:52,"cứ để bà con hiểu sai tin CPI của Mỹ đã chệ. Tầm này cũng chưa đến mức phải lo ngại, nhưng chốt lãi thì lúc nào cũng tốt."
Múc cùng shack Xuân 🤭,Linhht,0,2023-11-15 11:56:59,"Ờ công nhận em zai ngoan ko nói bậy , chỉ up ảnh đa nghĩa và nói lái thôi"
Múc cùng shack Xuân 🤭,Hotboy39cm,0,2023-11-15 12:38:33,"Chú em đã ngáo còn tỏ ra nguy hiểm, kết quả CPI nó sáng như ban ngày rồi còn bày đặt để bà con hiểu sai. Nghe văn chú là biết mua bán ngáo giá lắm, lại đang lỗ chứ gì?"
Múc cùng shack Xuân 🤭,Vuichoigiaitri,0,2023-11-15 13:31:28,Lội còm đọc xoắn hết cả não
Múc cùng shack Xuân 🤭,Vuichoigiaitri,1,2023-11-15 13:31:43, hình ảnh 973×1081 36.1 KB 
Múc cùng shack Xuân 🤭,Linhht,0,2023-11-15 13:35:09,"Sang đẩy pic cho cô giáo của các anh đi kìa, nhanh cô thưởng @Vuichoigiaitri , @thanh226 , @Emil , @kalo :)))) Sắp 20/11 rồi"
Múc cùng shack Xuân 🤭,thanh226,0,2023-11-15 13:37:23,chào Hằng
Múc cùng shack Xuân 🤭,HangPhan,3,2023-11-15 13:37:28,chị Linh và các bác đẩy view giúp em với ạ : D
Múc cùng shack Xuân 🤭,thanh226,1,2023-11-15 13:38:13,"Dư âm hậu đại dịch kéo dài, nhiều doanh nghiệp loay hoay xoay xở trả nợ bằng cách bán bớt dự án bất động sản, cắt giảm nhân sự, thậm chí đóng cửa công ty con để gắng vượt qua thời điểm khó khăn."
Múc cùng shack Xuân 🤭,thanh226,0,2023-11-15 13:40:12,cô nào em linh ê
Múc cùng shack Xuân 🤭,Linhht,0,2023-11-15 13:40:57,Anh có mấy cô giáo trên F? Cô Hằng a vừa chào chứ ai
Múc cùng shack Xuân 🤭,thanh226,0,2023-11-15 13:41:33,a chỉ có vk hoặc bạn tình thôi linh ê chưa bái ai nà cô cả
Múc cùng shack Xuân 🤭,Vuichoigiaitri,0,2023-11-15 13:42:19,Nào nào cô của emil và vui
Múc cùng shack Xuân 🤭,Vuichoigiaitri,0,2023-11-15 13:42:47,Em chào cô @HangPhan 
Múc cùng shack Xuân 🤭,Linhht,0,2023-11-15 13:42:50,"Đang lùa gà cho em rồi nhé, cứ yên tâm về nhà ngồi chờ P/s: định nói “tắm rửa sạch sẽ nằm nghiêng ráo nước chờ” nhưng mà thôi, phải lịch sự với người ngoài hội Fed :)))"
Múc cùng shack Xuân 🤭,thanh226,0,2023-11-15 13:43:15,kệ các cụ tôi nà ngươi thích em hằng nhất chấm hết
Múc cùng shack Xuân 🤭,Hotboy39cm,0,2023-11-15 13:44:20,"Hằng ơi em pr mấy con rẻ rách hết thời đấy làm gì phí cả thanh xuân phụ nữ. Nay bđs có dấu hiệu xả hàng phân phối rồi, mai sập, lau sàn hết lượt chúng nó lại cười vào mặt em. Bỏ đi"
Múc cùng shack Xuân 🤭,kalo,0,2023-11-15 13:44:44,Em có combo sổ thương binh và 3 bích nhé các bác.để e trước nhoé. Xê ra. Xê ra
Múc cùng shack Xuân 🤭,Vuichoigiaitri,0,2023-11-15 13:45:01,Nào phản biện đi nói có cơ sở tí
Múc cùng shack Xuân 🤭,kalo,0,2023-11-15 13:47:23,Ối.đang nghi ngờ cội từ 28 mọc lên 39 cen chứ.hóa ra k phải à.cơ mà e nghĩ cụ này cũng ở fed ra thôi.
Múc cùng shack Xuân 🤭,Vuichoigiaitri,3,2023-11-15 13:48:09,Chưa có tín hiệu bắt bài kalo ạ
Múc cùng shack Xuân 🤭,Vuichoigiaitri,2,2023-11-15 13:48:29,Mấy nay đang điều tra
Múc cùng shack Xuân 🤭,Linhht,0,2023-11-15 13:49:04,Nghĩ thế nào? Hội fed mà có đứa lừa thầy phản bạn như thế à?
Múc cùng shack Xuân 🤭,Vuichoigiaitri,1,2023-11-15 13:49:49,Ảo ma xoắn hết não
Múc cùng shack Xuân 🤭,Hotboy39cm,0,2023-11-15 13:50:12,"Chú em phải bỏ cái kính đen ra nhìn nó mới thấu, đeo kính đen đánh chứng nó dâm lắm, chỉ bợ mông em Hằng đc thôi chứ cội gì mài"
Múc cùng shack Xuân 🤭,thanh226,0,2023-11-15 13:51:17,các bố sắp lạy mài dồi đấy
Múc cùng shack Xuân 🤭,Vuichoigiaitri,0,2023-11-15 13:51:56, hình ảnh 1242×1605 67 KB  D m bắt đầu nóng máu dòi
Múc cùng shack Xuân 🤭,Emil,0,2023-11-15 13:53:01,Cô ơi Cô kêu Mil 1 tiếng đi Cô. 
Múc cùng shack Xuân 🤭,thanh226,0,2023-11-15 13:53:09,anh đào mộ nó chưa nó là thằng lào
Múc cùng shack Xuân 🤭,Vuichoigiaitri,1,2023-11-15 13:54:19,Để im đâu có đó
Múc cùng shack Xuân 🤭,Hotboy39cm,0,2023-11-15 13:54:29,"Thôi mài lại đeo cái kính vào hộ bố cái, nhìn mặt mài bỏ kính ra bị ngáo ngáo, bảo sao nói gì cũng đòi cơ sở, bố mài khinh"
Múc cùng shack Xuân 🤭,Vuichoigiaitri,1,2023-11-15 13:55:17,Ae mỗi người cái cờ giúp vui
Múc cùng shack Xuân 🤭,Vuichoigiaitri,1,2023-11-15 13:55:27,Nay vui mệt
Múc cùng shack Xuân 🤭,thanh226,1,2023-11-15 13:55:43,đê đó xem thằng lào
Múc cùng shack Xuân 🤭,Linhht,1,2023-11-15 13:55:50,"@HangPhan ơi, em gọi “ê Mil, lại đây biểu, chậc chậc” đi"
Múc cùng shack Xuân 🤭,Emil,0,2023-11-15 13:57:17,chậc chậc chụt chụt. Chứ chậc chậc là gọi tó nhé
Múc cùng shack Xuân 🤭,kalo,0,2023-11-15 13:57:23,Gọi cái xoắn hết não.nao vào ngày và nuôn bà chuỵ nhể
Múc cùng shack Xuân 🤭,Linhht,0,2023-11-15 13:57:43,Ko nhầm đâu :))))
Múc cùng shack Xuân 🤭,Emil,0,2023-11-15 13:59:01,"Cô ơi, Cô gọi Cội Vui là “tục tưng thương thương” đi Cô !  "
Múc cùng shack Xuân 🤭,Vuichoigiaitri,2,2023-11-15 14:00:47,Ko hỏi cô ls giảm oil giảm Dxy gãy tỉ giá rơi thì như nào
Múc cùng shack Xuân 🤭,Vuichoigiaitri,2,2023-11-15 14:01:55,Nay nhỏ lẻ lại bán và ngược lại à
Múc cùng shack Xuân 🤭,Emil,2,2023-11-15 14:02:16,FED thủ phụ trách vĩ mô đi hỏi vĩ mô khác gì Thần lửa đi xin lửa. Định hỏi Cô cái này cơ “tục tưng” ạ Bộ Tài chính cấm các nhà băng không được bán bảo hiểm liên kết đầu tư cho khách hàng trước và sau giải ngân 60 ngày. - CafeLand.Vn
Múc cùng shack Xuân 🤭,Hotboy39cm,0,2023-11-15 14:03:48,"Danh mục lỗ thì ko lo, đi lo mấy cái vĩ mô ngớ ngẩn, bảo sao suốt đời làm chúa đảo ku ạ"
Múc cùng shack Xuân 🤭,thanh226,2,2023-11-15 14:03:53,nà cô thì cái dì cũng pải biết chớ. cứ hỏi đê
Múc cùng shack Xuân 🤭,thanh226,2,2023-11-15 14:04:35,mài nà thằng lào
Múc cùng shack Xuân 🤭,Emil,1,2023-11-15 14:04:53,"FED view nhiều hơn, post ở đây nhé. Nay Cô mặc cái áo dễ thương thật, nhưng không hở cúc áo trên như hôm nọ."
Múc cùng shack Xuân 🤭,Hotboy39cm,0,2023-11-15 14:05:59,Não mài chỉ chứa các câu hỏi thôi à?
Múc cùng shack Xuân 🤭,Emil,0,2023-11-15 14:06:27,Diên hả em? Hay nừ…   ca 712×639 50.2 KB 
Múc cùng shack Xuân 🤭,thanh226,0,2023-11-15 14:06:45,bố gặp mài ngoài đời bố bóp cổ chết
Múc cùng shack Xuân 🤭,Hotboy39cm,0,2023-11-15 14:07:23,Đánh chứng lỗ thế thì tự bóp cò mình đi ku cháu
Múc cùng shack Xuân 🤭,Hotboy39cm,0,2023-11-15 14:08:47,"Chuẩn bị ca để mai tự úp đầu mình trước à ku cháu, khôn ngay từ đầu thế cũng gọi là tiến bộ đấy"
Múc cùng shack Xuân 🤭,Vuichoigiaitri,2,2023-11-15 14:08:52,Mn xang pic cô sinh hoạt với cô
Múc cùng shack Xuân 🤭,Linhht,0,2023-11-15 14:09:02,Chúc mừng các anh đã gặp đối thủ xứng tầm
Múc cùng shack Xuân 🤭,Hotboy39cm,0,2023-11-15 14:09:26,Đánh chứng mà đi bợ mông đàn bà thế lại ăn bô suốt thôi
Múc cùng shack Xuân 🤭,Emil,0,2023-11-15 14:11:15,"Nin nghe người ngoài chửi đồng đội mà cười. Lại còn thấy Cô là fans của anh em thì đem lòng ghen tị, dùng lời lẽ thoá mạ đá đểu anh em. Xem ra Nin tha hoá lắm rồi."
Múc cùng shack Xuân 🤭,NhamDoanhDoanh,0,2023-11-15 14:13:07,"Hay nà nin thử lòng Mil đấy,"
Múc cùng shack Xuân 🤭,Linhht,1,2023-11-15 14:13:28,"Sang đẩy pic cho cô đi, ngồi đấy mà chê c nữa"
Múc cùng shack Xuân 🤭,NhamDoanhDoanh,2,2023-11-15 14:13:49,"Mn xang pic cô sinh hoạt với cô A với anh Thanh sang sinh hoạt đi, bọn em ko sh với cô đượt"
Múc cùng shack Xuân 🤭,Emil,0,2023-11-15 14:15:23,
Múc cùng shack Xuân 🤭,NhamDoanhDoanh,1,2023-11-15 14:15:32,Ở đâu ra cái thằng hót poi gần hai gang thế này nhỉ anh em?
Múc cùng shack Xuân 🤭,Emil,2,2023-11-15 14:17:20,"3.9 cm thoai, thiếu dấy chấm ở nick. Mà lạ thật, nãi xuất cờ bạc ngon thế này mà NHNN cứ ép bank cứu bds nà nàm thao?  https://nfsc.gov.vn/vi/dinh-che-tai-che/cac-cong-ty-chung-khoan-dong-loat-tang-lai-suat-margin/"
Múc cùng shack Xuân 🤭,Hotboy39cm,0,2023-11-15 14:18:19,"Mài thì hiểu cái dell gì, ếch ngồi đáy giếng lại cứ hay thắc mắc"
Múc cùng shack Xuân 🤭,Hotboy39cm,0,2023-11-15 14:22:53,A vác Doanh về chỗ ở của a để Doanh biết lần sau nhớ a tự tìm đến nhé
Múc cùng shack Xuân 🤭,NhamDoanhDoanh,0,2023-11-15 14:34:24,"Thôi nhường @Linhht , Doanh ko quen, hàng nhà yếu nên giờ gặp hàng mạnh là dễ đột quỵ, ko thích nghi được"
Múc cùng shack Xuân 🤭,Emil,2,2023-11-15 14:36:01,Không thể kéo dài thời gian giải ngân hơn 2.500 tỷ cho sân bay Long Thành 
Múc cùng shack Xuân 🤭,Hotboy39cm,0,2023-11-15 14:38:02,"Thừa thời gian thì về nghiên cứu cổ phiếu đi, cứ share mấy cái tin này nó ko giúp danh mục của ku em bớt lỗ đâu"
Múc cùng shack Xuân 🤭,Linhht,1,2023-11-15 14:50:10,"Emil, chị em đang tranh cãi nhau tin này có nghĩa là 2500 tỏi bắt buộc phải giải ngân trong năm nay hay nghĩa là bị huỷ luôn đó?"
Múc cùng shack Xuân 🤭,Emil,2,2023-11-15 14:51:42,theo quy định thì nếu ko giải ngân bằng mọi giá thì sẽ phải huỷ. Nhưng làm thế nào để giải ngân? (picture deleted)
Múc cùng shack Xuân 🤭,NhamDoanhDoanh,2,2023-11-15 14:51:46,Này là huỷ rồi em   hình ảnh 828×396 72.7 KB 
Múc cùng shack Xuân 🤭,Linhht,1,2023-11-15 14:52:03,"Đó, vậy e hiểu đúng"
Múc cùng shack Xuân 🤭,NhamDoanhDoanh,1,2023-11-15 14:52:45,"Nãy c ko đọc bài báo, nếu còn thời hạn thì buộc phải giải ngân còn hết hạn mà ko đc gia hạn là phải huỷ."
Múc cùng shack Xuân 🤭,Emil,2,2023-11-15 14:51:42,theo quy định thì nếu ko giải ngân bằng mọi giá thì sẽ phải huỷ. Nhưng làm thế nào để giải ngân? (picture deleted)
Múc cùng shack Xuân 🤭,NhamDoanhDoanh,2,2023-11-15 14:51:46,Này là huỷ rồi em   hình ảnh 828×396 72.7 KB 
Múc cùng shack Xuân 🤭,Linhht,1,2023-11-15 14:52:03,"Đó, vậy e hiểu đúng"
Múc cùng shack Xuân 🤭,NhamDoanhDoanh,1,2023-11-15 14:52:45,"Nãy c ko đọc bài báo, nếu còn thời hạn thì buộc phải giải ngân còn hết hạn mà ko đc gia hạn là phải huỷ."
Múc cùng shack Xuân 🤭,MissXuan,0,2023-11-16 01:32:46,Pic ế vãi cut nay sập sàn
Múc cùng shack Xuân 🤭,011167,1,2023-11-16 01:37:04,Nay xanh nhẹ hay đỏ nhẹ quanh mốc tham chiếu chứ bác vui
Múc cùng shack Xuân 🤭,kalo,2,2023-11-16 01:52:53,À thì ra đây là cội vui Á.sao lắm nick với văn phong giống nhao thế nhở.
Múc cùng shack Xuân 🤭,Vuichoigiaitri,0,2023-11-16 01:54:58,Kalo hôn tu sell hả
Múc cùng shack Xuân 🤭,Vuichoigiaitri,0,2023-11-16 01:55:09,Xanh lơ
Múc cùng shack Xuân 🤭,Vuichoigiaitri,2,2023-11-16 01:55:52,Còn ai nữa mà văn phong giống nhau hả kalo
Múc cùng shack Xuân 🤭,kalo,3,2023-11-16 02:01:40,Bữa có nick kia nữa.nick siunack gì ấy. với cu cậu 3.9cm đó thấy kiểu văn phòng cũng giống đại ca thanh của em.hoặc là ku cậu đầu bếp.
Múc cùng shack Xuân 🤭,Vuichoigiaitri,3,2023-11-16 02:02:47,"Ko siu chỉ khi vui đi tò mới xuất hiện, 39 cen chưa biết ai"
Múc cùng shack Xuân 🤭,kalo,3,2023-11-16 02:06:47,Hàng của e thì CSv giảm điểm cũng k chớp mắt.dbc thì dòng tiền quá mặn mẽ hôm nay nó sẽ xanh. còn Vgc lãi 7% thì có thể e xem xét do a Tuấn sinsik hay mượt cả lên và xuống.
Múc cùng shack Xuân 🤭,thanh226,2,2023-11-16 03:13:00,píc chả có vẹo dì nhỉ
Múc cùng shack Xuân 🤭,thanh226,0,2023-11-16 03:13:33,em Phan Hằng chưa thấy sang cảm ơn ae ta nhỉ
Múc cùng shack Xuân 🤭,kalo,1,2023-11-16 03:37:20,Ông nào đua CSV vậy. Ngày tăng vài line được rồi.đừng gắn mô tơ vậy chứ  @NhamDoanhDoanh
Múc cùng shack Xuân 🤭,Linhht,2,2023-11-16 04:02:00,"ơ đã yêu là cho đi hết mình, ko cần báo đáp chứ anh :))))"
Múc cùng shack Xuân 🤭,NhamDoanhDoanh,1,2023-11-16 04:05:56,"Qua mới mua tí cafe kkk, nhìn cái chart nén, nay có cf rồi, mai kia úp bô kalo"
Múc cùng shack Xuân 🤭,Hotboy39cm,0,2023-11-16 04:21:51,"Vui thôi đừng vui quá, chiều Tuấn mượt cho VGC lau sàn sml thì nhục"
Múc cùng shack Xuân 🤭,thanh226,1,2023-11-16 04:27:38,"Theo cơ quan chức năng, nghi phạm cầm dao xông vào trụ sở ngân hàng khống chế nhân viên cướp tài sản là phó giám đốc chi nhánh một nhà máy."
Múc cùng shack Xuân 🤭,011167,0,2023-11-16 04:29:22,À thì ra đây là cội vui Á.sao lắm nick với văn phong giống nhao thế nhở. Giờ mới biết hử @kalo 
Múc cùng shack Xuân 🤭,kalo,1,2023-11-16 04:36:42,Nó chỉ cần lủng 49 thì hàng của tôi đã kích hoạt bán rồi.sàn thì kệ mịa a Tuấn.tôi cũng không có nhu cầu mua ngay đáy bán ngay đỉnh.chỉ cần lãi con con là được.
Múc cùng shack Xuân 🤭,Linhht,0,2023-11-16 04:51:53,"hôm nay em ăn trưa đạm bạc quá, anh @thanh226 cho em xin ít hình ảnh cá gỗ chấm mút cho đỡ nhạt mồm nhạt miệng đi  "
Múc cùng shack Xuân 🤭,011167,0,2023-11-16 04:55:37,"hôm nay em ăn trưa đạm bạc quá, anh @thanh226 cho em xin ít hình ảnh cá gỗ chấm mút cho đỡ nhạt mồm nhạt miệng đi   Dân sứ nghệ hử"
Múc cùng shack Xuân 🤭,Linhht,0,2023-11-16 04:59:24,"trí tưởng tượng của Chanh hạn chế thế, chỉ là dùng 1 câu chuyện trẻ con cấp 1 ai cũng từng học mà Chanh đã đổi quê cho em rồi"
Múc cùng shack Xuân 🤭,kalo,0,2023-11-16 08:06:43,Đại ca 3.9 cen đâu rồi.sao bảo  Tuấn mượt đánh sàn.làm gặp vĩ mô ướt át mà cũng sun vòi.  @hotboy39cm
Múc cùng shack Xuân 🤭,MissXuan,1,2023-11-16 08:12:27,Ơ ko sập nhể
Múc cùng shack Xuân 🤭,MissXuan,0,2023-11-16 08:13:12,@kalo chim lợn mới nổi
Múc cùng shack Xuân 🤭,kalo,2,2023-11-16 08:15:27,Xem xét nhé.quan điểm cá nhân sóng này khả năng giá cổ sẽ vượt đỉnh( giá ở đỉnh 1250 nhé) nhé. Khoá két chờ ngày mở két
Múc cùng shack Xuân 🤭,kalo,1,2023-11-16 08:16:29,Em có chai rượu nút chuối đây.bác nướng lên đi.e với bác làm vài quai
Múc cùng shack Xuân 🤭,Vuichoigiaitri,0,2023-11-16 08:18:46, hình ảnh 1160×651 124 KB 
Múc cùng shack Xuân 🤭,Linhht,1,2023-11-16 08:18:52, 
Múc cùng shack Xuân 🤭,Vuichoigiaitri,0,2023-11-16 08:19:49,Con đĩ xuân nó có uống dc rượu đou
Múc cùng shack Xuân 🤭,Emil,0,2023-11-16 10:49:13,băng FED hôm nay nại fun mơ gin rồi à? Nái dụ xuống tiền còn kinh hơn cả mai thuý   badboy 736×736 83.4 KB 
Múc cùng shack Xuân 🤭,Vuichoigiaitri,0,2023-11-16 10:51:59,Phét bán mẹ nó hết lúc đáy kay
Múc cùng shack Xuân 🤭,Emil,0,2023-11-16 10:56:36,"Thấy mấy anh KOL thứ 2 hô tăng, thứ 3 hô giảm, thứ 4 hô bị úp bô, hôm nay lại hô lên 1800. Loạn hết cả chưởng Chỉ nên tin vào Cô @HangPhan thôi. Cô sẽ thương, sẽ độ! "
Múc cùng shack Xuân 🤭,NhamDoanhDoanh,0,2023-11-16 11:00:05,Vĩ mô tính theo phiên 
Múc cùng shack Xuân 🤭,NhamDoanhDoanh,4,2023-11-16 11:02:28,"cổ sẽ vượt đỉnh( giá ở đỉnh 1250 nhé C trùng quan điểm này với kalo, với cách đánh nhấp nhả, bắt nđt phải chốt lãi và đua lệnh liên tục như thế này có thể VNI chưa chạm tới đỉnh cũ 1250 nhưng cp đã vượt đỉnh cũ rồi. Xác định đợt này chỉnh trong phiên chứ ko có nhịp chỉnh sâu nữa."
Múc cùng shack Xuân 🤭,Emil,1,2023-11-16 11:03:50,tin KOL Mơ Lì có mà ăn lù cả loãn! Dưng em vẫn bảo lưu tránh xa CEO nhé. Đầy hàng ngon!   boncailan 1200×630 48.3 KB 
Múc cùng shack Xuân 🤭,NhamDoanhDoanh,2,2023-11-16 11:04:47,"Đồng ý luôn với Emil. Ceo tránh ra, như phiên nay kéo là để xả hàng. @RoseCM nếu có hàng nên cẩn trọng, bao giờ tiêu hoá hết số cổ pht thì tính."
Múc cùng shack Xuân 🤭,kalo,1,2023-11-16 11:06:19,Bán mịa nó ở 1020 và giờ ôm tiền đang thần kinh ra đây tay to emil nè.khóc cả dòng sông cá mập ạ.
Múc cùng shack Xuân 🤭,Tammy.Tr,0,2023-11-16 11:06:47, hình ảnh 1242×1174 245 KB 
Múc cùng shack Xuân 🤭,NhamDoanhDoanh,0,2023-11-16 11:07:03, hình ảnh 768×256 25.7 KB 
Múc cùng shack Xuân 🤭,Emil,1,2023-11-16 11:09:41,"nhìn thì đang úp chen, dưng mà trồng cây chuối lại thì thành đao chen Êu C… à mà thôi sợ N bùn   kissme 720×792 46.4 KB "
Múc cùng shack Xuân 🤭,NhamDoanhDoanh,0,2023-11-16 11:11:50,@kalo csv giá mấy chốt đc? Sợ lãi nhiều quá gồng ko nổi
Múc cùng shack Xuân 🤭,kalo,3,2023-11-16 11:19:26,E thì khi nào rủi ro phi hệ thống.còn nó theo định giá tầm 58-60k. Còn đánh sóng thì quan sát ở 44-46k xem sao chị nhé.vượt thì xem tiếp mục tiêu 52-56k.
Múc cùng shack Xuân 🤭,Emil,2,2023-11-16 11:33:07,"với cách đánh nhấp nhả, Nái đang loay hoay phết.   winner 843×846 81.2 KB "
Múc cùng shack Xuân 🤭,Emil,0,2023-11-16 11:46:45,Nin @Linhht ơi kiss my nose!
Múc cùng shack Xuân 🤭,Linhht,0,2023-11-16 11:50:34,
Múc cùng shack Xuân 🤭,Vuichoigiaitri,2,2023-11-16 11:55:08, hình ảnh 341×604 41.5 KB  Chờ bọn chờ đáy 2 vào mút kao úp pô kkk
Múc cùng shack Xuân 🤭,NhamDoanhDoanh,3,2023-11-16 12:01:53,"Nay thêm người đẩy giá cho anh này, cá nhân vẫn bán ròng   hình ảnh 828×639 154 KB "
Múc cùng shack Xuân 🤭,Vuichoigiaitri,0,2023-11-16 12:08:33,Bài học bó đũa cứ thế mà chén:)) có đứa nào bán xong ngồi chơi ngắm xanh đỏ đou
Múc cùng shack Xuân 🤭,Vuichoigiaitri,2,2023-11-16 12:10:04,Nay nó đá thế kèm cá nhân sợ đáo hạn ps như sợ cọp thì yên tâm
Múc cùng shack Xuân 🤭,Linhht,0,2023-11-16 13:05:05,Chờ người nơi ấy về đây mang theo dấu yêu Chở che cho nhau những đêm lạnh lùng Chờ người đâu thấy người còn hoài xa cách xa Một mình trong đêm lắng nghe gió than
Múc cùng shack Xuân 🤭,thanh226,1,2023-11-16 13:28:43,"Nhóm cổ phiếu BĐS trở thành tâm điểm trong phiên hôm nay, khi hầu hết cổ phiếu giao dịch rất tích cực bất chấp Luật Đất đai sửa đổi lùi thành thông qua."
Múc cùng shack Xuân 🤭,thanh226,1,2023-11-16 13:28:56,Trích báo cáo phân tích một số cổ phiếu cần quan tâm trước phiên 17/11 của các công ty chứng khoán.
Múc cùng shack Xuân 🤭,Emil,0,2023-11-16 15:13:01,topic ế thật. Hay đánh dễ quá chả ai quan tâm nhỉ. Nái bực lên mai nại đạp giờ
Múc cùng shack Xuân 🤭,kalo,2,2023-11-17 01:11:44,Canh thị trường nếu có tới tháng là múc. Đất.bán dẫn.sắt thép.Tuấn sunsik.kcn.cảng biển….cổ quần què nào cũng được.cứ có cổ là thắng nhiều cổ sẽ vượt đỉnh hoặc chí ít là tiệm cận đỉnh.
Múc cùng shack Xuân 🤭,011167,0,2023-11-17 01:56:01,Chờ bọn chờ đáy 2 vào mút kao úp pô kkk Em nào mà hót thế bác vui
Múc cùng shack Xuân 🤭,011167,0,2023-11-17 01:58:48,Chờ bọn chờ đáy 2 vào mút kao úp pô kkk Chỉ là quả cam này hơi bé    
Múc cùng shack Xuân 🤭,011167,0,2023-11-17 01:58:48,Chờ bọn chờ đáy 2 vào mút kao úp pô kkk Chỉ là quả cam này hơi bé    
Múc cùng shack Xuân 🤭,011167,0,2023-11-17 02:01:00,@Linhht cá gỗ khỏe chứ
Múc cùng shack Xuân 🤭,kalo,1,2023-11-17 02:41:35,Nay là ngày của KCN. Lại có con tôm con tép rồi.  @nhamdoanhdoanh còn szc không.
Múc cùng shack Xuân 🤭,Daochoimaohiem,1,2023-11-17 03:17:58,@011167 Kpf ce rồi nhỉ !
Múc cùng shack Xuân 🤭,thanh226,2,2023-11-17 03:26:23,Việc hoãn thông qua Luật Đất đai sửa đổi sẽ có tác động tiêu cực đến các chủ đầu tư có những dự án tồn đọng vì sẽ tiếp tục kéo dài thêm thời gian giải quyết và triển khai các dự án mới.
Múc cùng shack Xuân 🤭,NhamDoanhDoanh,2,2023-11-17 04:11:07,"Tiễn rồi em ơi, giá 40 từ đợt sập"
Múc cùng shack Xuân 🤭,Luot_Song_DIG,0,2023-11-17 04:11:37,múc lẹ nó chạy mất đấy. peny chạy đầu sóng hôm nay rồi
Múc cùng shack Xuân 🤭,011167,1,2023-11-17 04:18:50,Cuối cùng cũng có trái ngọt
Múc cùng shack Xuân 🤭,011167,0,2023-11-17 07:08:48,Làm tí C47 không
Múc cùng shack Xuân 🤭,kalo,1,2023-11-17 08:42:30,Thị trường đến tháng thật nhờ 
Múc cùng shack Xuân 🤭,Vuichoigiaitri,1,2023-11-17 09:03:05,Hold 1150 hay cắp dép 2 chọn 1 chọn đê .
Múc cùng shack Xuân 🤭,kalo,1,2023-11-17 09:22:30,Cội chọn phương án nào.e cũng hiện thực hóa lợi nhuận vài phần rồi…1102 là cứ điểm quan trọng.xem xét một 2 phiên tới xem sao rổi tính tiếp phần hàng còn lại cội ạ.
Múc cùng shack Xuân 🤭,Vuichoigiaitri,1,2023-11-17 09:24:11,thảo nào chân kalo dài hơn chân hoa hậu hé hé
Múc cùng shack Xuân 🤭,kalo,1,2023-11-17 09:26:21,E cũng không bán được giá xanh.bán giá đỏ như Vgc cũng chỉ bán 51.4 chứ đâu bán được xanh.mất đi mấy con tép
Múc cùng shack Xuân 🤭,Vuichoigiaitri,1,2023-11-17 09:27:38,Lại thấy sáng kcn khỏe để chiều tính hả
Múc cùng shack Xuân 🤭,Vuichoigiaitri,1,2023-11-17 09:28:28,
Múc cùng shack Xuân 🤭,Vuichoigiaitri,1,2023-11-17 09:29:27,Gặp anh tắt điện hết
Múc cùng shack Xuân 🤭,kalo,2,2023-11-17 09:30:47,Thú thật là lối đánh của e là không khi nào bán được giá cao nhất phiên đâu.e mua hàng nếu cổ đi như dự định thì gồng…càng xanh càng gồng. cứ còn lên là còn gồng.còn giảm vi phạm nguyên tắc mới sút. bởi vậy có lúc nào mua đáy bán đỉnh được đâu cội
Múc cùng shack Xuân 🤭,Vuichoigiaitri,3,2023-11-17 09:33:34,"Thế nà chuẩn dồi mình người Trần mắt thịt mà em, tiền mình mình xử chứ có mõ m đou. Ngắn hạn cơ cấu thì vẫn là cơ hội ,tăng cũng phải giảm , phiên nay giảm đúng sgk còn gì chỉ tại quỉ sứ tăng thêm độ mặn của muối he he"
Múc cùng shack Xuân 🤭,kalo,2,2023-11-17 09:33:58,Vụ này xuyên biên giới nên chịu.quan điểm cá nhân không nên nghe giả thuyết hay phân tích gì hết.cứ hành động an toàn đã.mọi thứ tính sau. phân tích sẽ có các chuyên gia hay các kol lên bài ngay ý mà.
Múc cùng shack Xuân 🤭,thanh226,1,2023-11-17 12:56:30,Nhiều anh em share cái tin VFS đang bị 1 công ty luật chuyên làm những vụ khởi kiện tập thể ở Mỹ điều tra (là bước chuẩn bị để xem có thể thay mặt một số cổ đông mở kiện tụng tập thể không).
Múc cùng shack Xuân 🤭,Vuichoigiaitri,2,2023-11-17 12:59:07,Ghê quá tt đánh ae nhũn hết người đái đẫm bỉm nhỉ
Múc cùng shack Xuân 🤭,Linhht,0,2023-11-17 12:59:10,"Ốm lắm Chanh, mua cá hồi sashimi vào thăm em đi"
Múc cùng shack Xuân 🤭,Linhht,0,2023-11-17 13:01:13,@Thu.Hang e anh Vui vk anh Thăn sao ngấp nghé ngoài cửa mãi thế
Múc cùng shack Xuân 🤭,thanh226,0,2023-11-17 13:01:45,chắc kẹp xăm
Múc cùng shack Xuân 🤭,Linhht,1,2023-11-17 13:03:55,Kẹp xăm là j anh?
Múc cùng shack Xuân 🤭,thanh226,2,2023-11-17 13:06:06,"Đại diện Vinfast cho biết công ty luôn hướng tới việc công bố thông tin minh bạch tới nhà đầu tư, việc kiện tụng là hết sức bình thường ở Mỹ và công ty luôn sẵn sàng đối mặt."
Múc cùng shack Xuân 🤭,Emil,0,2023-11-17 13:12:31,Thớt của băng FED cứ tiếp tục nguội thế này tức là bà con tiếp tục không coi FED team ra gì. Còn chết! Báo trước! 
Múc cùng shack Xuân 🤭,Vuichoigiaitri,0,2023-11-17 13:28:01,Chết chóc gì nói mau
Múc cùng shack Xuân 🤭,Emil,0,2023-11-17 13:29:51,nay Mil mệt
Múc cùng shack Xuân 🤭,Vuichoigiaitri,0,2023-11-17 13:31:13,Phét
Múc cùng shack Xuân 🤭,Emil,0,2023-11-17 13:31:42, nervous 305×512 24 KB 
Múc cùng shack Xuân 🤭,Vuichoigiaitri,0,2023-11-17 13:35:13,Căng nhẩy
Múc cùng shack Xuân 🤭,Vuichoigiaitri,0,2023-11-17 13:35:41, hình ảnh 526×779 64.9 KB  Chạy
Múc cùng shack Xuân 🤭,Vuichoigiaitri,0,2023-11-17 13:36:13,Rơi mẹ hết vĩ mô trả lại cô giáo hết à mil
Múc cùng shack Xuân 🤭,Emil,1,2023-11-17 13:37:12,"bọn trẻ công nhận giờ láo nháo thật. Thấy dễ ăn mấy phiên lại bỏ đi đâu hết, không chịu coi các Cội ra gì. Ơ thế hoá ra bọn anh có được như ngày nay toàn là bọn ăn cắp ăn trộm à?"
Múc cùng shack Xuân 🤭,Vuichoigiaitri,1,2023-11-17 13:39:45,Nó úp bô các cội ăn đủ
Múc cùng shack Xuân 🤭,Vuichoigiaitri,0,2023-11-17 13:41:04,"Thị trường shock quá em ninh ốm @Emil à, mang sữa đến hỏi thăm đi"
Múc cùng shack Xuân 🤭,kalo,2,2023-11-17 13:48:19,Cội cầm hồ Ngọc hà thì đúng hạng A luôn nhỉ.trở về màu quen thuộc
Múc cùng shack Xuân 🤭,Emil,1,2023-11-17 13:49:17,không rõ có bị Cô nhập quá không nữa. Chứ đã ăn hơn 30% rồi mà vẫn còn tham thì… Êu Cô… à mà thôi Nin đang ốm.
Múc cùng shack Xuân 🤭,Vuichoigiaitri,2,2023-11-17 13:49:33,chân dài nên lúc nào cũng vênh mặt với đời
Múc cùng shack Xuân 🤭,Thu.Hang,0,2023-11-17 13:56:11,Ck cũ ơi em có đâu mà kẹp săm oánh chết giờ
Múc cùng shack Xuân 🤭,Emil,1,2023-11-17 14:01:31,độ này coi thường Cội không thèm on nai hả chệ?   tips2 600×536 44.6 KB 
Múc cùng shack Xuân 🤭,Emil,3,2023-11-17 14:30:10,Nin @Linhht ơi mau khỏi ốm nhé. Êu Nin! Em tranh thủ đi nghỉ leo núi 2 weeks bảo toàn lợi nhuận đây. 
Múc cùng shack Xuân 🤭,Linhht,2,2023-11-17 14:33:40,Hehe c hiểu ý e rồi. Nice holidays
Múc cùng shack Xuân 🤭,ChiaDoiTaiKhoan,0,2023-11-17 14:37:35, IMG_1025 1170×1163 207 KB 
Múc cùng shack Xuân 🤭,Thu.Hang,1,2023-11-17 14:40:57,Ô mi lại đi à các chị buồn nhắm đó
Múc cùng shack Xuân 🤭,Linhht,1,2023-11-17 14:45:29,Emil đi là tín hiệu tốt cho e đó
Múc cùng shack Xuân 🤭,011167,0,2023-11-18 00:11:15,"Ốm lắm Chanh, mua cá hồi sashimi vào thăm em đi Vào thăm nàng rồi . nàng có cho anh sơ múi cái gì không đấy"
Múc cùng shack Xuân 🤭,Linhht,0,2023-11-18 00:15:56,Hông
Múc cùng shack Xuân 🤭,Linhht,0,2023-11-18 00:16:41,Mở bát ngày thứ 7 là an toàn nhất
Múc cùng shack Xuân 🤭,011167,0,2023-11-18 00:19:26,Hông Ít thì cũng phải chao tặng một nụ hôn vào môi hay vào trán chứ
Múc cùng shack Xuân 🤭,011167,0,2023-11-18 00:21:54,Quả bơ .hay ống bơ phiên bản 2023 hử
Múc cùng shack Xuân 🤭,Linhht,0,2023-11-18 00:25:50,Bernice còn đang sờ sờ ở kia mà Chanh hỏi e câu đó
Múc cùng shack Xuân 🤭,Linhht,0,2023-11-18 00:26:47,"Thôi Chanh giữ lại cá hồi mà dùng, e ko cần đâu. Em kiss the rain thôi"
Múc cùng shack Xuân 🤭,011167,0,2023-11-18 00:29:21,Ở pic nào nhỉ .anh vào gẹ một tí
Múc cùng shack Xuân 🤭,Linhht,0,2023-11-18 00:30:19,"Chanh tự tìm đi, e ko muốn thành tiếp tay cho giặc"
Múc cùng shack Xuân 🤭,011167,2,2023-11-18 00:32:56,Chém gió nói chuyện vui thôi mà nàng
Múc cùng shack Xuân 🤭,Linhht,0,2023-11-18 00:33:38,Tự tìm mới thể hiện thành ý
Múc cùng shack Xuân 🤭,011167,1,2023-11-18 00:37:33,Tự tìm mới thể hiện thành ý Ngày chước quả bơ hâm mộ .Bach Nam gì đó .anh vào kiếm có thấy đâu
Múc cùng shack Xuân 🤭,Linhht,0,2023-11-18 00:38:17,Kiếm kỹ coi
Múc cùng shack Xuân 🤭,011167,0,2023-11-18 00:40:19,Câu nói xa tận chân trời gần ngay trước mặt . ở trường hợp này có đúng không ta
Múc cùng shack Xuân 🤭,Linhht,0,2023-11-18 00:42:43,Đúng thì sao? Ko đúng thì sao?
Múc cùng shack Xuân 🤭,011167,1,2023-11-18 00:44:15,Ko sao cả . tất cả chỉ chém gió vui . có j đâu
Múc cùng shack Xuân 🤭,Linhht,0,2023-11-18 00:45:59,"Thế thì chanh quan tâm làm j, mất thời gian"
Múc cùng shack Xuân 🤭,Thang_Long,2,2023-11-18 01:00:41,Dù vẫn biết khi hoàng hôn tan vào đêm dài Chỉ còn lại đây mây đen ôm xót xa Người yêu hỡi anh gọi em Trong những khát khao ngày mai.
Múc cùng shack Xuân 🤭,011167,0,2023-11-18 01:02:03,Quả bơ ống bơ nay biến hình Linh xinh cá gỗ đầy nắng gió Siêu cá mập với nhái khóc dài dài Tại linh xinh cá gỗ toàn là gỗ Siêu cá mập táp phải bay hàm răng Thơ tình tặng linh cá gỗ
Múc cùng shack Xuân 🤭,MissXuan,1,2023-11-18 01:05:37,"@011167 thơ ngang như dùi đục chấm mắm tơm, luyện thêm 1 điểm về chỗ"
Múc cùng shack Xuân 🤭,011167,0,2023-11-18 01:07:44,Thơ như vậy mới sứng đôi với linh xinh cá gỗ bác vui à
Múc cùng shack Xuân 🤭,MissXuan,0,2023-11-18 01:09:08,Làm thơ phải có vần ồn Chém gió cần phải ôn tồn mới vui
Múc cùng shack Xuân 🤭,MissXuan,1,2023-11-18 01:13:48,"Điểm tin vĩ mô đã đi từ gót chân lên đến háng , đêm qua sau cú sập của vni kèm cái tin đồn thì chủ Nhơn của tin đồn mới -5,9% , DJ và tỉ giá ổn , Dxy cắm mỏ tiếp cơ bản là tăng 100 điểm là phải chỉnh đừng rối não đưa nhiều lý do làm khổ cái tâm chứng sĩ. Xuân vẫn vew cuối năm vni 1200"
Múc cùng shack Xuân 🤭,Linhht,0,2023-11-18 01:18:36,@011167 cười giề? View chanh ntn? Chia sẻ đi chứ sau thấy ng khác sai lại cà khịa thì ko fair chút nào
Múc cùng shack Xuân 🤭,011167,1,2023-11-18 01:31:13,Đây là diễn đàn chém gió nói lên suy nghĩ quan điểm của mình . .hô hào sai bét . thì bị nói là đúng rồi
Múc cùng shack Xuân 🤭,011167,1,2023-11-18 01:33:13,Không lẽ hô hào đúng nhận sai cãi cũng để yên hử
Múc cùng shack Xuân 🤭,MissXuan,2,2023-11-18 01:33:20,@011167 thì sao ? Thì bóc phốt thoy
Múc cùng shack Xuân 🤭,Linhht,0,2023-11-18 01:33:45,"Diễn đàn là để trao đổi quan điểm, ai cũng có lúc đúng lúc sai. Nếu ai cũng như Chanh, ko chia sẻ j, chỉ vào xỉa xói khi người ta sai, ko biết tán dương khi ng ta đúng thì cả diễn đàn này im phăng phắc như nghĩa trang và cũng chẳng có j cho Chanh hoạt động nữa đâu."
Múc cùng shack Xuân 🤭,Linhht,1,2023-11-18 01:35:45,"Hô hào đúng nhận sai cãi thì bóc là đúng, còn chia sẻ quan điểm có lúc đúng có lúc sai là bt mà Chanh."
Múc cùng shack Xuân 🤭,MissXuan,0,2023-11-18 01:36:43,Ngày xưa nà mid là pen Từ khi úp chén em thành bờ lu
Múc cùng shack Xuân 🤭,011167,2,2023-11-18 01:54:22,"Điểm tin vĩ mô đã đi từ gót chân lên đến háng , đêm qua sau cú sập của vni kèm cái tin đồn thì chủ Nhơn của tin đồn mới -5,9% , DJ và tỉ giá ổn , Dxy cắm mỏ tiếp cơ bản là tăng 100 điểm là phải chỉnh đừng rối não đưa nhiều lý do làm khổ cái tâm chứng sĩ. Xuân vẫn vew cuối năm vni 1200 Tình hình kinh tế ảm đạm VN đến tết thủng 1000 điểm đấy bác vui . hiện tại chỉ là sóng hồi thôi"
Múc cùng shack Xuân 🤭,Linhht,0,2023-11-18 01:55:24,Chanh có thể đưa ra luận cứ đc ko?
Múc cùng shack Xuân 🤭,kalo,2,2023-11-18 02:09:24,Cũng có lý.nhưng nó cần phải có điều kiện cần.và đủ. Còn không thì nói phong Long dồi. Mời các hạ đi vài đường ra cho đồng chứng thẩm thấu xem với nào.
Múc cùng shack Xuân 🤭,011167,0,2023-11-18 02:17:40,Nói thế thôi . đến gần tết âm lịch kiểm chứng
Múc cùng shack Xuân 🤭,011167,0,2023-11-18 02:19:16,@kalo chưa lên núi ấn cư hử
Múc cùng shack Xuân 🤭,kalo,2,2023-11-18 02:31:27,"Thị trường 9 người 10 ý. Nhưng chanh view như vậy mà vẫn cầm cổ thì là view phong long rồi.giống kiểu không xanh.đỏ,tím thì vàng hoặc xanh lơ. tất nhiên vẫn có khả năng kịch bản đó khi nó đi sóng giảm ABCDE.trước giờ chưa bao giờ thấy cụ chia sẻ hôm nay thử nàm người tốt chia sẻ quan điểm thử xem nào."
Múc cùng shack Xuân 🤭,011167,1,2023-11-18 02:36:18,Cầm cổ vì con KPF nó có tiền đình đi ngược lại với VN . chứ hô hào anh em ngọn cây từ hôm thứ 5 ngày Vam nó lập pic rồi
Múc cùng shack Xuân 🤭,kalo,2,2023-11-18 02:36:23,Tui không bao giờ lên núi ẩn cư nhé chanh.tôi nói và hành động là sẽ có trách nhiệm với lời nói và hành động của tui.chứ ếu trốn tránh nhé.đúng nhận sai ai góp ý thì rất cảm ơn và nhận để sửa sai.
Múc cùng shack Xuân 🤭,kalo,2,2023-11-18 02:41:36,Lần này công nhận đã hoàn lương. cơ mà hàng họ bắt ở 1020 thì chốt lãi hoặc giữ xem thêm cũng không sao.còn mua mới loạn cào cào thì trách ai được.trách bản thân quá tham thôi.
Múc cùng shack Xuân 🤭,Linhht,0,2023-11-18 02:43:36,Theo dõi kiểm chứng nhưng e thấy Chanh có quan điểm riêng đó. E thích đãi cát tìm vàng thế này
Múc cùng shack Xuân 🤭,kalo,1,2023-11-18 02:46:42,xóa.
Múc cùng shack Xuân 🤭,011167,1,2023-11-18 02:47:17,Mỗi người có một quan điểm . thế mới gọi là xã hội .
Múc cùng shack Xuân 🤭,Linhht,0,2023-11-18 02:48:16,"Uh c cg đang dự phòng kịch bản đó. Đã hạ hết margin rồi, phần còn lại sẽ túc tắc chốt lời dần or bán MP ngay nếu xấu."
Múc cùng shack Xuân 🤭,Linhht,1,2023-11-18 02:49:07,"Đúng, e luôn cởi mở với mọi quan điểm, sợ nhất những người a dua ko có chính kiến."
Múc cùng shack Xuân 🤭,kalo,1,2023-11-18 02:51:40,E ngắm thép cho sóng 2024.
Múc cùng shack Xuân 🤭,thanh226,1,2023-11-18 02:52:16,Chào cậu chưa có sợ thằng 39cm nhà cậu k?
Múc cùng shack Xuân 🤭,thanh226,0,2023-11-18 02:52:44,Mời nhà đầu tư theo dõi số liệu thị trường chứng khoán phiên hôm nay (17/11/2023) do 24HMoney tổng hợp dưới đây.
Múc cùng shack Xuân 🤭,thanh226,1,2023-11-18 02:53:06,"Trái ngược hoàn toàn với khối ngoại, giao dịch của khối tự doanh công ty chứng khoán vẫn là điểm sáng. Mời quý vị cùng theo dõi tổng kết tuần giao dịch vừa qua."
Múc cùng shack Xuân 🤭,Linhht,0,2023-11-18 02:55:12,"Cuối tuần mà pic toàn lên top nhỉ, nhờ hôm nay e buồn ko có việc j làm nên vào đẩy"
Múc cùng shack Xuân 🤭,kalo,0,2023-11-18 02:55:29,Ông đó đâu rồi nhỉ.hay là phiên hôm qua thun lại nhíp gắp ra không được luôn rồi.
Múc cùng shack Xuân 🤭,thanh226,0,2023-11-18 02:56:28,nó nhu nhơ thế nhưng tỉnh táo tàu phết đấy
Múc cùng shack Xuân 🤭,Linhht,1,2023-11-18 02:56:41,"Gặp kalo tắt điện luôn rồi. Đánh a Thăn, a Vui, emil dập mặt, mỗi kalo át đc vía"
Múc cùng shack Xuân 🤭,011167,0,2023-11-18 02:57:29,Chào cậu chưa có sợ thằng 39cm nhà cậu k? 39cm là gì nhỉ .chanh có biết sợ cái gì đâu
Múc cùng shack Xuân 🤭,thanh226,0,2023-11-18 02:57:54,á gọi đòn à đợi đó
Múc cùng shack Xuân 🤭,Thu.Hang,0,2023-11-18 02:59:47,Đợi đó làm giề anh ko anh về anh mách hả
Múc cùng shack Xuân 🤭,kalo,0,2023-11-18 03:01:50,E hay mua dầu gội cho a Tuấn.
Múc cùng shack Xuân 🤭,thanh226,0,2023-11-18 03:02:45,à nay nó đi vắng vk cũ ạ
Múc cùng shack Xuân 🤭,011167,0,2023-11-18 03:03:00,Cái 20CM ý ý . thì để hù dọa @Linhht cá gỗ nhé . Chứ còn chanh là Nam 100% đó nhé
Múc cùng shack Xuân 🤭,Linhht,3,2023-11-18 03:03:54,"Sao h vẫn vk cũ ck cũ, người đương thời rồi nha"
Múc cùng shack Xuân 🤭,kalo,1,2023-11-18 03:04:04,Sao nại là vợ cũ dồi.bà đồng khói đi hẩy với ông nào dồi à
Múc cùng shack Xuân 🤭,thanh226,1,2023-11-18 03:04:12,ờ hay em sơ kua thêm cu chanh thỉnh thoảng trống vắng phi ngựa luyên công cũng đc
Múc cùng shack Xuân 🤭,Linhht,0,2023-11-18 03:05:55,"A ko thấy Chanh bảo e cá gỗ à, ăn vào gãy răng đó em là “để bà ngửi chứ bà ko ăn” thôi"
Múc cùng shack Xuân 🤭,thanh226,0,2023-11-18 03:06:18,a nghe nhầm tưởngchanh nà ngụa gỗ
Múc cùng shack Xuân 🤭,kalo,0,2023-11-18 03:09:31,Ơ biết món cá gỗ của 37 luôn à. Quê mô @011167
Múc cùng shack Xuân 🤭,011167,0,2023-11-18 03:12:04,Ơ biết món cá gỗ của 37 luôn à. Quê mô @011167 Bí mật
Múc cùng shack Xuân 🤭,kalo,1,2023-11-18 03:14:34,Ếu .không 36.37.38 thì cũng 73-75 là cùng
Múc cùng shack Xuân 🤭,Linhht,2,2023-11-18 03:16:03,C có quê 37 đâu mà cg biết cá gỗ nè sách tiếng Việt bậc tiểu học
Múc cùng shack Xuân 🤭,kalo,1,2023-11-18 03:19:59,À biết cá gỗ thì sgk.còn biết cá gỗ là quê 37 thì chắc chắn hiểu rõ.1 là miền trung.2 là có tiếp xúc nhiều với 37. cũng đoán vui thôi chuỵ
Múc cùng shack Xuân 🤭,011167,0,2023-11-18 03:26:03,Ống bơ @Bernice vào chú nói nhỏ cái này
Múc cùng shack Xuân 🤭,Linhht,0,2023-11-18 03:27:43,Suy nuận hợp nhí đó
Múc cùng shack Xuân 🤭,Linhht,2,2023-11-18 03:38:14,Em sắp hết rảnh rồi. Tặng mọi người bài hát nghe thứ 7 cho đong đầy êu thươn
Múc cùng shack Xuân 🤭,Vuichoigiaitri,1,2023-11-18 04:35:44,Ghê đấy chanh chim nay nhận định về máng lợn mà vẫn cầm cổ đi ngược thì trường . Nhất chanh vui nhường đẳng cấp nói phét cho chanh
Múc cùng shack Xuân 🤭,Vuichoigiaitri,1,2023-11-18 04:35:44,Ghê đấy chanh chim nay nhận định về máng lợn mà vẫn cầm cổ đi ngược thì trường . Nhất chanh vui nhường đẳng cấp nói phét cho chanh
Múc cùng shack Xuân 🤭,Vuichoigiaitri,0,2023-11-18 04:36:50,Chanh =>>> cổ rác
Múc cùng shack Xuân 🤭,011167,0,2023-11-18 08:14:42,Thơ tình tặng Linh xinh cá gỗ tạch quả bơ Mùa đông năm nay đã đến rồi Bơ hơ hơ tạch cái thành linh xinh Dừơng đơn gối chiếc chăn bông mười một cái Phòng khi gió lạnh một mình với đêm khuya
Múc cùng shack Xuân 🤭,Linhht,2,2023-11-18 10:51:18,"Mời @Bernice sang đây giao lưu với Chanh người xưa nè, đang tưởng chị là Bơ hoá thân đây"
Múc cùng shack Xuân 🤭,011167,0,2023-11-18 23:57:09,Không phải quả bơ hử
Múc cùng shack Xuân 🤭,Linhht,0,2023-11-19 01:00:47,Đương nhiên không rồi
Múc cùng shack Xuân 🤭,011167,0,2023-11-19 01:16:49,Nàng có vẻ hiểu biết Suy nghĩ thấy tình đạt lý đấy hử
Múc cùng shack Xuân 🤭,Linhht,0,2023-11-19 02:03:15,"Cảm ơn Chanh quá khen, em chỉ dám tự nhận mình cởi mở: cởi mở với những khác biệt và tư duy trái chiều. Bởi vì… so am I"
Múc cùng shack Xuân 🤭,011167,0,2023-11-19 02:23:05,Ở F này chỉ là chém gió vui thôi .cổ cánh tăng hay giảm phụ thuộc vào các anh nhái hết .anh nói đúng không nàng
Múc cùng shack Xuân 🤭,Linhht,0,2023-11-19 02:34:41,"Cũng đúng nhưng ko hoàn toàn: vào những thời điểm nhạy cảm thì 1 giọt nước cũng có thể làm tràn ly, một con chim lợn cũng có thể đẩy mạnh hiệu ứng bán tháo. Vì thế phải thận trọng với những phát ngôn của mình vì nó có thể chỉ là đùa vui đối với mình nhưng lại gây tác hại cho ng khác."
Múc cùng shack Xuân 🤭,011167,0,2023-11-19 05:30:00,@Linhht chồng mấy con rồi hử nàng
Múc cùng shack Xuân 🤭,MissXuan,0,2023-11-19 06:16:35,Pic ế vãi đóng pic hoy
Múc cùng shack Xuân 🤭,011167,1,2023-11-19 06:18:33,Anh em đi du lịch cuối tuần hết cả rồi
Múc cùng shack Xuân 🤭,011167,0,2023-11-19 10:02:47,Có khi nào @Thu.Hang là quá bơ không ta hử @Linhht
Múc cùng shack Xuân 🤭,011167,0,2023-11-19 10:12:43,Cái hình này nhìn quen quen đấy
Múc cùng shack Xuân 🤭,Linhht,1,2023-11-19 10:36:34,"Chanh đừng đoán mò nữa, Bơ chỉ là Bơ thôi. Đây là chị em hội Fed, Bơ ko thuộc quân số của Hội"
Múc cùng shack Xuân 🤭,Thu.Hang,1,2023-11-19 11:16:18,Em ko phải là bơ của chanh nha nha😁em thấy bơ của chanh tái xuất rùi đó chanh đi tìm đi😜
Múc cùng shack Xuân 🤭,Linhht,0,2023-11-19 11:42:51,:))))   hình ảnh 1254×1440 97.8 KB 
Múc cùng shack Xuân 🤭,011167,0,2023-11-20 00:40:20,Nàng thấy ở pic nào vậy .anh vào gẹ bơ một tí
Múc cùng shack Xuân 🤭,011167,0,2023-11-20 00:42:26,:))))  Cái này là ý gì đó  @Linhht xinh cá gỗ
Múc cùng shack Xuân 🤭,Linhht,1,2023-11-19 10:36:34,"Chanh đừng đoán mò nữa, Bơ chỉ là Bơ thôi. Đây là chị em hội Fed, Bơ ko thuộc quân số của Hội"
Múc cùng shack Xuân 🤭,Thu.Hang,1,2023-11-19 11:16:18,Em ko phải là bơ của chanh nha nha😁em thấy bơ của chanh tái xuất rùi đó chanh đi tìm đi😜
Múc cùng shack Xuân 🤭,Linhht,0,2023-11-19 11:42:51,:))))   hình ảnh 1254×1440 97.8 KB 
Múc cùng shack Xuân 🤭,011167,0,2023-11-20 00:40:20,Nàng thấy ở pic nào vậy .anh vào gẹ bơ một tí
Múc cùng shack Xuân 🤭,011167,0,2023-11-20 00:42:26,:))))  Cái này là ý gì đó  @Linhht xinh cá gỗ
Múc cùng shack Xuân 🤭,thanh226,0,2023-11-20 01:31:35,"Tính theo chu kỳ, cơn sốt đất có thể xuất hiện giai đoạn 2025-2026. Tuy nhiên, theo chuyên gia, điều này còn phụ thuộc vào nhiều yếu tố. Đến nay, thị trường vẫn trầm lắng và dự kiến 2024 mới có thể hồi phục nhẹ."
Múc cùng shack Xuân 🤭,MissXuan,0,2023-11-20 01:33:18,Kính nhờ @SuperModerator khoá giùm Xuân pic . Thanks
Múc cùng shack Xuân 🤭,thanh226,0,2023-11-20 01:33:35,bựn quá à
Múc cùng shack Xuân 🤭,thanh226,0,2023-11-20 01:52:54,phom này chuẩn em Doanh thời trẻ đây dồi      
Múc cùng shack Xuân 🤭,NhamDoanhDoanh,0,2023-11-20 01:54:30,Thế mà bị ck đấm thân tàn ma dại
Múc cùng shack Xuân 🤭,thanh226,0,2023-11-20 01:55:11,đấm vào vùng hai đáy à Doanh? Phê cá
Múc cùng shack Xuân 🤭,NhamDoanhDoanh,1,2023-11-20 01:57:22,Hôm trước 1020 đáy 1 rồi nay tầm 1090 đáy 2
Múc cùng shack Xuân 🤭,thanh226,1,2023-11-20 01:59:46,"nện mạnh, full ma rên"
Múc cùng shack Xuân 🤭,kalo,0,2023-11-20 02:08:14,Đại ca mặn mẽ đó.
Múc cùng shack Xuân 🤭,Dau_Bep,0,2023-11-20 02:09:08,Húp đi lặng lẽ húp
Múc cùng shack Xuân 🤭,kalo,0,2023-11-20 02:12:12,E ngồi im hô tiến lên.tiến lên cho ae ai xông lên thì xông thôi. e sợ chơi bắt đáy lắm.
Múc cùng shack Xuân 🤭,Dau_Bep,0,2023-11-20 02:13:03,Xợ nhỉ
Múc cùng shack Xuân 🤭,kalo,1,2023-11-20 02:43:56,SZc vẫn là một thế lực nào đó nhỉ  @nhamdoanhdoanh
Múc cùng shack Xuân 🤭,Thu.Hang,1,2023-11-20 02:46:12,"Ko ,em ko nói cho chanh biết đâu chanh tự đi tìm nha"
Múc cùng shack Xuân 🤭,SuperModerator,0,2023-11-20 02:51:50,
